{
  "type": "FeatureCollection",
  "properties": {
    "hazard": "flood",
    "aoi_label": "richfield",
    "cell_size_m": 249.28249134316724,
    "mechanism_summary": {
      "n_cells": 418,
      "pct_riverine": 0.0,
      "pct_pluvial": 93.8,
      "pct_low_lying": 100.0,
      "pct_multi_mechanism": 93.8,
      "count_riverine": 0,
      "count_pluvial": 392,
      "count_low_lying": 418,
      "dominant_mechanism_type_counts": {
        "mixed": 392,
        "low_lying": 26
      },
      "pct_by_dominant_type": {
        "low_lying": 6.2,
        "mixed": 93.8
      }
    },
    "layer": "richfield_flood_mechanism_type",
    "site": "richfield"
  },
  "features": [
    {
      "id": "0",
      "type": "Feature",
      "properties": {
        "cell_id": "r0_c0",
        "row": 0,
        "col": 0,
        "dominant_nbs": null,
        "dominant_nbs_score": null,
        "riverine": false,
        "pluvial": true,
        "low_lying": true,
        "flood_mechanism_type": "mixed",
        "flood_mechanism_code": 5,
        "flood_score": 0.1818181872367859,
        "risk_score": 0.1775730550289154,
        "dist_river_m": 1509.5553616045559,
        "hazard_valid": true,
        "is_interpolated": false
      },
      "geometry": {
        "type": "Polygon",
        "coordinates": [
          [
            [
              -93.3169917143359,
              44.88881474745249
            ],
            [
              -93.3169917143359,
              44.89106053566279
            ],
            [
              -93.3192375025462,
              44.89106053566279
            ],
            [
              -93.3192375025462,
              44.88881474745249
            ],
            [
              -93.3169917143359,
              44.88881474745249
            ]
          ]
        ]
      }
    },
    {
      "id": "1",
      "type": "Feature",
      "properties": {
        "cell_id": "r0_c1",
        "row": 0,
        "col": 1,
        "dominant_nbs": null,
        "dominant_nbs_score": null,
        "riverine": false,
        "pluvial": true,
        "low_lying": true,
        "flood_mechanism_type": "mixed",
        "flood_mechanism_code": 5,
        "flood_score": 0.1818181872367859,
        "risk_score": 0.1775730550289154,
        "dist_river_m": 1597.721586362925,
        "hazard_valid": true,
        "is_interpolated": false
      },
      "geometry": {
        "type": "Polygon",
        "coordinates": [
          [
            [
              -93.31474592612561,
              44.88881474745249
            ],
            [
              -93.31474592612561,
              44.89106053566279
            ],
            [
              -93.3169917143359,
              44.89106053566279
            ],
            [
              -93.3169917143359,
              44.88881474745249
            ],
            [
              -93.31474592612561,
              44.88881474745249
            ]
          ]
        ]
      }
    },
    {
      "id": "2",
      "type": "Feature",
      "properties": {
        "cell_id": "r0_c2",
        "row": 0,
        "col": 2,
        "dominant_nbs": null,
        "dominant_nbs_score": null,
        "riverine": false,
        "pluvial": true,
        "low_lying": true,
        "flood_mechanism_type": "mixed",
        "flood_mechanism_code": 5,
        "flood_score": 0.1818181872367859,
        "risk_score": 0.1775730550289154,
        "dist_river_m": 1717.6654457968737,
        "hazard_valid": true,
        "is_interpolated": false
      },
      "geometry": {
        "type": "Polygon",
        "coordinates": [
          [
            [
              -93.31250013791531,
              44.88881474745249
            ],
            [
              -93.31250013791531,
              44.89106053566279
            ],
            [
              -93.31474592612561,
              44.89106053566279
            ],
            [
              -93.31474592612561,
              44.88881474745249
            ],
            [
              -93.31250013791531,
              44.88881474745249
            ]
          ]
        ]
      }
    },
    {
      "id": "3",
      "type": "Feature",
      "properties": {
        "cell_id": "r0_c3",
        "row": 0,
        "col": 3,
        "dominant_nbs": null,
        "dominant_nbs_score": null,
        "riverine": false,
        "pluvial": true,
        "low_lying": true,
        "flood_mechanism_type": "mixed",
        "flood_mechanism_code": 5,
        "flood_score": 0.1818181872367859,
        "risk_score": 0.1775730550289154,
        "dist_river_m": 1745.7537555359916,
        "hazard_valid": true,
        "is_interpolated": false
      },
      "geometry": {
        "type": "Polygon",
        "coordinates": [
          [
            [
              -93.310254349705,
              44.88881474745249
            ],
            [
              -93.310254349705,
              44.89106053566279
            ],
            [
              -93.31250013791531,
              44.89106053566279
            ],
            [
              -93.31250013791531,
              44.88881474745249
            ],
            [
              -93.310254349705,
              44.88881474745249
            ]
          ]
        ]
      }
    },
    {
      "id": "4",
      "type": "Feature",
      "properties": {
        "cell_id": "r0_c4",
        "row": 0,
        "col": 4,
        "dominant_nbs": null,
        "dominant_nbs_score": null,
        "riverine": false,
        "pluvial": true,
        "low_lying": true,
        "flood_mechanism_type": "mixed",
        "flood_mechanism_code": 5,
        "flood_score": 0.1818181872367859,
        "risk_score": 0.1775730550289154,
        "dist_river_m": 1803.6828556316877,
        "hazard_valid": true,
        "is_interpolated": false
      },
      "geometry": {
        "type": "Polygon",
        "coordinates": [
          [
            [
              -93.3080085614947,
              44.88881474745249
            ],
            [
              -93.3080085614947,
              44.89106053566279
            ],
            [
              -93.310254349705,
              44.89106053566279
            ],
            [
              -93.310254349705,
              44.88881474745249
            ],
            [
              -93.3080085614947,
              44.88881474745249
            ]
          ]
        ]
      }
    },
    {
      "id": "5",
      "type": "Feature",
      "properties": {
        "cell_id": "r0_c5",
        "row": 0,
        "col": 5,
        "dominant_nbs": null,
        "dominant_nbs_score": null,
        "riverine": false,
        "pluvial": true,
        "low_lying": true,
        "flood_mechanism_type": "mixed",
        "flood_mechanism_code": 5,
        "flood_score": 0.1818181872367859,
        "risk_score": 0.15307535231113434,
        "dist_river_m": 1892.9265789808849,
        "hazard_valid": true,
        "is_interpolated": false
      },
      "geometry": {
        "type": "Polygon",
        "coordinates": [
          [
            [
              -93.30576277328441,
              44.88881474745249
            ],
            [
              -93.30576277328441,
              44.89106053566279
            ],
            [
              -93.3080085614947,
              44.89106053566279
            ],
            [
              -93.3080085614947,
              44.88881474745249
            ],
            [
              -93.30576277328441,
              44.88881474745249
            ]
          ]
        ]
      }
    },
    {
      "id": "6",
      "type": "Feature",
      "properties": {
        "cell_id": "r0_c6",
        "row": 0,
        "col": 6,
        "dominant_nbs": null,
        "dominant_nbs_score": null,
        "riverine": false,
        "pluvial": true,
        "low_lying": true,
        "flood_mechanism_type": "mixed",
        "flood_mechanism_code": 5,
        "flood_score": 0.1818181872367859,
        "risk_score": 0.15307535231113434,
        "dist_river_m": 1966.9289040772233,
        "hazard_valid": true,
        "is_interpolated": false
      },
      "geometry": {
        "type": "Polygon",
        "coordinates": [
          [
            [
              -93.30351698507411,
              44.88881474745249
            ],
            [
              -93.30351698507411,
              44.89106053566279
            ],
            [
              -93.30576277328441,
              44.89106053566279
            ],
            [
              -93.30576277328441,
              44.88881474745249
            ],
            [
              -93.30351698507411,
              44.88881474745249
            ]
          ]
        ]
      }
    },
    {
      "id": "7",
      "type": "Feature",
      "properties": {
        "cell_id": "r0_c7",
        "row": 0,
        "col": 7,
        "dominant_nbs": null,
        "dominant_nbs_score": null,
        "riverine": false,
        "pluvial": true,
        "low_lying": true,
        "flood_mechanism_type": "mixed",
        "flood_mechanism_code": 5,
        "flood_score": 0.1818181872367859,
        "risk_score": 0.15307535231113434,
        "dist_river_m": 1996.517975631243,
        "hazard_valid": true,
        "is_interpolated": false
      },
      "geometry": {
        "type": "Polygon",
        "coordinates": [
          [
            [
              -93.30127119686381,
              44.88881474745249
            ],
            [
              -93.30127119686381,
              44.89106053566279
            ],
            [
              -93.30351698507411,
              44.89106053566279
            ],
            [
              -93.30351698507411,
              44.88881474745249
            ],
            [
              -93.30127119686381,
              44.88881474745249
            ]
          ]
        ]
      }
    },
    {
      "id": "8",
      "type": "Feature",
      "properties": {
        "cell_id": "r0_c8",
        "row": 0,
        "col": 8,
        "dominant_nbs": null,
        "dominant_nbs_score": null,
        "riverine": false,
        "pluvial": true,
        "low_lying": true,
        "flood_mechanism_type": "mixed",
        "flood_mechanism_code": 5,
        "flood_score": 0.1818181872367859,
        "risk_score": 0.15307535231113434,
        "dist_river_m": 2051.6769832936775,
        "hazard_valid": true,
        "is_interpolated": false
      },
      "geometry": {
        "type": "Polygon",
        "coordinates": [
          [
            [
              -93.2990254086535,
              44.88881474745249
            ],
            [
              -93.2990254086535,
              44.89106053566279
            ],
            [
              -93.30127119686381,
              44.89106053566279
            ],
            [
              -93.30127119686381,
              44.88881474745249
            ],
            [
              -93.2990254086535,
              44.88881474745249
            ]
          ]
        ]
      }
    },
    {
      "id": "9",
      "type": "Feature",
      "properties": {
        "cell_id": "r0_c9",
        "row": 0,
        "col": 9,
        "dominant_nbs": null,
        "dominant_nbs_score": null,
        "riverine": false,
        "pluvial": true,
        "low_lying": true,
        "flood_mechanism_type": "mixed",
        "flood_mechanism_code": 5,
        "flood_score": 0.1818181872367859,
        "risk_score": 0.15307535231113434,
        "dist_river_m": 2039.1914196889247,
        "hazard_valid": true,
        "is_interpolated": false
      },
      "geometry": {
        "type": "Polygon",
        "coordinates": [
          [
            [
              -93.29677962044322,
              44.88881474745249
            ],
            [
              -93.29677962044322,
              44.89106053566279
            ],
            [
              -93.2990254086535,
              44.89106053566279
            ],
            [
              -93.2990254086535,
              44.88881474745249
            ],
            [
              -93.29677962044322,
              44.88881474745249
            ]
          ]
        ]
      }
    },
    {
      "id": "10",
      "type": "Feature",
      "properties": {
        "cell_id": "r0_c10",
        "row": 0,
        "col": 10,
        "dominant_nbs": null,
        "dominant_nbs_score": null,
        "riverine": false,
        "pluvial": true,
        "low_lying": true,
        "flood_mechanism_type": "mixed",
        "flood_mechanism_code": 5,
        "flood_score": 0.1818181872367859,
        "risk_score": 0.33454832434654236,
        "dist_river_m": 2023.4312773944864,
        "hazard_valid": true,
        "is_interpolated": false
      },
      "geometry": {
        "type": "Polygon",
        "coordinates": [
          [
            [
              -93.29453383223291,
              44.88881474745249
            ],
            [
              -93.29453383223291,
              44.89106053566279
            ],
            [
              -93.29677962044322,
              44.89106053566279
            ],
            [
              -93.29677962044322,
              44.88881474745249
            ],
            [
              -93.29453383223291,
              44.88881474745249
            ]
          ]
        ]
      }
    },
    {
      "id": "11",
      "type": "Feature",
      "properties": {
        "cell_id": "r0_c11",
        "row": 0,
        "col": 11,
        "dominant_nbs": null,
        "dominant_nbs_score": null,
        "riverine": false,
        "pluvial": true,
        "low_lying": true,
        "flood_mechanism_type": "mixed",
        "flood_mechanism_code": 5,
        "flood_score": 0.1818181872367859,
        "risk_score": null,
        "dist_river_m": 2014.86298178214,
        "hazard_valid": true,
        "is_interpolated": false
      },
      "geometry": {
        "type": "Polygon",
        "coordinates": [
          [
            [
              -93.29228804402261,
              44.88881474745249
            ],
            [
              -93.29228804402261,
              44.89106053566279
            ],
            [
              -93.29453383223291,
              44.89106053566279
            ],
            [
              -93.29453383223291,
              44.88881474745249
            ],
            [
              -93.29228804402261,
              44.88881474745249
            ]
          ]
        ]
      }
    },
    {
      "id": "12",
      "type": "Feature",
      "properties": {
        "cell_id": "r0_c12",
        "row": 0,
        "col": 12,
        "dominant_nbs": null,
        "dominant_nbs_score": null,
        "riverine": false,
        "pluvial": true,
        "low_lying": true,
        "flood_mechanism_type": "mixed",
        "flood_mechanism_code": 5,
        "flood_score": 0.1818181872367859,
        "risk_score": 0.33454832434654236,
        "dist_river_m": 1998.8080160837521,
        "hazard_valid": true,
        "is_interpolated": false
      },
      "geometry": {
        "type": "Polygon",
        "coordinates": [
          [
            [
              -93.29004225581232,
              44.88881474745249
            ],
            [
              -93.29004225581232,
              44.89106053566279
            ],
            [
              -93.29228804402261,
              44.89106053566279
            ],
            [
              -93.29228804402261,
              44.88881474745249
            ],
            [
              -93.29004225581232,
              44.88881474745249
            ]
          ]
        ]
      }
    },
    {
      "id": "13",
      "type": "Feature",
      "properties": {
        "cell_id": "r0_c13",
        "row": 0,
        "col": 13,
        "dominant_nbs": null,
        "dominant_nbs_score": null,
        "riverine": false,
        "pluvial": true,
        "low_lying": true,
        "flood_mechanism_type": "mixed",
        "flood_mechanism_code": 5,
        "flood_score": 0.1818181872367859,
        "risk_score": 0.33454832434654236,
        "dist_river_m": 1966.1037945156427,
        "hazard_valid": true,
        "is_interpolated": false
      },
      "geometry": {
        "type": "Polygon",
        "coordinates": [
          [
            [
              -93.28779646760202,
              44.88881474745249
            ],
            [
              -93.28779646760202,
              44.89106053566279
            ],
            [
              -93.29004225581232,
              44.89106053566279
            ],
            [
              -93.29004225581232,
              44.88881474745249
            ],
            [
              -93.28779646760202,
              44.88881474745249
            ]
          ]
        ]
      }
    },
    {
      "id": "14",
      "type": "Feature",
      "properties": {
        "cell_id": "r0_c14",
        "row": 0,
        "col": 14,
        "dominant_nbs": null,
        "dominant_nbs_score": null,
        "riverine": false,
        "pluvial": true,
        "low_lying": true,
        "flood_mechanism_type": "mixed",
        "flood_mechanism_code": 5,
        "flood_score": 0.1818181872367859,
        "risk_score": 0.18897901475429535,
        "dist_river_m": 1875.3703318918847,
        "hazard_valid": true,
        "is_interpolated": false
      },
      "geometry": {
        "type": "Polygon",
        "coordinates": [
          [
            [
              -93.28555067939172,
              44.88881474745249
            ],
            [
              -93.28555067939172,
              44.89106053566279
            ],
            [
              -93.28779646760202,
              44.89106053566279
            ],
            [
              -93.28779646760202,
              44.88881474745249
            ],
            [
              -93.28555067939172,
              44.88881474745249
            ]
          ]
        ]
      }
    },
    {
      "id": "15",
      "type": "Feature",
      "properties": {
        "cell_id": "r0_c15",
        "row": 0,
        "col": 15,
        "dominant_nbs": null,
        "dominant_nbs_score": null,
        "riverine": false,
        "pluvial": true,
        "low_lying": true,
        "flood_mechanism_type": "mixed",
        "flood_mechanism_code": 5,
        "flood_score": 0.1818181872367859,
        "risk_score": 0.18897901475429535,
        "dist_river_m": 1813.250341159888,
        "hazard_valid": true,
        "is_interpolated": false
      },
      "geometry": {
        "type": "Polygon",
        "coordinates": [
          [
            [
              -93.28330489118142,
              44.88881474745249
            ],
            [
              -93.28330489118142,
              44.89106053566279
            ],
            [
              -93.28555067939172,
              44.89106053566279
            ],
            [
              -93.28555067939172,
              44.88881474745249
            ],
            [
              -93.28330489118142,
              44.88881474745249
            ]
          ]
        ]
      }
    },
    {
      "id": "16",
      "type": "Feature",
      "properties": {
        "cell_id": "r0_c16",
        "row": 0,
        "col": 16,
        "dominant_nbs": null,
        "dominant_nbs_score": null,
        "riverine": false,
        "pluvial": true,
        "low_lying": true,
        "flood_mechanism_type": "mixed",
        "flood_mechanism_code": 5,
        "flood_score": 0.1818181872367859,
        "risk_score": 0.18897901475429535,
        "dist_river_m": 1779.6599811570895,
        "hazard_valid": true,
        "is_interpolated": false
      },
      "geometry": {
        "type": "Polygon",
        "coordinates": [
          [
            [
              -93.28105910297113,
              44.88881474745249
            ],
            [
              -93.28105910297113,
              44.89106053566279
            ],
            [
              -93.28330489118142,
              44.89106053566279
            ],
            [
              -93.28330489118142,
              44.88881474745249
            ],
            [
              -93.28105910297113,
              44.88881474745249
            ]
          ]
        ]
      }
    },
    {
      "id": "17",
      "type": "Feature",
      "properties": {
        "cell_id": "r0_c17",
        "row": 0,
        "col": 17,
        "dominant_nbs": null,
        "dominant_nbs_score": null,
        "riverine": false,
        "pluvial": true,
        "low_lying": true,
        "flood_mechanism_type": "mixed",
        "flood_mechanism_code": 5,
        "flood_score": 0.1818181872367859,
        "risk_score": 0.18897901475429535,
        "dist_river_m": 1765.0894507791043,
        "hazard_valid": true,
        "is_interpolated": false
      },
      "geometry": {
        "type": "Polygon",
        "coordinates": [
          [
            [
              -93.27881331476082,
              44.88881474745249
            ],
            [
              -93.27881331476082,
              44.89106053566279
            ],
            [
              -93.28105910297113,
              44.89106053566279
            ],
            [
              -93.28105910297113,
              44.88881474745249
            ],
            [
              -93.27881331476082,
              44.88881474745249
            ]
          ]
        ]
      }
    },
    {
      "id": "18",
      "type": "Feature",
      "properties": {
        "cell_id": "r0_c18",
        "row": 0,
        "col": 18,
        "dominant_nbs": null,
        "dominant_nbs_score": null,
        "riverine": false,
        "pluvial": true,
        "low_lying": true,
        "flood_mechanism_type": "mixed",
        "flood_mechanism_code": 5,
        "flood_score": 0.1818181872367859,
        "risk_score": 0.18897901475429535,
        "dist_river_m": 1782.5929185949622,
        "hazard_valid": true,
        "is_interpolated": false
      },
      "geometry": {
        "type": "Polygon",
        "coordinates": [
          [
            [
              -93.27656752655052,
              44.88881474745249
            ],
            [
              -93.27656752655052,
              44.89106053566279
            ],
            [
              -93.27881331476082,
              44.89106053566279
            ],
            [
              -93.27881331476082,
              44.88881474745249
            ],
            [
              -93.27656752655052,
              44.88881474745249
            ]
          ]
        ]
      }
    },
    {
      "id": "19",
      "type": "Feature",
      "properties": {
        "cell_id": "r0_c19",
        "row": 0,
        "col": 19,
        "dominant_nbs": null,
        "dominant_nbs_score": null,
        "riverine": false,
        "pluvial": true,
        "low_lying": true,
        "flood_mechanism_type": "mixed",
        "flood_mechanism_code": 5,
        "flood_score": 0.1818181872367859,
        "risk_score": 0.18897901475429535,
        "dist_river_m": 1830.9370201752627,
        "hazard_valid": true,
        "is_interpolated": false
      },
      "geometry": {
        "type": "Polygon",
        "coordinates": [
          [
            [
              -93.27432173834022,
              44.88881474745249
            ],
            [
              -93.27432173834022,
              44.89106053566279
            ],
            [
              -93.27656752655052,
              44.89106053566279
            ],
            [
              -93.27656752655052,
              44.88881474745249
            ],
            [
              -93.27432173834022,
              44.88881474745249
            ]
          ]
        ]
      }
    },
    {
      "id": "20",
      "type": "Feature",
      "properties": {
        "cell_id": "r0_c20",
        "row": 0,
        "col": 20,
        "dominant_nbs": null,
        "dominant_nbs_score": null,
        "riverine": false,
        "pluvial": true,
        "low_lying": true,
        "flood_mechanism_type": "mixed",
        "flood_mechanism_code": 5,
        "flood_score": 0.1818181872367859,
        "risk_score": 0.0,
        "dist_river_m": 1907.225061023485,
        "hazard_valid": true,
        "is_interpolated": false
      },
      "geometry": {
        "type": "Polygon",
        "coordinates": [
          [
            [
              -93.27207595012993,
              44.88881474745249
            ],
            [
              -93.27207595012993,
              44.89106053566279
            ],
            [
              -93.27432173834022,
              44.89106053566279
            ],
            [
              -93.27432173834022,
              44.88881474745249
            ],
            [
              -93.27207595012993,
              44.88881474745249
            ]
          ]
        ]
      }
    },
    {
      "id": "21",
      "type": "Feature",
      "properties": {
        "cell_id": "r0_c21",
        "row": 0,
        "col": 21,
        "dominant_nbs": null,
        "dominant_nbs_score": null,
        "riverine": false,
        "pluvial": true,
        "low_lying": true,
        "flood_mechanism_type": "mixed",
        "flood_mechanism_code": 5,
        "flood_score": 0.1818181872367859,
        "risk_score": 0.0,
        "dist_river_m": 2005.1932505420773,
        "hazard_valid": true,
        "is_interpolated": false
      },
      "geometry": {
        "type": "Polygon",
        "coordinates": [
          [
            [
              -93.26983016191963,
              44.88881474745249
            ],
            [
              -93.26983016191963,
              44.89106053566279
            ],
            [
              -93.27207595012993,
              44.89106053566279
            ],
            [
              -93.27207595012993,
              44.88881474745249
            ],
            [
              -93.26983016191963,
              44.88881474745249
            ]
          ]
        ]
      }
    },
    {
      "id": "22",
      "type": "Feature",
      "properties": {
        "cell_id": "r0_c22",
        "row": 0,
        "col": 22,
        "dominant_nbs": null,
        "dominant_nbs_score": null,
        "riverine": false,
        "pluvial": true,
        "low_lying": true,
        "flood_mechanism_type": "mixed",
        "flood_mechanism_code": 5,
        "flood_score": 0.1818181872367859,
        "risk_score": 0.0,
        "dist_river_m": 2126.898865493943,
        "hazard_valid": true,
        "is_interpolated": false
      },
      "geometry": {
        "type": "Polygon",
        "coordinates": [
          [
            [
              -93.26758437370933,
              44.88881474745249
            ],
            [
              -93.26758437370933,
              44.89106053566279
            ],
            [
              -93.26983016191963,
              44.89106053566279
            ],
            [
              -93.26983016191963,
              44.88881474745249
            ],
            [
              -93.26758437370933,
              44.88881474745249
            ]
          ]
        ]
      }
    },
    {
      "id": "23",
      "type": "Feature",
      "properties": {
        "cell_id": "r0_c23",
        "row": 0,
        "col": 23,
        "dominant_nbs": null,
        "dominant_nbs_score": null,
        "riverine": false,
        "pluvial": true,
        "low_lying": true,
        "flood_mechanism_type": "mixed",
        "flood_mechanism_code": 5,
        "flood_score": 0.1818181872367859,
        "risk_score": 0.0,
        "dist_river_m": 2269.529876180124,
        "hazard_valid": true,
        "is_interpolated": false
      },
      "geometry": {
        "type": "Polygon",
        "coordinates": [
          [
            [
              -93.26533858549902,
              44.88881474745249
            ],
            [
              -93.26533858549902,
              44.89106053566279
            ],
            [
              -93.26758437370933,
              44.89106053566279
            ],
            [
              -93.26758437370933,
              44.88881474745249
            ],
            [
              -93.26533858549902,
              44.88881474745249
            ]
          ]
        ]
      }
    },
    {
      "id": "24",
      "type": "Feature",
      "properties": {
        "cell_id": "r0_c24",
        "row": 0,
        "col": 24,
        "dominant_nbs": null,
        "dominant_nbs_score": null,
        "riverine": false,
        "pluvial": false,
        "low_lying": true,
        "flood_mechanism_type": "low_lying",
        "flood_mechanism_code": 3,
        "flood_score": 0.1818181872367859,
        "risk_score": 0.0,
        "dist_river_m": 2333.2823215483013,
        "hazard_valid": true,
        "is_interpolated": false
      },
      "geometry": {
        "type": "Polygon",
        "coordinates": [
          [
            [
              -93.26309279728873,
              44.88881474745249
            ],
            [
              -93.26309279728873,
              44.89106053566279
            ],
            [
              -93.26533858549902,
              44.89106053566279
            ],
            [
              -93.26533858549902,
              44.88881474745249
            ],
            [
              -93.26309279728873,
              44.88881474745249
            ]
          ]
        ]
      }
    },
    {
      "id": "25",
      "type": "Feature",
      "properties": {
        "cell_id": "r0_c25",
        "row": 0,
        "col": 25,
        "dominant_nbs": null,
        "dominant_nbs_score": null,
        "riverine": false,
        "pluvial": false,
        "low_lying": true,
        "flood_mechanism_type": "low_lying",
        "flood_mechanism_code": 3,
        "flood_score": 0.1818181872367859,
        "risk_score": 0.0,
        "dist_river_m": 2346.5242796036646,
        "hazard_valid": true,
        "is_interpolated": false
      },
      "geometry": {
        "type": "Polygon",
        "coordinates": [
          [
            [
              -93.26084700907843,
              44.88881474745249
            ],
            [
              -93.26084700907843,
              44.89106053566279
            ],
            [
              -93.26309279728873,
              44.89106053566279
            ],
            [
              -93.26309279728873,
              44.88881474745249
            ],
            [
              -93.26084700907843,
              44.88881474745249
            ]
          ]
        ]
      }
    },
    {
      "id": "26",
      "type": "Feature",
      "properties": {
        "cell_id": "r0_c26",
        "row": 0,
        "col": 26,
        "dominant_nbs": null,
        "dominant_nbs_score": null,
        "riverine": false,
        "pluvial": true,
        "low_lying": true,
        "flood_mechanism_type": "mixed",
        "flood_mechanism_code": 5,
        "flood_score": 0.1818181872367859,
        "risk_score": 0.0,
        "dist_river_m": 2378.228505483485,
        "hazard_valid": true,
        "is_interpolated": false
      },
      "geometry": {
        "type": "Polygon",
        "coordinates": [
          [
            [
              -93.25860122086813,
              44.88881474745249
            ],
            [
              -93.25860122086813,
              44.89106053566279
            ],
            [
              -93.26084700907843,
              44.89106053566279
            ],
            [
              -93.26084700907843,
              44.88881474745249
            ],
            [
              -93.25860122086813,
              44.88881474745249
            ]
          ]
        ]
      }
    },
    {
      "id": "27",
      "type": "Feature",
      "properties": {
        "cell_id": "r0_c27",
        "row": 0,
        "col": 27,
        "dominant_nbs": null,
        "dominant_nbs_score": null,
        "riverine": false,
        "pluvial": true,
        "low_lying": true,
        "flood_mechanism_type": "mixed",
        "flood_mechanism_code": 5,
        "flood_score": 0.1818181872367859,
        "risk_score": 0.12246697396039963,
        "dist_river_m": 2424.7786877042004,
        "hazard_valid": true,
        "is_interpolated": false
      },
      "geometry": {
        "type": "Polygon",
        "coordinates": [
          [
            [
              -93.25635543265784,
              44.88881474745249
            ],
            [
              -93.25635543265784,
              44.89106053566279
            ],
            [
              -93.25860122086813,
              44.89106053566279
            ],
            [
              -93.25860122086813,
              44.88881474745249
            ],
            [
              -93.25635543265784,
              44.88881474745249
            ]
          ]
        ]
      }
    },
    {
      "id": "28",
      "type": "Feature",
      "properties": {
        "cell_id": "r0_c28",
        "row": 0,
        "col": 28,
        "dominant_nbs": null,
        "dominant_nbs_score": null,
        "riverine": false,
        "pluvial": true,
        "low_lying": true,
        "flood_mechanism_type": "mixed",
        "flood_mechanism_code": 5,
        "flood_score": 0.1818181872367859,
        "risk_score": 0.12246697396039963,
        "dist_river_m": 2495.4791254132215,
        "hazard_valid": true,
        "is_interpolated": false
      },
      "geometry": {
        "type": "Polygon",
        "coordinates": [
          [
            [
              -93.25410964444754,
              44.88881474745249
            ],
            [
              -93.25410964444754,
              44.89106053566279
            ],
            [
              -93.25635543265784,
              44.89106053566279
            ],
            [
              -93.25635543265784,
              44.88881474745249
            ],
            [
              -93.25410964444754,
              44.88881474745249
            ]
          ]
        ]
      }
    },
    {
      "id": "29",
      "type": "Feature",
      "properties": {
        "cell_id": "r0_c29",
        "row": 0,
        "col": 29,
        "dominant_nbs": null,
        "dominant_nbs_score": null,
        "riverine": false,
        "pluvial": true,
        "low_lying": true,
        "flood_mechanism_type": "mixed",
        "flood_mechanism_code": 5,
        "flood_score": 0.1818181872367859,
        "risk_score": 0.12246697396039963,
        "dist_river_m": 2588.351592690706,
        "hazard_valid": true,
        "is_interpolated": false
      },
      "geometry": {
        "type": "Polygon",
        "coordinates": [
          [
            [
              -93.25186385623724,
              44.88881474745249
            ],
            [
              -93.25186385623724,
              44.89106053566279
            ],
            [
              -93.25410964444754,
              44.89106053566279
            ],
            [
              -93.25410964444754,
              44.88881474745249
            ],
            [
              -93.25186385623724,
              44.88881474745249
            ]
          ]
        ]
      }
    },
    {
      "id": "30",
      "type": "Feature",
      "properties": {
        "cell_id": "r0_c30",
        "row": 0,
        "col": 30,
        "dominant_nbs": null,
        "dominant_nbs_score": null,
        "riverine": false,
        "pluvial": true,
        "low_lying": true,
        "flood_mechanism_type": "mixed",
        "flood_mechanism_code": 5,
        "flood_score": 0.1818181872367859,
        "risk_score": 0.12246697396039963,
        "dist_river_m": 2701.1100292984793,
        "hazard_valid": true,
        "is_interpolated": false
      },
      "geometry": {
        "type": "Polygon",
        "coordinates": [
          [
            [
              -93.24961806802693,
              44.88881474745249
            ],
            [
              -93.24961806802693,
              44.89106053566279
            ],
            [
              -93.25186385623724,
              44.89106053566279
            ],
            [
              -93.25186385623724,
              44.88881474745249
            ],
            [
              -93.24961806802693,
              44.88881474745249
            ]
          ]
        ]
      }
    },
    {
      "id": "31",
      "type": "Feature",
      "properties": {
        "cell_id": "r0_c31",
        "row": 0,
        "col": 31,
        "dominant_nbs": null,
        "dominant_nbs_score": null,
        "riverine": false,
        "pluvial": true,
        "low_lying": true,
        "flood_mechanism_type": "mixed",
        "flood_mechanism_code": 5,
        "flood_score": 0.203125,
        "risk_score": 0.12707525491714478,
        "dist_river_m": 2831.379581467325,
        "hazard_valid": true,
        "is_interpolated": false
      },
      "geometry": {
        "type": "Polygon",
        "coordinates": [
          [
            [
              -93.24737227981664,
              44.88881474745249
            ],
            [
              -93.24737227981664,
              44.89106053566279
            ],
            [
              -93.24961806802693,
              44.89106053566279
            ],
            [
              -93.24961806802693,
              44.88881474745249
            ],
            [
              -93.24737227981664,
              44.88881474745249
            ]
          ]
        ]
      }
    },
    {
      "id": "32",
      "type": "Feature",
      "properties": {
        "cell_id": "r1_c0",
        "row": 1,
        "col": 0,
        "dominant_nbs": null,
        "dominant_nbs_score": null,
        "riverine": false,
        "pluvial": true,
        "low_lying": true,
        "flood_mechanism_type": "mixed",
        "flood_mechanism_code": 5,
        "flood_score": 0.1818181872367859,
        "risk_score": 0.1775730550289154,
        "dist_river_m": 1689.9720509766366,
        "hazard_valid": true,
        "is_interpolated": false
      },
      "geometry": {
        "type": "Polygon",
        "coordinates": [
          [
            [
              -93.3169917143359,
              44.88656895924219
            ],
            [
              -93.3169917143359,
              44.88881474745249
            ],
            [
              -93.3192375025462,
              44.88881474745249
            ],
            [
              -93.3192375025462,
              44.88656895924219
            ],
            [
              -93.3169917143359,
              44.88656895924219
            ]
          ]
        ]
      }
    },
    {
      "id": "33",
      "type": "Feature",
      "properties": {
        "cell_id": "r1_c1",
        "row": 1,
        "col": 1,
        "dominant_nbs": null,
        "dominant_nbs_score": null,
        "riverine": false,
        "pluvial": true,
        "low_lying": true,
        "flood_mechanism_type": "mixed",
        "flood_mechanism_code": 5,
        "flood_score": 0.1818181872367859,
        "risk_score": 0.1775730550289154,
        "dist_river_m": 1826.8321404231447,
        "hazard_valid": true,
        "is_interpolated": false
      },
      "geometry": {
        "type": "Polygon",
        "coordinates": [
          [
            [
              -93.31474592612561,
              44.88656895924219
            ],
            [
              -93.31474592612561,
              44.88881474745249
            ],
            [
              -93.3169917143359,
              44.88881474745249
            ],
            [
              -93.3169917143359,
              44.88656895924219
            ],
            [
              -93.31474592612561,
              44.88656895924219
            ]
          ]
        ]
      }
    },
    {
      "id": "34",
      "type": "Feature",
      "properties": {
        "cell_id": "r1_c2",
        "row": 1,
        "col": 2,
        "dominant_nbs": null,
        "dominant_nbs_score": null,
        "riverine": false,
        "pluvial": true,
        "low_lying": true,
        "flood_mechanism_type": "mixed",
        "flood_mechanism_code": 5,
        "flood_score": 0.1818181872367859,
        "risk_score": 0.1775730550289154,
        "dist_river_m": 1932.608596027017,
        "hazard_valid": true,
        "is_interpolated": false
      },
      "geometry": {
        "type": "Polygon",
        "coordinates": [
          [
            [
              -93.31250013791531,
              44.88656895924219
            ],
            [
              -93.31250013791531,
              44.88881474745249
            ],
            [
              -93.31474592612561,
              44.88881474745249
            ],
            [
              -93.31474592612561,
              44.88656895924219
            ],
            [
              -93.31250013791531,
              44.88656895924219
            ]
          ]
        ]
      }
    },
    {
      "id": "35",
      "type": "Feature",
      "properties": {
        "cell_id": "r1_c3",
        "row": 1,
        "col": 3,
        "dominant_nbs": null,
        "dominant_nbs_score": null,
        "riverine": false,
        "pluvial": true,
        "low_lying": true,
        "flood_mechanism_type": "mixed",
        "flood_mechanism_code": 5,
        "flood_score": 0.1818181872367859,
        "risk_score": 0.1775730550289154,
        "dist_river_m": 1992.049927381763,
        "hazard_valid": true,
        "is_interpolated": false
      },
      "geometry": {
        "type": "Polygon",
        "coordinates": [
          [
            [
              -93.310254349705,
              44.88656895924219
            ],
            [
              -93.310254349705,
              44.88881474745249
            ],
            [
              -93.31250013791531,
              44.88881474745249
            ],
            [
              -93.31250013791531,
              44.88656895924219
            ],
            [
              -93.310254349705,
              44.88656895924219
            ]
          ]
        ]
      }
    },
    {
      "id": "36",
      "type": "Feature",
      "properties": {
        "cell_id": "r1_c4",
        "row": 1,
        "col": 4,
        "dominant_nbs": null,
        "dominant_nbs_score": null,
        "riverine": false,
        "pluvial": true,
        "low_lying": true,
        "flood_mechanism_type": "mixed",
        "flood_mechanism_code": 5,
        "flood_score": 0.1818181872367859,
        "risk_score": 0.1775730550289154,
        "dist_river_m": 2043.0072398093328,
        "hazard_valid": true,
        "is_interpolated": false
      },
      "geometry": {
        "type": "Polygon",
        "coordinates": [
          [
            [
              -93.3080085614947,
              44.88656895924219
            ],
            [
              -93.3080085614947,
              44.88881474745249
            ],
            [
              -93.310254349705,
              44.88881474745249
            ],
            [
              -93.310254349705,
              44.88656895924219
            ],
            [
              -93.3080085614947,
              44.88656895924219
            ]
          ]
        ]
      }
    },
    {
      "id": "37",
      "type": "Feature",
      "properties": {
        "cell_id": "r1_c5",
        "row": 1,
        "col": 5,
        "dominant_nbs": null,
        "dominant_nbs_score": null,
        "riverine": false,
        "pluvial": true,
        "low_lying": true,
        "flood_mechanism_type": "mixed",
        "flood_mechanism_code": 5,
        "flood_score": 0.1818181872367859,
        "risk_score": 0.20986950397491455,
        "dist_river_m": 2122.2105860696165,
        "hazard_valid": true,
        "is_interpolated": false
      },
      "geometry": {
        "type": "Polygon",
        "coordinates": [
          [
            [
              -93.30576277328441,
              44.88656895924219
            ],
            [
              -93.30576277328441,
              44.88881474745249
            ],
            [
              -93.3080085614947,
              44.88881474745249
            ],
            [
              -93.3080085614947,
              44.88656895924219
            ],
            [
              -93.30576277328441,
              44.88656895924219
            ]
          ]
        ]
      }
    },
    {
      "id": "38",
      "type": "Feature",
      "properties": {
        "cell_id": "r1_c6",
        "row": 1,
        "col": 6,
        "dominant_nbs": null,
        "dominant_nbs_score": null,
        "riverine": false,
        "pluvial": true,
        "low_lying": true,
        "flood_mechanism_type": "mixed",
        "flood_mechanism_code": 5,
        "flood_score": 0.1818181872367859,
        "risk_score": 0.20986950397491455,
        "dist_river_m": 2215.787826935907,
        "hazard_valid": true,
        "is_interpolated": false
      },
      "geometry": {
        "type": "Polygon",
        "coordinates": [
          [
            [
              -93.30351698507411,
              44.88656895924219
            ],
            [
              -93.30351698507411,
              44.88881474745249
            ],
            [
              -93.30576277328441,
              44.88881474745249
            ],
            [
              -93.30576277328441,
              44.88656895924219
            ],
            [
              -93.30351698507411,
              44.88656895924219
            ]
          ]
        ]
      }
    },
    {
      "id": "39",
      "type": "Feature",
      "properties": {
        "cell_id": "r1_c7",
        "row": 1,
        "col": 7,
        "dominant_nbs": null,
        "dominant_nbs_score": null,
        "riverine": false,
        "pluvial": true,
        "low_lying": true,
        "flood_mechanism_type": "mixed",
        "flood_mechanism_code": 5,
        "flood_score": 0.1818181872367859,
        "risk_score": 0.20986950397491455,
        "dist_river_m": 2242.874927495537,
        "hazard_valid": true,
        "is_interpolated": false
      },
      "geometry": {
        "type": "Polygon",
        "coordinates": [
          [
            [
              -93.30127119686381,
              44.88656895924219
            ],
            [
              -93.30127119686381,
              44.88881474745249
            ],
            [
              -93.30351698507411,
              44.88881474745249
            ],
            [
              -93.30351698507411,
              44.88656895924219
            ],
            [
              -93.30127119686381,
              44.88656895924219
            ]
          ]
        ]
      }
    },
    {
      "id": "40",
      "type": "Feature",
      "properties": {
        "cell_id": "r1_c8",
        "row": 1,
        "col": 8,
        "dominant_nbs": null,
        "dominant_nbs_score": null,
        "riverine": false,
        "pluvial": true,
        "low_lying": true,
        "flood_mechanism_type": "mixed",
        "flood_mechanism_code": 5,
        "flood_score": 0.1818181872367859,
        "risk_score": 0.15307535231113434,
        "dist_river_m": 2292.1130768673875,
        "hazard_valid": true,
        "is_interpolated": false
      },
      "geometry": {
        "type": "Polygon",
        "coordinates": [
          [
            [
              -93.2990254086535,
              44.88656895924219
            ],
            [
              -93.2990254086535,
              44.88881474745249
            ],
            [
              -93.30127119686381,
              44.88881474745249
            ],
            [
              -93.30127119686381,
              44.88656895924219
            ],
            [
              -93.2990254086535,
              44.88656895924219
            ]
          ]
        ]
      }
    },
    {
      "id": "41",
      "type": "Feature",
      "properties": {
        "cell_id": "r1_c9",
        "row": 1,
        "col": 9,
        "dominant_nbs": null,
        "dominant_nbs_score": null,
        "riverine": false,
        "pluvial": true,
        "low_lying": true,
        "flood_mechanism_type": "mixed",
        "flood_mechanism_code": 5,
        "flood_score": 0.1818181872367859,
        "risk_score": 0.15307535231113434,
        "dist_river_m": 2286.9773139704034,
        "hazard_valid": true,
        "is_interpolated": false
      },
      "geometry": {
        "type": "Polygon",
        "coordinates": [
          [
            [
              -93.29677962044322,
              44.88656895924219
            ],
            [
              -93.29677962044322,
              44.88881474745249
            ],
            [
              -93.2990254086535,
              44.88881474745249
            ],
            [
              -93.2990254086535,
              44.88656895924219
            ],
            [
              -93.29677962044322,
              44.88656895924219
            ]
          ]
        ]
      }
    },
    {
      "id": "42",
      "type": "Feature",
      "properties": {
        "cell_id": "r1_c10",
        "row": 1,
        "col": 10,
        "dominant_nbs": null,
        "dominant_nbs_score": null,
        "riverine": false,
        "pluvial": true,
        "low_lying": true,
        "flood_mechanism_type": "mixed",
        "flood_mechanism_code": 5,
        "flood_score": 0.1818181872367859,
        "risk_score": 0.33454832434654236,
        "dist_river_m": 2272.6973060318023,
        "hazard_valid": true,
        "is_interpolated": false
      },
      "geometry": {
        "type": "Polygon",
        "coordinates": [
          [
            [
              -93.29453383223291,
              44.88656895924219
            ],
            [
              -93.29453383223291,
              44.88881474745249
            ],
            [
              -93.29677962044322,
              44.88881474745249
            ],
            [
              -93.29677962044322,
              44.88656895924219
            ],
            [
              -93.29453383223291,
              44.88656895924219
            ]
          ]
        ]
      }
    },
    {
      "id": "43",
      "type": "Feature",
      "properties": {
        "cell_id": "r1_c11",
        "row": 1,
        "col": 11,
        "dominant_nbs": null,
        "dominant_nbs_score": null,
        "riverine": false,
        "pluvial": true,
        "low_lying": true,
        "flood_mechanism_type": "mixed",
        "flood_mechanism_code": 5,
        "flood_score": 0.1818181872367859,
        "risk_score": 0.33454832434654236,
        "dist_river_m": 2263.322106053169,
        "hazard_valid": true,
        "is_interpolated": false
      },
      "geometry": {
        "type": "Polygon",
        "coordinates": [
          [
            [
              -93.29228804402261,
              44.88656895924219
            ],
            [
              -93.29228804402261,
              44.88881474745249
            ],
            [
              -93.29453383223291,
              44.88881474745249
            ],
            [
              -93.29453383223291,
              44.88656895924219
            ],
            [
              -93.29228804402261,
              44.88656895924219
            ]
          ]
        ]
      }
    },
    {
      "id": "44",
      "type": "Feature",
      "properties": {
        "cell_id": "r1_c12",
        "row": 1,
        "col": 12,
        "dominant_nbs": null,
        "dominant_nbs_score": null,
        "riverine": false,
        "pluvial": true,
        "low_lying": true,
        "flood_mechanism_type": "mixed",
        "flood_mechanism_code": 5,
        "flood_score": 0.1818181872367859,
        "risk_score": 0.33454832434654236,
        "dist_river_m": 2247.883458823666,
        "hazard_valid": true,
        "is_interpolated": false
      },
      "geometry": {
        "type": "Polygon",
        "coordinates": [
          [
            [
              -93.29004225581232,
              44.88656895924219
            ],
            [
              -93.29004225581232,
              44.88881474745249
            ],
            [
              -93.29228804402261,
              44.88881474745249
            ],
            [
              -93.29228804402261,
              44.88656895924219
            ],
            [
              -93.29004225581232,
              44.88656895924219
            ]
          ]
        ]
      }
    },
    {
      "id": "45",
      "type": "Feature",
      "properties": {
        "cell_id": "r1_c13",
        "row": 1,
        "col": 13,
        "dominant_nbs": null,
        "dominant_nbs_score": null,
        "riverine": false,
        "pluvial": true,
        "low_lying": true,
        "flood_mechanism_type": "mixed",
        "flood_mechanism_code": 5,
        "flood_score": 0.1818181872367859,
        "risk_score": 0.33454832434654236,
        "dist_river_m": 2195.0025174502307,
        "hazard_valid": true,
        "is_interpolated": false
      },
      "geometry": {
        "type": "Polygon",
        "coordinates": [
          [
            [
              -93.28779646760202,
              44.88656895924219
            ],
            [
              -93.28779646760202,
              44.88881474745249
            ],
            [
              -93.29004225581232,
              44.88881474745249
            ],
            [
              -93.29004225581232,
              44.88656895924219
            ],
            [
              -93.28779646760202,
              44.88656895924219
            ]
          ]
        ]
      }
    },
    {
      "id": "46",
      "type": "Feature",
      "properties": {
        "cell_id": "r1_c14",
        "row": 1,
        "col": 14,
        "dominant_nbs": null,
        "dominant_nbs_score": null,
        "riverine": false,
        "pluvial": true,
        "low_lying": true,
        "flood_mechanism_type": "mixed",
        "flood_mechanism_code": 5,
        "flood_score": 0.1818181872367859,
        "risk_score": 0.18897901475429535,
        "dist_river_m": 2113.67471965613,
        "hazard_valid": true,
        "is_interpolated": false
      },
      "geometry": {
        "type": "Polygon",
        "coordinates": [
          [
            [
              -93.28555067939172,
              44.88656895924219
            ],
            [
              -93.28555067939172,
              44.88881474745249
            ],
            [
              -93.28779646760202,
              44.88881474745249
            ],
            [
              -93.28779646760202,
              44.88656895924219
            ],
            [
              -93.28555067939172,
              44.88656895924219
            ]
          ]
        ]
      }
    },
    {
      "id": "47",
      "type": "Feature",
      "properties": {
        "cell_id": "r1_c15",
        "row": 1,
        "col": 15,
        "dominant_nbs": null,
        "dominant_nbs_score": null,
        "riverine": false,
        "pluvial": true,
        "low_lying": true,
        "flood_mechanism_type": "mixed",
        "flood_mechanism_code": 5,
        "flood_score": 0.1818181872367859,
        "risk_score": 0.18897901475429535,
        "dist_river_m": 2058.6563813528933,
        "hazard_valid": true,
        "is_interpolated": false
      },
      "geometry": {
        "type": "Polygon",
        "coordinates": [
          [
            [
              -93.28330489118142,
              44.88656895924219
            ],
            [
              -93.28330489118142,
              44.88881474745249
            ],
            [
              -93.28555067939172,
              44.88881474745249
            ],
            [
              -93.28555067939172,
              44.88656895924219
            ],
            [
              -93.28330489118142,
              44.88656895924219
            ]
          ]
        ]
      }
    },
    {
      "id": "48",
      "type": "Feature",
      "properties": {
        "cell_id": "r1_c16",
        "row": 1,
        "col": 16,
        "dominant_nbs": null,
        "dominant_nbs_score": null,
        "riverine": false,
        "pluvial": true,
        "low_lying": true,
        "flood_mechanism_type": "mixed",
        "flood_mechanism_code": 5,
        "flood_score": 0.1818181872367859,
        "risk_score": 0.18897901475429535,
        "dist_river_m": 2027.2859688278622,
        "hazard_valid": true,
        "is_interpolated": false
      },
      "geometry": {
        "type": "Polygon",
        "coordinates": [
          [
            [
              -93.28105910297113,
              44.88656895924219
            ],
            [
              -93.28105910297113,
              44.88881474745249
            ],
            [
              -93.28330489118142,
              44.88881474745249
            ],
            [
              -93.28330489118142,
              44.88656895924219
            ],
            [
              -93.28105910297113,
              44.88656895924219
            ]
          ]
        ]
      }
    },
    {
      "id": "49",
      "type": "Feature",
      "properties": {
        "cell_id": "r1_c17",
        "row": 1,
        "col": 17,
        "dominant_nbs": null,
        "dominant_nbs_score": null,
        "riverine": false,
        "pluvial": true,
        "low_lying": true,
        "flood_mechanism_type": "mixed",
        "flood_mechanism_code": 5,
        "flood_score": 0.1818181872367859,
        "risk_score": 0.18897901475429535,
        "dist_river_m": 2014.3630364555756,
        "hazard_valid": true,
        "is_interpolated": false
      },
      "geometry": {
        "type": "Polygon",
        "coordinates": [
          [
            [
              -93.27881331476082,
              44.88656895924219
            ],
            [
              -93.27881331476082,
              44.88881474745249
            ],
            [
              -93.28105910297113,
              44.88881474745249
            ],
            [
              -93.28105910297113,
              44.88656895924219
            ],
            [
              -93.27881331476082,
              44.88656895924219
            ]
          ]
        ]
      }
    },
    {
      "id": "50",
      "type": "Feature",
      "properties": {
        "cell_id": "r1_c18",
        "row": 1,
        "col": 18,
        "dominant_nbs": null,
        "dominant_nbs_score": null,
        "riverine": false,
        "pluvial": true,
        "low_lying": true,
        "flood_mechanism_type": "mixed",
        "flood_mechanism_code": 5,
        "flood_score": 0.1818181872367859,
        "risk_score": 0.18897901475429535,
        "dist_river_m": 2029.9947298669003,
        "hazard_valid": true,
        "is_interpolated": false
      },
      "geometry": {
        "type": "Polygon",
        "coordinates": [
          [
            [
              -93.27656752655052,
              44.88656895924219
            ],
            [
              -93.27656752655052,
              44.88881474745249
            ],
            [
              -93.27881331476082,
              44.88881474745249
            ],
            [
              -93.27881331476082,
              44.88656895924219
            ],
            [
              -93.27656752655052,
              44.88656895924219
            ]
          ]
        ]
      }
    },
    {
      "id": "51",
      "type": "Feature",
      "properties": {
        "cell_id": "r1_c19",
        "row": 1,
        "col": 19,
        "dominant_nbs": null,
        "dominant_nbs_score": null,
        "riverine": false,
        "pluvial": true,
        "low_lying": true,
        "flood_mechanism_type": "mixed",
        "flood_mechanism_code": 5,
        "flood_score": 0.1818181872367859,
        "risk_score": 0.18897901475429535,
        "dist_river_m": 2072.868404729825,
        "hazard_valid": true,
        "is_interpolated": false
      },
      "geometry": {
        "type": "Polygon",
        "coordinates": [
          [
            [
              -93.27432173834022,
              44.88656895924219
            ],
            [
              -93.27432173834022,
              44.88881474745249
            ],
            [
              -93.27656752655052,
              44.88881474745249
            ],
            [
              -93.27656752655052,
              44.88656895924219
            ],
            [
              -93.27432173834022,
              44.88656895924219
            ]
          ]
        ]
      }
    },
    {
      "id": "52",
      "type": "Feature",
      "properties": {
        "cell_id": "r1_c20",
        "row": 1,
        "col": 20,
        "dominant_nbs": null,
        "dominant_nbs_score": null,
        "riverine": false,
        "pluvial": true,
        "low_lying": true,
        "flood_mechanism_type": "mixed",
        "flood_mechanism_code": 5,
        "flood_score": 0.1818181872367859,
        "risk_score": 0.0,
        "dist_river_m": 2142.918947258967,
        "hazard_valid": true,
        "is_interpolated": false
      },
      "geometry": {
        "type": "Polygon",
        "coordinates": [
          [
            [
              -93.27207595012993,
              44.88656895924219
            ],
            [
              -93.27207595012993,
              44.88881474745249
            ],
            [
              -93.27432173834022,
              44.88881474745249
            ],
            [
              -93.27432173834022,
              44.88656895924219
            ],
            [
              -93.27207595012993,
              44.88656895924219
            ]
          ]
        ]
      }
    },
    {
      "id": "53",
      "type": "Feature",
      "properties": {
        "cell_id": "r1_c21",
        "row": 1,
        "col": 21,
        "dominant_nbs": null,
        "dominant_nbs_score": null,
        "riverine": false,
        "pluvial": true,
        "low_lying": true,
        "flood_mechanism_type": "mixed",
        "flood_mechanism_code": 5,
        "flood_score": 0.1818181872367859,
        "risk_score": 0.0,
        "dist_river_m": 2231.130352312347,
        "hazard_valid": true,
        "is_interpolated": false
      },
      "geometry": {
        "type": "Polygon",
        "coordinates": [
          [
            [
              -93.26983016191963,
              44.88656895924219
            ],
            [
              -93.26983016191963,
              44.88881474745249
            ],
            [
              -93.27207595012993,
              44.88881474745249
            ],
            [
              -93.27207595012993,
              44.88656895924219
            ],
            [
              -93.26983016191963,
              44.88656895924219
            ]
          ]
        ]
      }
    },
    {
      "id": "54",
      "type": "Feature",
      "properties": {
        "cell_id": "r1_c22",
        "row": 1,
        "col": 22,
        "dominant_nbs": null,
        "dominant_nbs_score": null,
        "riverine": false,
        "pluvial": true,
        "low_lying": true,
        "flood_mechanism_type": "mixed",
        "flood_mechanism_code": 5,
        "flood_score": 0.1818181872367859,
        "risk_score": 0.0,
        "dist_river_m": 2341.629058104806,
        "hazard_valid": true,
        "is_interpolated": false
      },
      "geometry": {
        "type": "Polygon",
        "coordinates": [
          [
            [
              -93.26758437370933,
              44.88656895924219
            ],
            [
              -93.26758437370933,
              44.88881474745249
            ],
            [
              -93.26983016191963,
              44.88881474745249
            ],
            [
              -93.26983016191963,
              44.88656895924219
            ],
            [
              -93.26758437370933,
              44.88656895924219
            ]
          ]
        ]
      }
    },
    {
      "id": "55",
      "type": "Feature",
      "properties": {
        "cell_id": "r1_c23",
        "row": 1,
        "col": 23,
        "dominant_nbs": null,
        "dominant_nbs_score": null,
        "riverine": false,
        "pluvial": true,
        "low_lying": true,
        "flood_mechanism_type": "mixed",
        "flood_mechanism_code": 5,
        "flood_score": 0.1818181872367859,
        "risk_score": 0.0,
        "dist_river_m": 2471.900831464634,
        "hazard_valid": true,
        "is_interpolated": false
      },
      "geometry": {
        "type": "Polygon",
        "coordinates": [
          [
            [
              -93.26533858549902,
              44.88656895924219
            ],
            [
              -93.26533858549902,
              44.88881474745249
            ],
            [
              -93.26758437370933,
              44.88881474745249
            ],
            [
              -93.26758437370933,
              44.88656895924219
            ],
            [
              -93.26533858549902,
              44.88656895924219
            ]
          ]
        ]
      }
    },
    {
      "id": "56",
      "type": "Feature",
      "properties": {
        "cell_id": "r1_c24",
        "row": 1,
        "col": 24,
        "dominant_nbs": null,
        "dominant_nbs_score": null,
        "riverine": false,
        "pluvial": false,
        "low_lying": true,
        "flood_mechanism_type": "low_lying",
        "flood_mechanism_code": 3,
        "flood_score": 0.1818181872367859,
        "risk_score": 0.0,
        "dist_river_m": 2582.5637091791177,
        "hazard_valid": true,
        "is_interpolated": false
      },
      "geometry": {
        "type": "Polygon",
        "coordinates": [
          [
            [
              -93.26309279728873,
              44.88656895924219
            ],
            [
              -93.26309279728873,
              44.88881474745249
            ],
            [
              -93.26533858549902,
              44.88881474745249
            ],
            [
              -93.26533858549902,
              44.88656895924219
            ],
            [
              -93.26309279728873,
              44.88656895924219
            ]
          ]
        ]
      }
    },
    {
      "id": "57",
      "type": "Feature",
      "properties": {
        "cell_id": "r1_c25",
        "row": 1,
        "col": 25,
        "dominant_nbs": null,
        "dominant_nbs_score": null,
        "riverine": false,
        "pluvial": false,
        "low_lying": true,
        "flood_mechanism_type": "low_lying",
        "flood_mechanism_code": 3,
        "flood_score": 0.1818181872367859,
        "risk_score": 0.0,
        "dist_river_m": 2595.020951465544,
        "hazard_valid": true,
        "is_interpolated": false
      },
      "geometry": {
        "type": "Polygon",
        "coordinates": [
          [
            [
              -93.26084700907843,
              44.88656895924219
            ],
            [
              -93.26084700907843,
              44.88881474745249
            ],
            [
              -93.26309279728873,
              44.88881474745249
            ],
            [
              -93.26309279728873,
              44.88656895924219
            ],
            [
              -93.26084700907843,
              44.88656895924219
            ]
          ]
        ]
      }
    },
    {
      "id": "58",
      "type": "Feature",
      "properties": {
        "cell_id": "r1_c26",
        "row": 1,
        "col": 26,
        "dominant_nbs": null,
        "dominant_nbs_score": null,
        "riverine": false,
        "pluvial": false,
        "low_lying": true,
        "flood_mechanism_type": "low_lying",
        "flood_mechanism_code": 3,
        "flood_score": 0.1818181872367859,
        "risk_score": 0.0,
        "dist_river_m": 2625.4089701893927,
        "hazard_valid": true,
        "is_interpolated": false
      },
      "geometry": {
        "type": "Polygon",
        "coordinates": [
          [
            [
              -93.25860122086813,
              44.88656895924219
            ],
            [
              -93.25860122086813,
              44.88881474745249
            ],
            [
              -93.26084700907843,
              44.88881474745249
            ],
            [
              -93.26084700907843,
              44.88656895924219
            ],
            [
              -93.25860122086813,
              44.88656895924219
            ]
          ]
        ]
      }
    },
    {
      "id": "59",
      "type": "Feature",
      "properties": {
        "cell_id": "r1_c27",
        "row": 1,
        "col": 27,
        "dominant_nbs": null,
        "dominant_nbs_score": null,
        "riverine": false,
        "pluvial": true,
        "low_lying": true,
        "flood_mechanism_type": "mixed",
        "flood_mechanism_code": 5,
        "flood_score": 0.1818181872367859,
        "risk_score": 0.12246697396039963,
        "dist_river_m": 2667.6493624165114,
        "hazard_valid": true,
        "is_interpolated": false
      },
      "geometry": {
        "type": "Polygon",
        "coordinates": [
          [
            [
              -93.25635543265784,
              44.88656895924219
            ],
            [
              -93.25635543265784,
              44.88881474745249
            ],
            [
              -93.25860122086813,
              44.88881474745249
            ],
            [
              -93.25860122086813,
              44.88656895924219
            ],
            [
              -93.25635543265784,
              44.88656895924219
            ]
          ]
        ]
      }
    },
    {
      "id": "60",
      "type": "Feature",
      "properties": {
        "cell_id": "r1_c28",
        "row": 1,
        "col": 28,
        "dominant_nbs": null,
        "dominant_nbs_score": null,
        "riverine": false,
        "pluvial": true,
        "low_lying": true,
        "flood_mechanism_type": "mixed",
        "flood_mechanism_code": 5,
        "flood_score": 0.1818181872367859,
        "risk_score": 0.12246697396039963,
        "dist_river_m": 2732.072016223191,
        "hazard_valid": true,
        "is_interpolated": false
      },
      "geometry": {
        "type": "Polygon",
        "coordinates": [
          [
            [
              -93.25410964444754,
              44.88656895924219
            ],
            [
              -93.25410964444754,
              44.88881474745249
            ],
            [
              -93.25635543265784,
              44.88881474745249
            ],
            [
              -93.25635543265784,
              44.88656895924219
            ],
            [
              -93.25410964444754,
              44.88656895924219
            ]
          ]
        ]
      }
    },
    {
      "id": "61",
      "type": "Feature",
      "properties": {
        "cell_id": "r1_c29",
        "row": 1,
        "col": 29,
        "dominant_nbs": null,
        "dominant_nbs_score": null,
        "riverine": false,
        "pluvial": true,
        "low_lying": true,
        "flood_mechanism_type": "mixed",
        "flood_mechanism_code": 5,
        "flood_score": 0.1818181872367859,
        "risk_score": 0.12246697396039963,
        "dist_river_m": 2817.1555519426383,
        "hazard_valid": true,
        "is_interpolated": false
      },
      "geometry": {
        "type": "Polygon",
        "coordinates": [
          [
            [
              -93.25186385623724,
              44.88656895924219
            ],
            [
              -93.25186385623724,
              44.88881474745249
            ],
            [
              -93.25410964444754,
              44.88881474745249
            ],
            [
              -93.25410964444754,
              44.88656895924219
            ],
            [
              -93.25186385623724,
              44.88656895924219
            ]
          ]
        ]
      }
    },
    {
      "id": "62",
      "type": "Feature",
      "properties": {
        "cell_id": "r1_c30",
        "row": 1,
        "col": 30,
        "dominant_nbs": null,
        "dominant_nbs_score": null,
        "riverine": false,
        "pluvial": true,
        "low_lying": true,
        "flood_mechanism_type": "mixed",
        "flood_mechanism_code": 5,
        "flood_score": 0.1818181872367859,
        "risk_score": 0.12246697396039963,
        "dist_river_m": 2921.0951416948997,
        "hazard_valid": true,
        "is_interpolated": false
      },
      "geometry": {
        "type": "Polygon",
        "coordinates": [
          [
            [
              -93.24961806802693,
              44.88656895924219
            ],
            [
              -93.24961806802693,
              44.88881474745249
            ],
            [
              -93.25186385623724,
              44.88881474745249
            ],
            [
              -93.25186385623724,
              44.88656895924219
            ],
            [
              -93.24961806802693,
              44.88656895924219
            ]
          ]
        ]
      }
    },
    {
      "id": "63",
      "type": "Feature",
      "properties": {
        "cell_id": "r1_c31",
        "row": 1,
        "col": 31,
        "dominant_nbs": null,
        "dominant_nbs_score": null,
        "riverine": false,
        "pluvial": true,
        "low_lying": true,
        "flood_mechanism_type": "mixed",
        "flood_mechanism_code": 5,
        "flood_score": 0.19460226595401764,
        "risk_score": 0.12527252733707428,
        "dist_river_m": 3041.9585419276837,
        "hazard_valid": true,
        "is_interpolated": false
      },
      "geometry": {
        "type": "Polygon",
        "coordinates": [
          [
            [
              -93.24737227981664,
              44.88656895924219
            ],
            [
              -93.24737227981664,
              44.88881474745249
            ],
            [
              -93.24961806802693,
              44.88881474745249
            ],
            [
              -93.24961806802693,
              44.88656895924219
            ],
            [
              -93.24737227981664,
              44.88656895924219
            ]
          ]
        ]
      }
    },
    {
      "id": "64",
      "type": "Feature",
      "properties": {
        "cell_id": "r2_c0",
        "row": 2,
        "col": 0,
        "dominant_nbs": null,
        "dominant_nbs_score": null,
        "riverine": false,
        "pluvial": true,
        "low_lying": true,
        "flood_mechanism_type": "mixed",
        "flood_mechanism_code": 5,
        "flood_score": 0.1818181872367859,
        "risk_score": 0.1775730550289154,
        "dist_river_m": 1801.5336394951937,
        "hazard_valid": true,
        "is_interpolated": false
      },
      "geometry": {
        "type": "Polygon",
        "coordinates": [
          [
            [
              -93.3169917143359,
              44.884323171031895
            ],
            [
              -93.3169917143359,
              44.88656895924219
            ],
            [
              -93.3192375025462,
              44.88656895924219
            ],
            [
              -93.3192375025462,
              44.884323171031895
            ],
            [
              -93.3169917143359,
              44.884323171031895
            ]
          ]
        ]
      }
    },
    {
      "id": "65",
      "type": "Feature",
      "properties": {
        "cell_id": "r2_c1",
        "row": 2,
        "col": 1,
        "dominant_nbs": null,
        "dominant_nbs_score": null,
        "riverine": false,
        "pluvial": true,
        "low_lying": true,
        "flood_mechanism_type": "mixed",
        "flood_mechanism_code": 5,
        "flood_score": 0.1818181872367859,
        "risk_score": 0.1775730550289154,
        "dist_river_m": 2021.026642412706,
        "hazard_valid": true,
        "is_interpolated": false
      },
      "geometry": {
        "type": "Polygon",
        "coordinates": [
          [
            [
              -93.31474592612561,
              44.884323171031895
            ],
            [
              -93.31474592612561,
              44.88656895924219
            ],
            [
              -93.3169917143359,
              44.88656895924219
            ],
            [
              -93.3169917143359,
              44.884323171031895
            ],
            [
              -93.31474592612561,
              44.884323171031895
            ]
          ]
        ]
      }
    },
    {
      "id": "66",
      "type": "Feature",
      "properties": {
        "cell_id": "r2_c2",
        "row": 2,
        "col": 2,
        "dominant_nbs": null,
        "dominant_nbs_score": null,
        "riverine": false,
        "pluvial": true,
        "low_lying": true,
        "flood_mechanism_type": "mixed",
        "flood_mechanism_code": 5,
        "flood_score": 0.1818181872367859,
        "risk_score": 0.1775730550289154,
        "dist_river_m": 2154.96192731419,
        "hazard_valid": true,
        "is_interpolated": false
      },
      "geometry": {
        "type": "Polygon",
        "coordinates": [
          [
            [
              -93.31250013791531,
              44.884323171031895
            ],
            [
              -93.31250013791531,
              44.88656895924219
            ],
            [
              -93.31474592612561,
              44.88656895924219
            ],
            [
              -93.31474592612561,
              44.884323171031895
            ],
            [
              -93.31250013791531,
              44.884323171031895
            ]
          ]
        ]
      }
    },
    {
      "id": "67",
      "type": "Feature",
      "properties": {
        "cell_id": "r2_c3",
        "row": 2,
        "col": 3,
        "dominant_nbs": null,
        "dominant_nbs_score": null,
        "riverine": false,
        "pluvial": true,
        "low_lying": true,
        "flood_mechanism_type": "mixed",
        "flood_mechanism_code": 5,
        "flood_score": 0.1818181872367859,
        "risk_score": 0.1775730550289154,
        "dist_river_m": 2239.0071845304583,
        "hazard_valid": true,
        "is_interpolated": false
      },
      "geometry": {
        "type": "Polygon",
        "coordinates": [
          [
            [
              -93.310254349705,
              44.884323171031895
            ],
            [
              -93.310254349705,
              44.88656895924219
            ],
            [
              -93.31250013791531,
              44.88656895924219
            ],
            [
              -93.31250013791531,
              44.884323171031895
            ],
            [
              -93.310254349705,
              44.884323171031895
            ]
          ]
        ]
      }
    },
    {
      "id": "68",
      "type": "Feature",
      "properties": {
        "cell_id": "r2_c4",
        "row": 2,
        "col": 4,
        "dominant_nbs": null,
        "dominant_nbs_score": null,
        "riverine": false,
        "pluvial": true,
        "low_lying": true,
        "flood_mechanism_type": "mixed",
        "flood_mechanism_code": 5,
        "flood_score": 0.1818181872367859,
        "risk_score": 0.1775730550289154,
        "dist_river_m": 2284.4624840672413,
        "hazard_valid": true,
        "is_interpolated": false
      },
      "geometry": {
        "type": "Polygon",
        "coordinates": [
          [
            [
              -93.3080085614947,
              44.884323171031895
            ],
            [
              -93.3080085614947,
              44.88656895924219
            ],
            [
              -93.310254349705,
              44.88656895924219
            ],
            [
              -93.310254349705,
              44.884323171031895
            ],
            [
              -93.3080085614947,
              44.884323171031895
            ]
          ]
        ]
      }
    },
    {
      "id": "69",
      "type": "Feature",
      "properties": {
        "cell_id": "r2_c5",
        "row": 2,
        "col": 5,
        "dominant_nbs": null,
        "dominant_nbs_score": null,
        "riverine": false,
        "pluvial": true,
        "low_lying": true,
        "flood_mechanism_type": "mixed",
        "flood_mechanism_code": 5,
        "flood_score": 0.1818181872367859,
        "risk_score": 0.20986950397491455,
        "dist_river_m": 2355.5610862007525,
        "hazard_valid": true,
        "is_interpolated": false
      },
      "geometry": {
        "type": "Polygon",
        "coordinates": [
          [
            [
              -93.30576277328441,
              44.884323171031895
            ],
            [
              -93.30576277328441,
              44.88656895924219
            ],
            [
              -93.3080085614947,
              44.88656895924219
            ],
            [
              -93.3080085614947,
              44.884323171031895
            ],
            [
              -93.30576277328441,
              44.884323171031895
            ]
          ]
        ]
      }
    },
    {
      "id": "70",
      "type": "Feature",
      "properties": {
        "cell_id": "r2_c6",
        "row": 2,
        "col": 6,
        "dominant_nbs": null,
        "dominant_nbs_score": null,
        "riverine": false,
        "pluvial": true,
        "low_lying": true,
        "flood_mechanism_type": "mixed",
        "flood_mechanism_code": 5,
        "flood_score": 0.1818181872367859,
        "risk_score": 0.20986950397491455,
        "dist_river_m": 2450.0715788551024,
        "hazard_valid": true,
        "is_interpolated": false
      },
      "geometry": {
        "type": "Polygon",
        "coordinates": [
          [
            [
              -93.30351698507411,
              44.884323171031895
            ],
            [
              -93.30351698507411,
              44.88656895924219
            ],
            [
              -93.30576277328441,
              44.88656895924219
            ],
            [
              -93.30576277328441,
              44.884323171031895
            ],
            [
              -93.30351698507411,
              44.884323171031895
            ]
          ]
        ]
      }
    },
    {
      "id": "71",
      "type": "Feature",
      "properties": {
        "cell_id": "r2_c7",
        "row": 2,
        "col": 7,
        "dominant_nbs": null,
        "dominant_nbs_score": null,
        "riverine": false,
        "pluvial": true,
        "low_lying": true,
        "flood_mechanism_type": "mixed",
        "flood_mechanism_code": 5,
        "flood_score": 0.1818181872367859,
        "risk_score": 0.20986950397491455,
        "dist_river_m": 2489.517301701549,
        "hazard_valid": true,
        "is_interpolated": false
      },
      "geometry": {
        "type": "Polygon",
        "coordinates": [
          [
            [
              -93.30127119686381,
              44.884323171031895
            ],
            [
              -93.30127119686381,
              44.88656895924219
            ],
            [
              -93.30351698507411,
              44.88656895924219
            ],
            [
              -93.30351698507411,
              44.884323171031895
            ],
            [
              -93.30127119686381,
              44.884323171031895
            ]
          ]
        ]
      }
    },
    {
      "id": "72",
      "type": "Feature",
      "properties": {
        "cell_id": "r2_c8",
        "row": 2,
        "col": 8,
        "dominant_nbs": null,
        "dominant_nbs_score": null,
        "riverine": false,
        "pluvial": true,
        "low_lying": true,
        "flood_mechanism_type": "mixed",
        "flood_mechanism_code": 5,
        "flood_score": 0.1818181872367859,
        "risk_score": 0.15307535231113434,
        "dist_river_m": 2534.2592194761687,
        "hazard_valid": true,
        "is_interpolated": false
      },
      "geometry": {
        "type": "Polygon",
        "coordinates": [
          [
            [
              -93.2990254086535,
              44.884323171031895
            ],
            [
              -93.2990254086535,
              44.88656895924219
            ],
            [
              -93.30127119686381,
              44.88656895924219
            ],
            [
              -93.30127119686381,
              44.884323171031895
            ],
            [
              -93.2990254086535,
              44.884323171031895
            ]
          ]
        ]
      }
    },
    {
      "id": "73",
      "type": "Feature",
      "properties": {
        "cell_id": "r2_c9",
        "row": 2,
        "col": 9,
        "dominant_nbs": null,
        "dominant_nbs_score": null,
        "riverine": false,
        "pluvial": true,
        "low_lying": true,
        "flood_mechanism_type": "mixed",
        "flood_mechanism_code": 5,
        "flood_score": 0.1818181872367859,
        "risk_score": 0.15307535231113434,
        "dist_river_m": 2535.0566747277594,
        "hazard_valid": true,
        "is_interpolated": false
      },
      "geometry": {
        "type": "Polygon",
        "coordinates": [
          [
            [
              -93.29677962044322,
              44.884323171031895
            ],
            [
              -93.29677962044322,
              44.88656895924219
            ],
            [
              -93.2990254086535,
              44.88656895924219
            ],
            [
              -93.2990254086535,
              44.884323171031895
            ],
            [
              -93.29677962044322,
              44.884323171031895
            ]
          ]
        ]
      }
    },
    {
      "id": "74",
      "type": "Feature",
      "properties": {
        "cell_id": "r2_c10",
        "row": 2,
        "col": 10,
        "dominant_nbs": null,
        "dominant_nbs_score": null,
        "riverine": false,
        "pluvial": true,
        "low_lying": true,
        "flood_mechanism_type": "mixed",
        "flood_mechanism_code": 5,
        "flood_score": 0.1818181872367859,
        "risk_score": 0.33454832434654236,
        "dist_river_m": 2521.966589059868,
        "hazard_valid": true,
        "is_interpolated": false
      },
      "geometry": {
        "type": "Polygon",
        "coordinates": [
          [
            [
              -93.29453383223291,
              44.884323171031895
            ],
            [
              -93.29453383223291,
              44.88656895924219
            ],
            [
              -93.29677962044322,
              44.88656895924219
            ],
            [
              -93.29677962044322,
              44.884323171031895
            ],
            [
              -93.29453383223291,
              44.884323171031895
            ]
          ]
        ]
      }
    },
    {
      "id": "75",
      "type": "Feature",
      "properties": {
        "cell_id": "r2_c11",
        "row": 2,
        "col": 11,
        "dominant_nbs": null,
        "dominant_nbs_score": null,
        "riverine": false,
        "pluvial": true,
        "low_lying": true,
        "flood_mechanism_type": "mixed",
        "flood_mechanism_code": 5,
        "flood_score": 0.1818181872367859,
        "risk_score": 0.33454832434654236,
        "dist_river_m": 2511.9443857549863,
        "hazard_valid": true,
        "is_interpolated": false
      },
      "geometry": {
        "type": "Polygon",
        "coordinates": [
          [
            [
              -93.29228804402261,
              44.884323171031895
            ],
            [
              -93.29228804402261,
              44.88656895924219
            ],
            [
              -93.29453383223291,
              44.88656895924219
            ],
            [
              -93.29453383223291,
              44.884323171031895
            ],
            [
              -93.29228804402261,
              44.884323171031895
            ]
          ]
        ]
      }
    },
    {
      "id": "76",
      "type": "Feature",
      "properties": {
        "cell_id": "r2_c12",
        "row": 2,
        "col": 12,
        "dominant_nbs": null,
        "dominant_nbs_score": null,
        "riverine": false,
        "pluvial": true,
        "low_lying": true,
        "flood_mechanism_type": "mixed",
        "flood_mechanism_code": 5,
        "flood_score": 0.1818181872367859,
        "risk_score": 0.33454832434654236,
        "dist_river_m": 2497.0002252161526,
        "hazard_valid": true,
        "is_interpolated": false
      },
      "geometry": {
        "type": "Polygon",
        "coordinates": [
          [
            [
              -93.29004225581232,
              44.884323171031895
            ],
            [
              -93.29004225581232,
              44.88656895924219
            ],
            [
              -93.29228804402261,
              44.88656895924219
            ],
            [
              -93.29228804402261,
              44.884323171031895
            ],
            [
              -93.29004225581232,
              44.884323171031895
            ]
          ]
        ]
      }
    },
    {
      "id": "77",
      "type": "Feature",
      "properties": {
        "cell_id": "r2_c13",
        "row": 2,
        "col": 13,
        "dominant_nbs": null,
        "dominant_nbs_score": null,
        "riverine": false,
        "pluvial": true,
        "low_lying": true,
        "flood_mechanism_type": "mixed",
        "flood_mechanism_code": 5,
        "flood_score": 0.1818181872367859,
        "risk_score": 0.33454832434654236,
        "dist_river_m": 2427.91916945368,
        "hazard_valid": true,
        "is_interpolated": false
      },
      "geometry": {
        "type": "Polygon",
        "coordinates": [
          [
            [
              -93.28779646760202,
              44.884323171031895
            ],
            [
              -93.28779646760202,
              44.88656895924219
            ],
            [
              -93.29004225581232,
              44.88656895924219
            ],
            [
              -93.29004225581232,
              44.884323171031895
            ],
            [
              -93.28779646760202,
              44.884323171031895
            ]
          ]
        ]
      }
    },
    {
      "id": "78",
      "type": "Feature",
      "properties": {
        "cell_id": "r2_c14",
        "row": 2,
        "col": 14,
        "dominant_nbs": null,
        "dominant_nbs_score": null,
        "riverine": false,
        "pluvial": true,
        "low_lying": true,
        "flood_mechanism_type": "mixed",
        "flood_mechanism_code": 5,
        "flood_score": 0.1818181872367859,
        "risk_score": 0.33454832434654236,
        "dist_river_m": 2354.253869120811,
        "hazard_valid": true,
        "is_interpolated": false
      },
      "geometry": {
        "type": "Polygon",
        "coordinates": [
          [
            [
              -93.28555067939172,
              44.884323171031895
            ],
            [
              -93.28555067939172,
              44.88656895924219
            ],
            [
              -93.28779646760202,
              44.88656895924219
            ],
            [
              -93.28779646760202,
              44.884323171031895
            ],
            [
              -93.28555067939172,
              44.884323171031895
            ]
          ]
        ]
      }
    },
    {
      "id": "79",
      "type": "Feature",
      "properties": {
        "cell_id": "r2_c15",
        "row": 2,
        "col": 15,
        "dominant_nbs": null,
        "dominant_nbs_score": null,
        "riverine": false,
        "pluvial": true,
        "low_lying": true,
        "flood_mechanism_type": "mixed",
        "flood_mechanism_code": 5,
        "flood_score": 0.1818181872367859,
        "risk_score": 0.18897901475429535,
        "dist_river_m": 2304.7066302890703,
        "hazard_valid": true,
        "is_interpolated": false
      },
      "geometry": {
        "type": "Polygon",
        "coordinates": [
          [
            [
              -93.28330489118142,
              44.884323171031895
            ],
            [
              -93.28330489118142,
              44.88656895924219
            ],
            [
              -93.28555067939172,
              44.88656895924219
            ],
            [
              -93.28555067939172,
              44.884323171031895
            ],
            [
              -93.28330489118142,
              44.884323171031895
            ]
          ]
        ]
      }
    },
    {
      "id": "80",
      "type": "Feature",
      "properties": {
        "cell_id": "r2_c16",
        "row": 2,
        "col": 16,
        "dominant_nbs": null,
        "dominant_nbs_score": null,
        "riverine": false,
        "pluvial": true,
        "low_lying": true,
        "flood_mechanism_type": "mixed",
        "flood_mechanism_code": 5,
        "flood_score": 0.1818181872367859,
        "risk_score": 0.18897901475429535,
        "dist_river_m": 2275.2737574332277,
        "hazard_valid": true,
        "is_interpolated": false
      },
      "geometry": {
        "type": "Polygon",
        "coordinates": [
          [
            [
              -93.28105910297113,
              44.884323171031895
            ],
            [
              -93.28105910297113,
              44.88656895924219
            ],
            [
              -93.28330489118142,
              44.88656895924219
            ],
            [
              -93.28330489118142,
              44.884323171031895
            ],
            [
              -93.28105910297113,
              44.884323171031895
            ]
          ]
        ]
      }
    },
    {
      "id": "81",
      "type": "Feature",
      "properties": {
        "cell_id": "r2_c17",
        "row": 2,
        "col": 17,
        "dominant_nbs": null,
        "dominant_nbs_score": null,
        "riverine": false,
        "pluvial": true,
        "low_lying": true,
        "flood_mechanism_type": "mixed",
        "flood_mechanism_code": 5,
        "flood_score": 0.1818181872367859,
        "risk_score": 0.18897901475429535,
        "dist_river_m": 2263.63858356609,
        "hazard_valid": true,
        "is_interpolated": false
      },
      "geometry": {
        "type": "Polygon",
        "coordinates": [
          [
            [
              -93.27881331476082,
              44.884323171031895
            ],
            [
              -93.27881331476082,
              44.88656895924219
            ],
            [
              -93.28105910297113,
              44.88656895924219
            ],
            [
              -93.28105910297113,
              44.884323171031895
            ],
            [
              -93.27881331476082,
              44.884323171031895
            ]
          ]
        ]
      }
    },
    {
      "id": "82",
      "type": "Feature",
      "properties": {
        "cell_id": "r2_c18",
        "row": 2,
        "col": 18,
        "dominant_nbs": null,
        "dominant_nbs_score": null,
        "riverine": false,
        "pluvial": true,
        "low_lying": true,
        "flood_mechanism_type": "mixed",
        "flood_mechanism_code": 5,
        "flood_score": 0.1818181872367859,
        "risk_score": 0.18897901475429535,
        "dist_river_m": 2277.8066674179345,
        "hazard_valid": true,
        "is_interpolated": false
      },
      "geometry": {
        "type": "Polygon",
        "coordinates": [
          [
            [
              -93.27656752655052,
              44.884323171031895
            ],
            [
              -93.27656752655052,
              44.88656895924219
            ],
            [
              -93.27881331476082,
              44.88656895924219
            ],
            [
              -93.27881331476082,
              44.884323171031895
            ],
            [
              -93.27656752655052,
              44.884323171031895
            ]
          ]
        ]
      }
    },
    {
      "id": "83",
      "type": "Feature",
      "properties": {
        "cell_id": "r2_c19",
        "row": 2,
        "col": 19,
        "dominant_nbs": null,
        "dominant_nbs_score": null,
        "riverine": false,
        "pluvial": true,
        "low_lying": true,
        "flood_mechanism_type": "mixed",
        "flood_mechanism_code": 5,
        "flood_score": 0.1818181872367859,
        "risk_score": 0.18897901475429535,
        "dist_river_m": 2316.3592113033333,
        "hazard_valid": true,
        "is_interpolated": false
      },
      "geometry": {
        "type": "Polygon",
        "coordinates": [
          [
            [
              -93.27432173834022,
              44.884323171031895
            ],
            [
              -93.27432173834022,
              44.88656895924219
            ],
            [
              -93.27656752655052,
              44.88656895924219
            ],
            [
              -93.27656752655052,
              44.884323171031895
            ],
            [
              -93.27432173834022,
              44.884323171031895
            ]
          ]
        ]
      }
    },
    {
      "id": "84",
      "type": "Feature",
      "properties": {
        "cell_id": "r2_c20",
        "row": 2,
        "col": 20,
        "dominant_nbs": null,
        "dominant_nbs_score": null,
        "riverine": false,
        "pluvial": true,
        "low_lying": true,
        "flood_mechanism_type": "mixed",
        "flood_mechanism_code": 5,
        "flood_score": 0.1818181872367859,
        "risk_score": 0.0,
        "dist_river_m": 2379.446948192638,
        "hazard_valid": true,
        "is_interpolated": false
      },
      "geometry": {
        "type": "Polygon",
        "coordinates": [
          [
            [
              -93.27207595012993,
              44.884323171031895
            ],
            [
              -93.27207595012993,
              44.88656895924219
            ],
            [
              -93.27432173834022,
              44.88656895924219
            ],
            [
              -93.27432173834022,
              44.884323171031895
            ],
            [
              -93.27207595012993,
              44.884323171031895
            ]
          ]
        ]
      }
    },
    {
      "id": "85",
      "type": "Feature",
      "properties": {
        "cell_id": "r2_c21",
        "row": 2,
        "col": 21,
        "dominant_nbs": null,
        "dominant_nbs_score": null,
        "riverine": false,
        "pluvial": true,
        "low_lying": true,
        "flood_mechanism_type": "mixed",
        "flood_mechanism_code": 5,
        "flood_score": 0.1818181872367859,
        "risk_score": 0.0,
        "dist_river_m": 2461.5785274861623,
        "hazard_valid": true,
        "is_interpolated": false
      },
      "geometry": {
        "type": "Polygon",
        "coordinates": [
          [
            [
              -93.26983016191963,
              44.884323171031895
            ],
            [
              -93.26983016191963,
              44.88656895924219
            ],
            [
              -93.27207595012993,
              44.88656895924219
            ],
            [
              -93.27207595012993,
              44.884323171031895
            ],
            [
              -93.26983016191963,
              44.884323171031895
            ]
          ]
        ]
      }
    },
    {
      "id": "86",
      "type": "Feature",
      "properties": {
        "cell_id": "r2_c22",
        "row": 2,
        "col": 22,
        "dominant_nbs": null,
        "dominant_nbs_score": null,
        "riverine": false,
        "pluvial": true,
        "low_lying": true,
        "flood_mechanism_type": "mixed",
        "flood_mechanism_code": 5,
        "flood_score": 0.1818181872367859,
        "risk_score": 0.0,
        "dist_river_m": 2562.604893655086,
        "hazard_valid": true,
        "is_interpolated": false
      },
      "geometry": {
        "type": "Polygon",
        "coordinates": [
          [
            [
              -93.26758437370933,
              44.884323171031895
            ],
            [
              -93.26758437370933,
              44.88656895924219
            ],
            [
              -93.26983016191963,
              44.88656895924219
            ],
            [
              -93.26983016191963,
              44.884323171031895
            ],
            [
              -93.26758437370933,
              44.884323171031895
            ]
          ]
        ]
      }
    },
    {
      "id": "87",
      "type": "Feature",
      "properties": {
        "cell_id": "r2_c23",
        "row": 2,
        "col": 23,
        "dominant_nbs": null,
        "dominant_nbs_score": null,
        "riverine": false,
        "pluvial": true,
        "low_lying": true,
        "flood_mechanism_type": "mixed",
        "flood_mechanism_code": 5,
        "flood_score": 0.1818181872367859,
        "risk_score": 0.0,
        "dist_river_m": 2682.182898927794,
        "hazard_valid": true,
        "is_interpolated": false
      },
      "geometry": {
        "type": "Polygon",
        "coordinates": [
          [
            [
              -93.26533858549902,
              44.884323171031895
            ],
            [
              -93.26533858549902,
              44.88656895924219
            ],
            [
              -93.26758437370933,
              44.88656895924219
            ],
            [
              -93.26758437370933,
              44.884323171031895
            ],
            [
              -93.26533858549902,
              44.884323171031895
            ]
          ]
        ]
      }
    },
    {
      "id": "88",
      "type": "Feature",
      "properties": {
        "cell_id": "r2_c24",
        "row": 2,
        "col": 24,
        "dominant_nbs": null,
        "dominant_nbs_score": null,
        "riverine": false,
        "pluvial": true,
        "low_lying": true,
        "flood_mechanism_type": "mixed",
        "flood_mechanism_code": 5,
        "flood_score": 0.1818181872367859,
        "risk_score": 0.0,
        "dist_river_m": 2818.768472065636,
        "hazard_valid": true,
        "is_interpolated": false
      },
      "geometry": {
        "type": "Polygon",
        "coordinates": [
          [
            [
              -93.26309279728873,
              44.884323171031895
            ],
            [
              -93.26309279728873,
              44.88656895924219
            ],
            [
              -93.26533858549902,
              44.88656895924219
            ],
            [
              -93.26533858549902,
              44.884323171031895
            ],
            [
              -93.26309279728873,
              44.884323171031895
            ]
          ]
        ]
      }
    },
    {
      "id": "89",
      "type": "Feature",
      "properties": {
        "cell_id": "r2_c25",
        "row": 2,
        "col": 25,
        "dominant_nbs": null,
        "dominant_nbs_score": null,
        "riverine": false,
        "pluvial": false,
        "low_lying": true,
        "flood_mechanism_type": "low_lying",
        "flood_mechanism_code": 3,
        "flood_score": 0.32499998807907104,
        "risk_score": 0.0,
        "dist_river_m": 2843.3808017860174,
        "hazard_valid": true,
        "is_interpolated": false
      },
      "geometry": {
        "type": "Polygon",
        "coordinates": [
          [
            [
              -93.26084700907843,
              44.884323171031895
            ],
            [
              -93.26084700907843,
              44.88656895924219
            ],
            [
              -93.26309279728873,
              44.88656895924219
            ],
            [
              -93.26309279728873,
              44.884323171031895
            ],
            [
              -93.26084700907843,
              44.884323171031895
            ]
          ]
        ]
      }
    },
    {
      "id": "90",
      "type": "Feature",
      "properties": {
        "cell_id": "r2_c26",
        "row": 2,
        "col": 26,
        "dominant_nbs": null,
        "dominant_nbs_score": null,
        "riverine": false,
        "pluvial": false,
        "low_lying": true,
        "flood_mechanism_type": "low_lying",
        "flood_mechanism_code": 3,
        "flood_score": 0.1818181872367859,
        "risk_score": 0.0,
        "dist_river_m": 2871.5772102788533,
        "hazard_valid": true,
        "is_interpolated": false
      },
      "geometry": {
        "type": "Polygon",
        "coordinates": [
          [
            [
              -93.25860122086813,
              44.884323171031895
            ],
            [
              -93.25860122086813,
              44.88656895924219
            ],
            [
              -93.26084700907843,
              44.88656895924219
            ],
            [
              -93.26084700907843,
              44.884323171031895
            ],
            [
              -93.25860122086813,
              44.884323171031895
            ]
          ]
        ]
      }
    },
    {
      "id": "91",
      "type": "Feature",
      "properties": {
        "cell_id": "r2_c27",
        "row": 2,
        "col": 27,
        "dominant_nbs": null,
        "dominant_nbs_score": null,
        "riverine": false,
        "pluvial": true,
        "low_lying": true,
        "flood_mechanism_type": "mixed",
        "flood_mechanism_code": 5,
        "flood_score": 0.1818181872367859,
        "risk_score": 0.12246697396039963,
        "dist_river_m": 2911.6040387117523,
        "hazard_valid": true,
        "is_interpolated": false
      },
      "geometry": {
        "type": "Polygon",
        "coordinates": [
          [
            [
              -93.25635543265784,
              44.884323171031895
            ],
            [
              -93.25635543265784,
              44.88656895924219
            ],
            [
              -93.25860122086813,
              44.88656895924219
            ],
            [
              -93.25860122086813,
              44.884323171031895
            ],
            [
              -93.25635543265784,
              44.884323171031895
            ]
          ]
        ]
      }
    },
    {
      "id": "92",
      "type": "Feature",
      "properties": {
        "cell_id": "r2_c28",
        "row": 2,
        "col": 28,
        "dominant_nbs": null,
        "dominant_nbs_score": null,
        "riverine": false,
        "pluvial": true,
        "low_lying": true,
        "flood_mechanism_type": "mixed",
        "flood_mechanism_code": 5,
        "flood_score": 0.1818181872367859,
        "risk_score": 0.12246697396039963,
        "dist_river_m": 2970.74106230604,
        "hazard_valid": true,
        "is_interpolated": false
      },
      "geometry": {
        "type": "Polygon",
        "coordinates": [
          [
            [
              -93.25410964444754,
              44.884323171031895
            ],
            [
              -93.25410964444754,
              44.88656895924219
            ],
            [
              -93.25635543265784,
              44.88656895924219
            ],
            [
              -93.25635543265784,
              44.884323171031895
            ],
            [
              -93.25410964444754,
              44.884323171031895
            ]
          ]
        ]
      }
    },
    {
      "id": "93",
      "type": "Feature",
      "properties": {
        "cell_id": "r2_c29",
        "row": 2,
        "col": 29,
        "dominant_nbs": null,
        "dominant_nbs_score": null,
        "riverine": false,
        "pluvial": true,
        "low_lying": true,
        "flood_mechanism_type": "mixed",
        "flood_mechanism_code": 5,
        "flood_score": 0.1818181872367859,
        "risk_score": 0.12246697396039963,
        "dist_river_m": 3049.172078004552,
        "hazard_valid": true,
        "is_interpolated": false
      },
      "geometry": {
        "type": "Polygon",
        "coordinates": [
          [
            [
              -93.25186385623724,
              44.884323171031895
            ],
            [
              -93.25186385623724,
              44.88656895924219
            ],
            [
              -93.25410964444754,
              44.88656895924219
            ],
            [
              -93.25410964444754,
              44.884323171031895
            ],
            [
              -93.25186385623724,
              44.884323171031895
            ]
          ]
        ]
      }
    },
    {
      "id": "94",
      "type": "Feature",
      "properties": {
        "cell_id": "r2_c30",
        "row": 2,
        "col": 30,
        "dominant_nbs": null,
        "dominant_nbs_score": null,
        "riverine": false,
        "pluvial": true,
        "low_lying": true,
        "flood_mechanism_type": "mixed",
        "flood_mechanism_code": 5,
        "flood_score": 0.1818181872367859,
        "risk_score": 0.12246697396039963,
        "dist_river_m": 3145.4541459501384,
        "hazard_valid": true,
        "is_interpolated": false
      },
      "geometry": {
        "type": "Polygon",
        "coordinates": [
          [
            [
              -93.24961806802693,
              44.884323171031895
            ],
            [
              -93.24961806802693,
              44.88656895924219
            ],
            [
              -93.25186385623724,
              44.88656895924219
            ],
            [
              -93.25186385623724,
              44.884323171031895
            ],
            [
              -93.24961806802693,
              44.884323171031895
            ]
          ]
        ]
      }
    },
    {
      "id": "95",
      "type": "Feature",
      "properties": {
        "cell_id": "r2_c31",
        "row": 2,
        "col": 31,
        "dominant_nbs": null,
        "dominant_nbs_score": null,
        "riverine": false,
        "pluvial": true,
        "low_lying": true,
        "flood_mechanism_type": "mixed",
        "flood_mechanism_code": 5,
        "flood_score": 0.18607954680919647,
        "risk_score": 0.12341637164354324,
        "dist_river_m": 3258.005022747535,
        "hazard_valid": true,
        "is_interpolated": false
      },
      "geometry": {
        "type": "Polygon",
        "coordinates": [
          [
            [
              -93.24737227981664,
              44.884323171031895
            ],
            [
              -93.24737227981664,
              44.88656895924219
            ],
            [
              -93.24961806802693,
              44.88656895924219
            ],
            [
              -93.24961806802693,
              44.884323171031895
            ],
            [
              -93.24737227981664,
              44.884323171031895
            ]
          ]
        ]
      }
    },
    {
      "id": "96",
      "type": "Feature",
      "properties": {
        "cell_id": "r3_c0",
        "row": 3,
        "col": 0,
        "dominant_nbs": null,
        "dominant_nbs_score": null,
        "riverine": false,
        "pluvial": true,
        "low_lying": true,
        "flood_mechanism_type": "mixed",
        "flood_mechanism_code": 5,
        "flood_score": 0.1818181872367859,
        "risk_score": 0.2909794747829437,
        "dist_river_m": 1937.8543375738084,
        "hazard_valid": true,
        "is_interpolated": false
      },
      "geometry": {
        "type": "Polygon",
        "coordinates": [
          [
            [
              -93.3169917143359,
              44.88207738282159
            ],
            [
              -93.3169917143359,
              44.884323171031895
            ],
            [
              -93.3192375025462,
              44.884323171031895
            ],
            [
              -93.3192375025462,
              44.88207738282159
            ],
            [
              -93.3169917143359,
              44.88207738282159
            ]
          ]
        ]
      }
    },
    {
      "id": "97",
      "type": "Feature",
      "properties": {
        "cell_id": "r3_c1",
        "row": 3,
        "col": 1,
        "dominant_nbs": null,
        "dominant_nbs_score": null,
        "riverine": false,
        "pluvial": true,
        "low_lying": true,
        "flood_mechanism_type": "mixed",
        "flood_mechanism_code": 5,
        "flood_score": 0.1818181872367859,
        "risk_score": 0.2909794747829437,
        "dist_river_m": 2143.8563153194177,
        "hazard_valid": true,
        "is_interpolated": false
      },
      "geometry": {
        "type": "Polygon",
        "coordinates": [
          [
            [
              -93.31474592612561,
              44.88207738282159
            ],
            [
              -93.31474592612561,
              44.884323171031895
            ],
            [
              -93.3169917143359,
              44.884323171031895
            ],
            [
              -93.3169917143359,
              44.88207738282159
            ],
            [
              -93.31474592612561,
              44.88207738282159
            ]
          ]
        ]
      }
    },
    {
      "id": "98",
      "type": "Feature",
      "properties": {
        "cell_id": "r3_c2",
        "row": 3,
        "col": 2,
        "dominant_nbs": null,
        "dominant_nbs_score": null,
        "riverine": false,
        "pluvial": true,
        "low_lying": true,
        "flood_mechanism_type": "mixed",
        "flood_mechanism_code": 5,
        "flood_score": 0.1818181872367859,
        "risk_score": 0.2909794747829437,
        "dist_river_m": 2358.228972935137,
        "hazard_valid": true,
        "is_interpolated": false
      },
      "geometry": {
        "type": "Polygon",
        "coordinates": [
          [
            [
              -93.31250013791531,
              44.88207738282159
            ],
            [
              -93.31250013791531,
              44.884323171031895
            ],
            [
              -93.31474592612561,
              44.884323171031895
            ],
            [
              -93.31474592612561,
              44.88207738282159
            ],
            [
              -93.31250013791531,
              44.88207738282159
            ]
          ]
        ]
      }
    },
    {
      "id": "99",
      "type": "Feature",
      "properties": {
        "cell_id": "r3_c3",
        "row": 3,
        "col": 3,
        "dominant_nbs": null,
        "dominant_nbs_score": null,
        "riverine": false,
        "pluvial": true,
        "low_lying": true,
        "flood_mechanism_type": "mixed",
        "flood_mechanism_code": 5,
        "flood_score": 0.1818181872367859,
        "risk_score": 0.2909794747829437,
        "dist_river_m": 2486.428553679629,
        "hazard_valid": true,
        "is_interpolated": false
      },
      "geometry": {
        "type": "Polygon",
        "coordinates": [
          [
            [
              -93.310254349705,
              44.88207738282159
            ],
            [
              -93.310254349705,
              44.884323171031895
            ],
            [
              -93.31250013791531,
              44.884323171031895
            ],
            [
              -93.31250013791531,
              44.88207738282159
            ],
            [
              -93.310254349705,
              44.88207738282159
            ]
          ]
        ]
      }
    },
    {
      "id": "100",
      "type": "Feature",
      "properties": {
        "cell_id": "r3_c4",
        "row": 3,
        "col": 4,
        "dominant_nbs": null,
        "dominant_nbs_score": null,
        "riverine": false,
        "pluvial": true,
        "low_lying": true,
        "flood_mechanism_type": "mixed",
        "flood_mechanism_code": 5,
        "flood_score": 0.1818181872367859,
        "risk_score": 0.2909794747829437,
        "dist_river_m": 2527.4379559714284,
        "hazard_valid": true,
        "is_interpolated": false
      },
      "geometry": {
        "type": "Polygon",
        "coordinates": [
          [
            [
              -93.3080085614947,
              44.88207738282159
            ],
            [
              -93.3080085614947,
              44.884323171031895
            ],
            [
              -93.310254349705,
              44.884323171031895
            ],
            [
              -93.310254349705,
              44.88207738282159
            ],
            [
              -93.3080085614947,
              44.88207738282159
            ]
          ]
        ]
      }
    },
    {
      "id": "101",
      "type": "Feature",
      "properties": {
        "cell_id": "r3_c5",
        "row": 3,
        "col": 5,
        "dominant_nbs": null,
        "dominant_nbs_score": null,
        "riverine": false,
        "pluvial": true,
        "low_lying": true,
        "flood_mechanism_type": "mixed",
        "flood_mechanism_code": 5,
        "flood_score": 0.1818181872367859,
        "risk_score": 0.2909794747829437,
        "dist_river_m": 2591.8799761944283,
        "hazard_valid": true,
        "is_interpolated": false
      },
      "geometry": {
        "type": "Polygon",
        "coordinates": [
          [
            [
              -93.30576277328441,
              44.88207738282159
            ],
            [
              -93.30576277328441,
              44.884323171031895
            ],
            [
              -93.3080085614947,
              44.884323171031895
            ],
            [
              -93.3080085614947,
              44.88207738282159
            ],
            [
              -93.30576277328441,
              44.88207738282159
            ]
          ]
        ]
      }
    },
    {
      "id": "102",
      "type": "Feature",
      "properties": {
        "cell_id": "r3_c6",
        "row": 3,
        "col": 6,
        "dominant_nbs": null,
        "dominant_nbs_score": null,
        "riverine": false,
        "pluvial": true,
        "low_lying": true,
        "flood_mechanism_type": "mixed",
        "flood_mechanism_code": 5,
        "flood_score": 0.1818181872367859,
        "risk_score": 0.2909794747829437,
        "dist_river_m": 2678.0635768569605,
        "hazard_valid": true,
        "is_interpolated": false
      },
      "geometry": {
        "type": "Polygon",
        "coordinates": [
          [
            [
              -93.30351698507411,
              44.88207738282159
            ],
            [
              -93.30351698507411,
              44.884323171031895
            ],
            [
              -93.30576277328441,
              44.884323171031895
            ],
            [
              -93.30576277328441,
              44.88207738282159
            ],
            [
              -93.30351698507411,
              44.88207738282159
            ]
          ]
        ]
      }
    },
    {
      "id": "103",
      "type": "Feature",
      "properties": {
        "cell_id": "r3_c7",
        "row": 3,
        "col": 7,
        "dominant_nbs": null,
        "dominant_nbs_score": null,
        "riverine": false,
        "pluvial": true,
        "low_lying": true,
        "flood_mechanism_type": "mixed",
        "flood_mechanism_code": 5,
        "flood_score": 0.1818181872367859,
        "risk_score": 0.2909794747829437,
        "dist_river_m": 2736.2693247805446,
        "hazard_valid": true,
        "is_interpolated": false
      },
      "geometry": {
        "type": "Polygon",
        "coordinates": [
          [
            [
              -93.30127119686381,
              44.88207738282159
            ],
            [
              -93.30127119686381,
              44.884323171031895
            ],
            [
              -93.30351698507411,
              44.884323171031895
            ],
            [
              -93.30351698507411,
              44.88207738282159
            ],
            [
              -93.30127119686381,
              44.88207738282159
            ]
          ]
        ]
      }
    },
    {
      "id": "104",
      "type": "Feature",
      "properties": {
        "cell_id": "r3_c8",
        "row": 3,
        "col": 8,
        "dominant_nbs": null,
        "dominant_nbs_score": null,
        "riverine": false,
        "pluvial": true,
        "low_lying": true,
        "flood_mechanism_type": "mixed",
        "flood_mechanism_code": 5,
        "flood_score": 0.1818181872367859,
        "risk_score": 0.2909794747829437,
        "dist_river_m": 2777.6682211578277,
        "hazard_valid": true,
        "is_interpolated": false
      },
      "geometry": {
        "type": "Polygon",
        "coordinates": [
          [
            [
              -93.2990254086535,
              44.88207738282159
            ],
            [
              -93.2990254086535,
              44.884323171031895
            ],
            [
              -93.30127119686381,
              44.884323171031895
            ],
            [
              -93.30127119686381,
              44.88207738282159
            ],
            [
              -93.2990254086535,
              44.88207738282159
            ]
          ]
        ]
      }
    },
    {
      "id": "105",
      "type": "Feature",
      "properties": {
        "cell_id": "r3_c9",
        "row": 3,
        "col": 9,
        "dominant_nbs": null,
        "dominant_nbs_score": null,
        "riverine": false,
        "pluvial": true,
        "low_lying": true,
        "flood_mechanism_type": "mixed",
        "flood_mechanism_code": 5,
        "flood_score": 0.1818181872367859,
        "risk_score": 0.2909794747829437,
        "dist_river_m": 2783.3510332914902,
        "hazard_valid": true,
        "is_interpolated": false
      },
      "geometry": {
        "type": "Polygon",
        "coordinates": [
          [
            [
              -93.29677962044322,
              44.88207738282159
            ],
            [
              -93.29677962044322,
              44.884323171031895
            ],
            [
              -93.2990254086535,
              44.884323171031895
            ],
            [
              -93.2990254086535,
              44.88207738282159
            ],
            [
              -93.29677962044322,
              44.88207738282159
            ]
          ]
        ]
      }
    },
    {
      "id": "106",
      "type": "Feature",
      "properties": {
        "cell_id": "r3_c10",
        "row": 3,
        "col": 10,
        "dominant_nbs": null,
        "dominant_nbs_score": null,
        "riverine": false,
        "pluvial": true,
        "low_lying": true,
        "flood_mechanism_type": "mixed",
        "flood_mechanism_code": 5,
        "flood_score": 0.1818181872367859,
        "risk_score": 0.1007286012172699,
        "dist_river_m": 2771.2382482927883,
        "hazard_valid": true,
        "is_interpolated": false
      },
      "geometry": {
        "type": "Polygon",
        "coordinates": [
          [
            [
              -93.29453383223291,
              44.88207738282159
            ],
            [
              -93.29453383223291,
              44.884323171031895
            ],
            [
              -93.29677962044322,
              44.884323171031895
            ],
            [
              -93.29677962044322,
              44.88207738282159
            ],
            [
              -93.29453383223291,
              44.88207738282159
            ]
          ]
        ]
      }
    },
    {
      "id": "107",
      "type": "Feature",
      "properties": {
        "cell_id": "r3_c11",
        "row": 3,
        "col": 11,
        "dominant_nbs": null,
        "dominant_nbs_score": null,
        "riverine": false,
        "pluvial": true,
        "low_lying": true,
        "flood_mechanism_type": "mixed",
        "flood_mechanism_code": 5,
        "flood_score": 0.1818181872367859,
        "risk_score": 0.1007286012172699,
        "dist_river_m": 2760.6857408041988,
        "hazard_valid": true,
        "is_interpolated": false
      },
      "geometry": {
        "type": "Polygon",
        "coordinates": [
          [
            [
              -93.29228804402261,
              44.88207738282159
            ],
            [
              -93.29228804402261,
              44.884323171031895
            ],
            [
              -93.29453383223291,
              44.884323171031895
            ],
            [
              -93.29453383223291,
              44.88207738282159
            ],
            [
              -93.29228804402261,
              44.88207738282159
            ]
          ]
        ]
      }
    },
    {
      "id": "108",
      "type": "Feature",
      "properties": {
        "cell_id": "r3_c12",
        "row": 3,
        "col": 12,
        "dominant_nbs": null,
        "dominant_nbs_score": null,
        "riverine": false,
        "pluvial": true,
        "low_lying": true,
        "flood_mechanism_type": "mixed",
        "flood_mechanism_code": 5,
        "flood_score": 0.1818181872367859,
        "risk_score": 0.33454832434654236,
        "dist_river_m": 2746.147069255868,
        "hazard_valid": true,
        "is_interpolated": false
      },
      "geometry": {
        "type": "Polygon",
        "coordinates": [
          [
            [
              -93.29004225581232,
              44.88207738282159
            ],
            [
              -93.29004225581232,
              44.884323171031895
            ],
            [
              -93.29228804402261,
              44.884323171031895
            ],
            [
              -93.29228804402261,
              44.88207738282159
            ],
            [
              -93.29004225581232,
              44.88207738282159
            ]
          ]
        ]
      }
    },
    {
      "id": "109",
      "type": "Feature",
      "properties": {
        "cell_id": "r3_c13",
        "row": 3,
        "col": 13,
        "dominant_nbs": null,
        "dominant_nbs_score": null,
        "riverine": false,
        "pluvial": true,
        "low_lying": true,
        "flood_mechanism_type": "mixed",
        "flood_mechanism_code": 5,
        "flood_score": 0.1818181872367859,
        "risk_score": 0.3199698328971863,
        "dist_river_m": 2663.6639923250286,
        "hazard_valid": true,
        "is_interpolated": false
      },
      "geometry": {
        "type": "Polygon",
        "coordinates": [
          [
            [
              -93.28779646760202,
              44.88207738282159
            ],
            [
              -93.28779646760202,
              44.884323171031895
            ],
            [
              -93.29004225581232,
              44.884323171031895
            ],
            [
              -93.29004225581232,
              44.88207738282159
            ],
            [
              -93.28779646760202,
              44.88207738282159
            ]
          ]
        ]
      }
    },
    {
      "id": "110",
      "type": "Feature",
      "properties": {
        "cell_id": "r3_c14",
        "row": 3,
        "col": 14,
        "dominant_nbs": null,
        "dominant_nbs_score": null,
        "riverine": false,
        "pluvial": true,
        "low_lying": true,
        "flood_mechanism_type": "mixed",
        "flood_mechanism_code": 5,
        "flood_score": 0.1818181872367859,
        "risk_score": 0.3199698328971863,
        "dist_river_m": 2596.4755460054203,
        "hazard_valid": true,
        "is_interpolated": false
      },
      "geometry": {
        "type": "Polygon",
        "coordinates": [
          [
            [
              -93.28555067939172,
              44.88207738282159
            ],
            [
              -93.28555067939172,
              44.884323171031895
            ],
            [
              -93.28779646760202,
              44.884323171031895
            ],
            [
              -93.28779646760202,
              44.88207738282159
            ],
            [
              -93.28555067939172,
              44.88207738282159
            ]
          ]
        ]
      }
    },
    {
      "id": "111",
      "type": "Feature",
      "properties": {
        "cell_id": "r3_c15",
        "row": 3,
        "col": 15,
        "dominant_nbs": null,
        "dominant_nbs_score": null,
        "riverine": false,
        "pluvial": true,
        "low_lying": true,
        "flood_mechanism_type": "mixed",
        "flood_mechanism_code": 5,
        "flood_score": 0.1818181872367859,
        "risk_score": 0.3199698328971863,
        "dist_river_m": 2551.384472769395,
        "hazard_valid": true,
        "is_interpolated": false
      },
      "geometry": {
        "type": "Polygon",
        "coordinates": [
          [
            [
              -93.28330489118142,
              44.88207738282159
            ],
            [
              -93.28330489118142,
              44.884323171031895
            ],
            [
              -93.28555067939172,
              44.884323171031895
            ],
            [
              -93.28555067939172,
              44.88207738282159
            ],
            [
              -93.28330489118142,
              44.88207738282159
            ]
          ]
        ]
      }
    },
    {
      "id": "112",
      "type": "Feature",
      "properties": {
        "cell_id": "r3_c16",
        "row": 3,
        "col": 16,
        "dominant_nbs": null,
        "dominant_nbs_score": null,
        "riverine": false,
        "pluvial": true,
        "low_lying": true,
        "flood_mechanism_type": "mixed",
        "flood_mechanism_code": 5,
        "flood_score": 0.1818181872367859,
        "risk_score": 0.3199698328971863,
        "dist_river_m": 2523.5166859165574,
        "hazard_valid": true,
        "is_interpolated": false
      },
      "geometry": {
        "type": "Polygon",
        "coordinates": [
          [
            [
              -93.28105910297113,
              44.88207738282159
            ],
            [
              -93.28105910297113,
              44.884323171031895
            ],
            [
              -93.28330489118142,
              44.884323171031895
            ],
            [
              -93.28330489118142,
              44.88207738282159
            ],
            [
              -93.28105910297113,
              44.88207738282159
            ]
          ]
        ]
      }
    },
    {
      "id": "113",
      "type": "Feature",
      "properties": {
        "cell_id": "r3_c17",
        "row": 3,
        "col": 17,
        "dominant_nbs": null,
        "dominant_nbs_score": null,
        "riverine": false,
        "pluvial": true,
        "low_lying": true,
        "flood_mechanism_type": "mixed",
        "flood_mechanism_code": 5,
        "flood_score": 0.1818181872367859,
        "risk_score": 0.3199698328971863,
        "dist_river_m": 2512.915508399881,
        "hazard_valid": true,
        "is_interpolated": false
      },
      "geometry": {
        "type": "Polygon",
        "coordinates": [
          [
            [
              -93.27881331476082,
              44.88207738282159
            ],
            [
              -93.27881331476082,
              44.884323171031895
            ],
            [
              -93.28105910297113,
              44.884323171031895
            ],
            [
              -93.28105910297113,
              44.88207738282159
            ],
            [
              -93.27881331476082,
              44.88207738282159
            ]
          ]
        ]
      }
    },
    {
      "id": "114",
      "type": "Feature",
      "properties": {
        "cell_id": "r3_c18",
        "row": 3,
        "col": 18,
        "dominant_nbs": null,
        "dominant_nbs_score": null,
        "riverine": false,
        "pluvial": true,
        "low_lying": true,
        "flood_mechanism_type": "mixed",
        "flood_mechanism_code": 5,
        "flood_score": 0.1818181872367859,
        "risk_score": 0.3199698328971863,
        "dist_river_m": 2525.907195552187,
        "hazard_valid": true,
        "is_interpolated": false
      },
      "geometry": {
        "type": "Polygon",
        "coordinates": [
          [
            [
              -93.27656752655052,
              44.88207738282159
            ],
            [
              -93.27656752655052,
              44.884323171031895
            ],
            [
              -93.27881331476082,
              44.884323171031895
            ],
            [
              -93.27881331476082,
              44.88207738282159
            ],
            [
              -93.27656752655052,
              44.88207738282159
            ]
          ]
        ]
      }
    },
    {
      "id": "115",
      "type": "Feature",
      "properties": {
        "cell_id": "r3_c19",
        "row": 3,
        "col": 19,
        "dominant_nbs": null,
        "dominant_nbs_score": null,
        "riverine": false,
        "pluvial": true,
        "low_lying": true,
        "flood_mechanism_type": "mixed",
        "flood_mechanism_code": 5,
        "flood_score": 0.1818181872367859,
        "risk_score": 0.3199698328971863,
        "dist_river_m": 2560.962637590985,
        "hazard_valid": true,
        "is_interpolated": false
      },
      "geometry": {
        "type": "Polygon",
        "coordinates": [
          [
            [
              -93.27432173834022,
              44.88207738282159
            ],
            [
              -93.27432173834022,
              44.884323171031895
            ],
            [
              -93.27656752655052,
              44.884323171031895
            ],
            [
              -93.27656752655052,
              44.88207738282159
            ],
            [
              -93.27432173834022,
              44.88207738282159
            ]
          ]
        ]
      }
    },
    {
      "id": "116",
      "type": "Feature",
      "properties": {
        "cell_id": "r3_c20",
        "row": 3,
        "col": 20,
        "dominant_nbs": null,
        "dominant_nbs_score": null,
        "riverine": false,
        "pluvial": true,
        "low_lying": true,
        "flood_mechanism_type": "mixed",
        "flood_mechanism_code": 5,
        "flood_score": 0.1818181872367859,
        "risk_score": 0.24191495776176453,
        "dist_river_m": 2618.1649819487798,
        "hazard_valid": true,
        "is_interpolated": false
      },
      "geometry": {
        "type": "Polygon",
        "coordinates": [
          [
            [
              -93.27207595012993,
              44.88207738282159
            ],
            [
              -93.27207595012993,
              44.884323171031895
            ],
            [
              -93.27432173834022,
              44.884323171031895
            ],
            [
              -93.27432173834022,
              44.88207738282159
            ],
            [
              -93.27207595012993,
              44.88207738282159
            ]
          ]
        ]
      }
    },
    {
      "id": "117",
      "type": "Feature",
      "properties": {
        "cell_id": "r3_c21",
        "row": 3,
        "col": 21,
        "dominant_nbs": null,
        "dominant_nbs_score": null,
        "riverine": false,
        "pluvial": true,
        "low_lying": true,
        "flood_mechanism_type": "mixed",
        "flood_mechanism_code": 5,
        "flood_score": 0.1818181872367859,
        "risk_score": 0.24191495776176453,
        "dist_river_m": 2695.380968607109,
        "hazard_valid": true,
        "is_interpolated": false
      },
      "geometry": {
        "type": "Polygon",
        "coordinates": [
          [
            [
              -93.26983016191963,
              44.88207738282159
            ],
            [
              -93.26983016191963,
              44.884323171031895
            ],
            [
              -93.27207595012993,
              44.884323171031895
            ],
            [
              -93.27207595012993,
              44.88207738282159
            ],
            [
              -93.26983016191963,
              44.88207738282159
            ]
          ]
        ]
      }
    },
    {
      "id": "118",
      "type": "Feature",
      "properties": {
        "cell_id": "r3_c22",
        "row": 3,
        "col": 22,
        "dominant_nbs": null,
        "dominant_nbs_score": null,
        "riverine": false,
        "pluvial": true,
        "low_lying": true,
        "flood_mechanism_type": "mixed",
        "flood_mechanism_code": 5,
        "flood_score": 0.1818181872367859,
        "risk_score": 0.24191495776176453,
        "dist_river_m": 2787.9481030923002,
        "hazard_valid": true,
        "is_interpolated": false
      },
      "geometry": {
        "type": "Polygon",
        "coordinates": [
          [
            [
              -93.26758437370933,
              44.88207738282159
            ],
            [
              -93.26758437370933,
              44.884323171031895
            ],
            [
              -93.26983016191963,
              44.884323171031895
            ],
            [
              -93.26983016191963,
              44.88207738282159
            ],
            [
              -93.26758437370933,
              44.88207738282159
            ]
          ]
        ]
      }
    },
    {
      "id": "119",
      "type": "Feature",
      "properties": {
        "cell_id": "r3_c23",
        "row": 3,
        "col": 23,
        "dominant_nbs": null,
        "dominant_nbs_score": null,
        "riverine": false,
        "pluvial": true,
        "low_lying": true,
        "flood_mechanism_type": "mixed",
        "flood_mechanism_code": 5,
        "flood_score": 0.1818181872367859,
        "risk_score": 0.214639812707901,
        "dist_river_m": 2898.6548616526907,
        "hazard_valid": true,
        "is_interpolated": false
      },
      "geometry": {
        "type": "Polygon",
        "coordinates": [
          [
            [
              -93.26533858549902,
              44.88207738282159
            ],
            [
              -93.26533858549902,
              44.884323171031895
            ],
            [
              -93.26758437370933,
              44.884323171031895
            ],
            [
              -93.26758437370933,
              44.88207738282159
            ],
            [
              -93.26533858549902,
              44.88207738282159
            ]
          ]
        ]
      }
    },
    {
      "id": "120",
      "type": "Feature",
      "properties": {
        "cell_id": "r3_c24",
        "row": 3,
        "col": 24,
        "dominant_nbs": null,
        "dominant_nbs_score": null,
        "riverine": false,
        "pluvial": true,
        "low_lying": true,
        "flood_mechanism_type": "mixed",
        "flood_mechanism_code": 5,
        "flood_score": 0.1818181872367859,
        "risk_score": 0.214639812707901,
        "dist_river_m": 3025.4835320644725,
        "hazard_valid": true,
        "is_interpolated": false
      },
      "geometry": {
        "type": "Polygon",
        "coordinates": [
          [
            [
              -93.26309279728873,
              44.88207738282159
            ],
            [
              -93.26309279728873,
              44.884323171031895
            ],
            [
              -93.26533858549902,
              44.884323171031895
            ],
            [
              -93.26533858549902,
              44.88207738282159
            ],
            [
              -93.26309279728873,
              44.88207738282159
            ]
          ]
        ]
      }
    },
    {
      "id": "121",
      "type": "Feature",
      "properties": {
        "cell_id": "r3_c25",
        "row": 3,
        "col": 25,
        "dominant_nbs": null,
        "dominant_nbs_score": null,
        "riverine": false,
        "pluvial": true,
        "low_lying": true,
        "flood_mechanism_type": "mixed",
        "flood_mechanism_code": 5,
        "flood_score": 0.1818181872367859,
        "risk_score": 0.19413906335830688,
        "dist_river_m": 3091.7838492417136,
        "hazard_valid": true,
        "is_interpolated": false
      },
      "geometry": {
        "type": "Polygon",
        "coordinates": [
          [
            [
              -93.26084700907843,
              44.88207738282159
            ],
            [
              -93.26084700907843,
              44.884323171031895
            ],
            [
              -93.26309279728873,
              44.884323171031895
            ],
            [
              -93.26309279728873,
              44.88207738282159
            ],
            [
              -93.26084700907843,
              44.88207738282159
            ]
          ]
        ]
      }
    },
    {
      "id": "122",
      "type": "Feature",
      "properties": {
        "cell_id": "r3_c26",
        "row": 3,
        "col": 26,
        "dominant_nbs": null,
        "dominant_nbs_score": null,
        "riverine": false,
        "pluvial": true,
        "low_lying": true,
        "flood_mechanism_type": "mixed",
        "flood_mechanism_code": 5,
        "flood_score": 0.1818181872367859,
        "risk_score": 0.19413906335830688,
        "dist_river_m": 3118.0919340638766,
        "hazard_valid": true,
        "is_interpolated": false
      },
      "geometry": {
        "type": "Polygon",
        "coordinates": [
          [
            [
              -93.25860122086813,
              44.88207738282159
            ],
            [
              -93.25860122086813,
              44.884323171031895
            ],
            [
              -93.26084700907843,
              44.884323171031895
            ],
            [
              -93.26084700907843,
              44.88207738282159
            ],
            [
              -93.25860122086813,
              44.88207738282159
            ]
          ]
        ]
      }
    },
    {
      "id": "123",
      "type": "Feature",
      "properties": {
        "cell_id": "r3_c27",
        "row": 3,
        "col": 27,
        "dominant_nbs": null,
        "dominant_nbs_score": null,
        "riverine": false,
        "pluvial": true,
        "low_lying": true,
        "flood_mechanism_type": "mixed",
        "flood_mechanism_code": 5,
        "flood_score": 0.1818181872367859,
        "risk_score": 0.20953568816184998,
        "dist_river_m": 3156.391382046909,
        "hazard_valid": true,
        "is_interpolated": false
      },
      "geometry": {
        "type": "Polygon",
        "coordinates": [
          [
            [
              -93.25635543265784,
              44.88207738282159
            ],
            [
              -93.25635543265784,
              44.884323171031895
            ],
            [
              -93.25860122086813,
              44.884323171031895
            ],
            [
              -93.25860122086813,
              44.88207738282159
            ],
            [
              -93.25635543265784,
              44.88207738282159
            ]
          ]
        ]
      }
    },
    {
      "id": "124",
      "type": "Feature",
      "properties": {
        "cell_id": "r3_c28",
        "row": 3,
        "col": 28,
        "dominant_nbs": null,
        "dominant_nbs_score": null,
        "riverine": false,
        "pluvial": true,
        "low_lying": true,
        "flood_mechanism_type": "mixed",
        "flood_mechanism_code": 5,
        "flood_score": 0.1818181872367859,
        "risk_score": 0.20953568816184998,
        "dist_river_m": 3211.023347421913,
        "hazard_valid": true,
        "is_interpolated": false
      },
      "geometry": {
        "type": "Polygon",
        "coordinates": [
          [
            [
              -93.25410964444754,
              44.88207738282159
            ],
            [
              -93.25410964444754,
              44.884323171031895
            ],
            [
              -93.25635543265784,
              44.884323171031895
            ],
            [
              -93.25635543265784,
              44.88207738282159
            ],
            [
              -93.25410964444754,
              44.88207738282159
            ]
          ]
        ]
      }
    },
    {
      "id": "125",
      "type": "Feature",
      "properties": {
        "cell_id": "r3_c29",
        "row": 3,
        "col": 29,
        "dominant_nbs": null,
        "dominant_nbs_score": null,
        "riverine": false,
        "pluvial": true,
        "low_lying": true,
        "flood_mechanism_type": "mixed",
        "flood_mechanism_code": 5,
        "flood_score": 0.1818181872367859,
        "risk_score": 0.20953568816184998,
        "dist_river_m": 3283.720274277334,
        "hazard_valid": true,
        "is_interpolated": false
      },
      "geometry": {
        "type": "Polygon",
        "coordinates": [
          [
            [
              -93.25186385623724,
              44.88207738282159
            ],
            [
              -93.25186385623724,
              44.884323171031895
            ],
            [
              -93.25410964444754,
              44.884323171031895
            ],
            [
              -93.25410964444754,
              44.88207738282159
            ],
            [
              -93.25186385623724,
              44.88207738282159
            ]
          ]
        ]
      }
    },
    {
      "id": "126",
      "type": "Feature",
      "properties": {
        "cell_id": "r3_c30",
        "row": 3,
        "col": 30,
        "dominant_nbs": null,
        "dominant_nbs_score": null,
        "riverine": false,
        "pluvial": true,
        "low_lying": true,
        "flood_mechanism_type": "mixed",
        "flood_mechanism_code": 5,
        "flood_score": 0.1818181872367859,
        "risk_score": 0.20953568816184998,
        "dist_river_m": 3373.3144328230537,
        "hazard_valid": true,
        "is_interpolated": false
      },
      "geometry": {
        "type": "Polygon",
        "coordinates": [
          [
            [
              -93.24961806802693,
              44.88207738282159
            ],
            [
              -93.24961806802693,
              44.884323171031895
            ],
            [
              -93.25186385623724,
              44.884323171031895
            ],
            [
              -93.25186385623724,
              44.88207738282159
            ],
            [
              -93.24961806802693,
              44.88207738282159
            ]
          ]
        ]
      }
    },
    {
      "id": "127",
      "type": "Feature",
      "properties": {
        "cell_id": "r3_c31",
        "row": 3,
        "col": 31,
        "dominant_nbs": null,
        "dominant_nbs_score": null,
        "riverine": false,
        "pluvial": true,
        "low_lying": true,
        "flood_mechanism_type": "mixed",
        "flood_mechanism_code": 5,
        "flood_score": 0.18607954680919647,
        "risk_score": 0.21116004884243011,
        "dist_river_m": 3478.500424991432,
        "hazard_valid": true,
        "is_interpolated": false
      },
      "geometry": {
        "type": "Polygon",
        "coordinates": [
          [
            [
              -93.24737227981664,
              44.88207738282159
            ],
            [
              -93.24737227981664,
              44.884323171031895
            ],
            [
              -93.24961806802693,
              44.884323171031895
            ],
            [
              -93.24961806802693,
              44.88207738282159
            ],
            [
              -93.24737227981664,
              44.88207738282159
            ]
          ]
        ]
      }
    },
    {
      "id": "128",
      "type": "Feature",
      "properties": {
        "cell_id": "r3_c32",
        "row": 3,
        "col": 32,
        "dominant_nbs": null,
        "dominant_nbs_score": null,
        "riverine": false,
        "pluvial": true,
        "low_lying": true,
        "flood_mechanism_type": "mixed",
        "flood_mechanism_code": 5,
        "flood_score": 0.19460226595401764,
        "risk_score": 0.2143358588218689,
        "dist_river_m": 3597.9110149660487,
        "hazard_valid": true,
        "is_interpolated": false
      },
      "geometry": {
        "type": "Polygon",
        "coordinates": [
          [
            [
              -93.24512649160634,
              44.88207738282159
            ],
            [
              -93.24512649160634,
              44.884323171031895
            ],
            [
              -93.24737227981664,
              44.884323171031895
            ],
            [
              -93.24737227981664,
              44.88207738282159
            ],
            [
              -93.24512649160634,
              44.88207738282159
            ]
          ]
        ]
      }
    },
    {
      "id": "129",
      "type": "Feature",
      "properties": {
        "cell_id": "r4_c0",
        "row": 4,
        "col": 0,
        "dominant_nbs": null,
        "dominant_nbs_score": null,
        "riverine": false,
        "pluvial": true,
        "low_lying": true,
        "flood_mechanism_type": "mixed",
        "flood_mechanism_code": 5,
        "flood_score": 0.1818181872367859,
        "risk_score": 0.17807845771312714,
        "dist_river_m": 2095.0701501517324,
        "hazard_valid": true,
        "is_interpolated": false
      },
      "geometry": {
        "type": "Polygon",
        "coordinates": [
          [
            [
              -93.3169917143359,
              44.8798315946113
            ],
            [
              -93.3169917143359,
              44.88207738282159
            ],
            [
              -93.3192375025462,
              44.88207738282159
            ],
            [
              -93.3192375025462,
              44.8798315946113
            ],
            [
              -93.3169917143359,
              44.8798315946113
            ]
          ]
        ]
      }
    },
    {
      "id": "130",
      "type": "Feature",
      "properties": {
        "cell_id": "r4_c1",
        "row": 4,
        "col": 1,
        "dominant_nbs": null,
        "dominant_nbs_score": null,
        "riverine": false,
        "pluvial": true,
        "low_lying": true,
        "flood_mechanism_type": "mixed",
        "flood_mechanism_code": 5,
        "flood_score": 0.1818181872367859,
        "risk_score": 0.17807845771312714,
        "dist_river_m": 2286.954175565861,
        "hazard_valid": true,
        "is_interpolated": false
      },
      "geometry": {
        "type": "Polygon",
        "coordinates": [
          [
            [
              -93.31474592612561,
              44.8798315946113
            ],
            [
              -93.31474592612561,
              44.88207738282159
            ],
            [
              -93.3169917143359,
              44.88207738282159
            ],
            [
              -93.3169917143359,
              44.8798315946113
            ],
            [
              -93.31474592612561,
              44.8798315946113
            ]
          ]
        ]
      }
    },
    {
      "id": "131",
      "type": "Feature",
      "properties": {
        "cell_id": "r4_c2",
        "row": 4,
        "col": 2,
        "dominant_nbs": null,
        "dominant_nbs_score": null,
        "riverine": false,
        "pluvial": true,
        "low_lying": true,
        "flood_mechanism_type": "mixed",
        "flood_mechanism_code": 5,
        "flood_score": 0.1818181872367859,
        "risk_score": 0.17807845771312714,
        "dist_river_m": 2489.0326211590495,
        "hazard_valid": true,
        "is_interpolated": false
      },
      "geometry": {
        "type": "Polygon",
        "coordinates": [
          [
            [
              -93.31250013791531,
              44.8798315946113
            ],
            [
              -93.31250013791531,
              44.88207738282159
            ],
            [
              -93.31474592612561,
              44.88207738282159
            ],
            [
              -93.31474592612561,
              44.8798315946113
            ],
            [
              -93.31250013791531,
              44.8798315946113
            ]
          ]
        ]
      }
    },
    {
      "id": "132",
      "type": "Feature",
      "properties": {
        "cell_id": "r4_c3",
        "row": 4,
        "col": 3,
        "dominant_nbs": null,
        "dominant_nbs_score": null,
        "riverine": false,
        "pluvial": true,
        "low_lying": true,
        "flood_mechanism_type": "mixed",
        "flood_mechanism_code": 5,
        "flood_score": 0.1818181872367859,
        "risk_score": 0.17807845771312714,
        "dist_river_m": 2699.016653938301,
        "hazard_valid": true,
        "is_interpolated": false
      },
      "geometry": {
        "type": "Polygon",
        "coordinates": [
          [
            [
              -93.310254349705,
              44.8798315946113
            ],
            [
              -93.310254349705,
              44.88207738282159
            ],
            [
              -93.31250013791531,
              44.88207738282159
            ],
            [
              -93.31250013791531,
              44.8798315946113
            ],
            [
              -93.310254349705,
              44.8798315946113
            ]
          ]
        ]
      }
    },
    {
      "id": "133",
      "type": "Feature",
      "properties": {
        "cell_id": "r4_c4",
        "row": 4,
        "col": 4,
        "dominant_nbs": null,
        "dominant_nbs_score": null,
        "riverine": false,
        "pluvial": true,
        "low_lying": true,
        "flood_mechanism_type": "mixed",
        "flood_mechanism_code": 5,
        "flood_score": 0.1818181872367859,
        "risk_score": 0.17807845771312714,
        "dist_river_m": 2771.5338573511663,
        "hazard_valid": true,
        "is_interpolated": false
      },
      "geometry": {
        "type": "Polygon",
        "coordinates": [
          [
            [
              -93.3080085614947,
              44.8798315946113
            ],
            [
              -93.3080085614947,
              44.88207738282159
            ],
            [
              -93.310254349705,
              44.88207738282159
            ],
            [
              -93.310254349705,
              44.8798315946113
            ],
            [
              -93.3080085614947,
              44.8798315946113
            ]
          ]
        ]
      }
    },
    {
      "id": "134",
      "type": "Feature",
      "properties": {
        "cell_id": "r4_c5",
        "row": 4,
        "col": 5,
        "dominant_nbs": null,
        "dominant_nbs_score": null,
        "riverine": false,
        "pluvial": true,
        "low_lying": true,
        "flood_mechanism_type": "mixed",
        "flood_mechanism_code": 5,
        "flood_score": 0.1818181872367859,
        "risk_score": 0.14384140074253082,
        "dist_river_m": 2830.423839667203,
        "hazard_valid": true,
        "is_interpolated": false
      },
      "geometry": {
        "type": "Polygon",
        "coordinates": [
          [
            [
              -93.30576277328441,
              44.8798315946113
            ],
            [
              -93.30576277328441,
              44.88207738282159
            ],
            [
              -93.3080085614947,
              44.88207738282159
            ],
            [
              -93.3080085614947,
              44.8798315946113
            ],
            [
              -93.30576277328441,
              44.8798315946113
            ]
          ]
        ]
      }
    },
    {
      "id": "135",
      "type": "Feature",
      "properties": {
        "cell_id": "r4_c6",
        "row": 4,
        "col": 6,
        "dominant_nbs": null,
        "dominant_nbs_score": null,
        "riverine": false,
        "pluvial": true,
        "low_lying": true,
        "flood_mechanism_type": "mixed",
        "flood_mechanism_code": 5,
        "flood_score": 0.1818181872367859,
        "risk_score": 0.14384140074253082,
        "dist_river_m": 2909.5501066052634,
        "hazard_valid": true,
        "is_interpolated": false
      },
      "geometry": {
        "type": "Polygon",
        "coordinates": [
          [
            [
              -93.30351698507411,
              44.8798315946113
            ],
            [
              -93.30351698507411,
              44.88207738282159
            ],
            [
              -93.30576277328441,
              44.88207738282159
            ],
            [
              -93.30576277328441,
              44.8798315946113
            ],
            [
              -93.30351698507411,
              44.8798315946113
            ]
          ]
        ]
      }
    },
    {
      "id": "136",
      "type": "Feature",
      "properties": {
        "cell_id": "r4_c7",
        "row": 4,
        "col": 7,
        "dominant_nbs": null,
        "dominant_nbs_score": null,
        "riverine": false,
        "pluvial": true,
        "low_lying": true,
        "flood_mechanism_type": "mixed",
        "flood_mechanism_code": 5,
        "flood_score": 0.1818181872367859,
        "risk_score": 0.14384140074253082,
        "dist_river_m": 2983.4420994856614,
        "hazard_valid": true,
        "is_interpolated": false
      },
      "geometry": {
        "type": "Polygon",
        "coordinates": [
          [
            [
              -93.30127119686381,
              44.8798315946113
            ],
            [
              -93.30127119686381,
              44.88207738282159
            ],
            [
              -93.30351698507411,
              44.88207738282159
            ],
            [
              -93.30351698507411,
              44.8798315946113
            ],
            [
              -93.30127119686381,
              44.8798315946113
            ]
          ]
        ]
      }
    },
    {
      "id": "137",
      "type": "Feature",
      "properties": {
        "cell_id": "r4_c8",
        "row": 4,
        "col": 8,
        "dominant_nbs": null,
        "dominant_nbs_score": null,
        "riverine": false,
        "pluvial": true,
        "low_lying": true,
        "flood_mechanism_type": "mixed",
        "flood_mechanism_code": 5,
        "flood_score": 0.1818181872367859,
        "risk_score": 0.14384140074253082,
        "dist_river_m": 3022.034947373218,
        "hazard_valid": true,
        "is_interpolated": false
      },
      "geometry": {
        "type": "Polygon",
        "coordinates": [
          [
            [
              -93.2990254086535,
              44.8798315946113
            ],
            [
              -93.2990254086535,
              44.88207738282159
            ],
            [
              -93.30127119686381,
              44.88207738282159
            ],
            [
              -93.30127119686381,
              44.8798315946113
            ],
            [
              -93.2990254086535,
              44.8798315946113
            ]
          ]
        ]
      }
    },
    {
      "id": "138",
      "type": "Feature",
      "properties": {
        "cell_id": "r4_c9",
        "row": 4,
        "col": 9,
        "dominant_nbs": null,
        "dominant_nbs_score": null,
        "riverine": false,
        "pluvial": true,
        "low_lying": true,
        "flood_mechanism_type": "mixed",
        "flood_mechanism_code": 5,
        "flood_score": 0.1818181872367859,
        "risk_score": 0.14384140074253082,
        "dist_river_m": 3031.807567434445,
        "hazard_valid": true,
        "is_interpolated": false
      },
      "geometry": {
        "type": "Polygon",
        "coordinates": [
          [
            [
              -93.29677962044322,
              44.8798315946113
            ],
            [
              -93.29677962044322,
              44.88207738282159
            ],
            [
              -93.2990254086535,
              44.88207738282159
            ],
            [
              -93.2990254086535,
              44.8798315946113
            ],
            [
              -93.29677962044322,
              44.8798315946113
            ]
          ]
        ]
      }
    },
    {
      "id": "139",
      "type": "Feature",
      "properties": {
        "cell_id": "r4_c10",
        "row": 4,
        "col": 10,
        "dominant_nbs": null,
        "dominant_nbs_score": null,
        "riverine": false,
        "pluvial": false,
        "low_lying": true,
        "flood_mechanism_type": "low_lying",
        "flood_mechanism_code": 3,
        "flood_score": 0.1818181872367859,
        "risk_score": 0.1007286012172699,
        "dist_river_m": 3020.511695433808,
        "hazard_valid": true,
        "is_interpolated": false
      },
      "geometry": {
        "type": "Polygon",
        "coordinates": [
          [
            [
              -93.29453383223291,
              44.8798315946113
            ],
            [
              -93.29453383223291,
              44.88207738282159
            ],
            [
              -93.29677962044322,
              44.88207738282159
            ],
            [
              -93.29677962044322,
              44.8798315946113
            ],
            [
              -93.29453383223291,
              44.8798315946113
            ]
          ]
        ]
      }
    },
    {
      "id": "140",
      "type": "Feature",
      "properties": {
        "cell_id": "r4_c11",
        "row": 4,
        "col": 11,
        "dominant_nbs": null,
        "dominant_nbs_score": null,
        "riverine": false,
        "pluvial": false,
        "low_lying": true,
        "flood_mechanism_type": "low_lying",
        "flood_mechanism_code": 3,
        "flood_score": 0.1818181872367859,
        "risk_score": 0.1007286012172699,
        "dist_river_m": 3009.5166460443693,
        "hazard_valid": true,
        "is_interpolated": false
      },
      "geometry": {
        "type": "Polygon",
        "coordinates": [
          [
            [
              -93.29228804402261,
              44.8798315946113
            ],
            [
              -93.29228804402261,
              44.88207738282159
            ],
            [
              -93.29453383223291,
              44.88207738282159
            ],
            [
              -93.29453383223291,
              44.8798315946113
            ],
            [
              -93.29228804402261,
              44.8798315946113
            ]
          ]
        ]
      }
    },
    {
      "id": "141",
      "type": "Feature",
      "properties": {
        "cell_id": "r4_c12",
        "row": 4,
        "col": 12,
        "dominant_nbs": null,
        "dominant_nbs_score": null,
        "riverine": false,
        "pluvial": false,
        "low_lying": true,
        "flood_mechanism_type": "low_lying",
        "flood_mechanism_code": 3,
        "flood_score": 0.1818181872367859,
        "risk_score": 0.1007286012172699,
        "dist_river_m": 2982.175849816862,
        "hazard_valid": true,
        "is_interpolated": false
      },
      "geometry": {
        "type": "Polygon",
        "coordinates": [
          [
            [
              -93.29004225581232,
              44.8798315946113
            ],
            [
              -93.29004225581232,
              44.88207738282159
            ],
            [
              -93.29228804402261,
              44.88207738282159
            ],
            [
              -93.29228804402261,
              44.8798315946113
            ],
            [
              -93.29004225581232,
              44.8798315946113
            ]
          ]
        ]
      }
    },
    {
      "id": "142",
      "type": "Feature",
      "properties": {
        "cell_id": "r4_c13",
        "row": 4,
        "col": 13,
        "dominant_nbs": null,
        "dominant_nbs_score": null,
        "riverine": false,
        "pluvial": true,
        "low_lying": true,
        "flood_mechanism_type": "mixed",
        "flood_mechanism_code": 5,
        "flood_score": 0.1818181872367859,
        "risk_score": 0.1007286012172699,
        "dist_river_m": 2901.4760667162636,
        "hazard_valid": true,
        "is_interpolated": false
      },
      "geometry": {
        "type": "Polygon",
        "coordinates": [
          [
            [
              -93.28779646760202,
              44.8798315946113
            ],
            [
              -93.28779646760202,
              44.88207738282159
            ],
            [
              -93.29004225581232,
              44.88207738282159
            ],
            [
              -93.29004225581232,
              44.8798315946113
            ],
            [
              -93.28779646760202,
              44.8798315946113
            ]
          ]
        ]
      }
    },
    {
      "id": "143",
      "type": "Feature",
      "properties": {
        "cell_id": "r4_c14",
        "row": 4,
        "col": 14,
        "dominant_nbs": null,
        "dominant_nbs_score": null,
        "riverine": false,
        "pluvial": true,
        "low_lying": true,
        "flood_mechanism_type": "mixed",
        "flood_mechanism_code": 5,
        "flood_score": 0.1818181872367859,
        "risk_score": 0.3199698328971863,
        "dist_river_m": 2839.919499338408,
        "hazard_valid": true,
        "is_interpolated": false
      },
      "geometry": {
        "type": "Polygon",
        "coordinates": [
          [
            [
              -93.28555067939172,
              44.8798315946113
            ],
            [
              -93.28555067939172,
              44.88207738282159
            ],
            [
              -93.28779646760202,
              44.88207738282159
            ],
            [
              -93.28779646760202,
              44.8798315946113
            ],
            [
              -93.28555067939172,
              44.8798315946113
            ]
          ]
        ]
      }
    },
    {
      "id": "144",
      "type": "Feature",
      "properties": {
        "cell_id": "r4_c15",
        "row": 4,
        "col": 15,
        "dominant_nbs": null,
        "dominant_nbs_score": null,
        "riverine": false,
        "pluvial": true,
        "low_lying": true,
        "flood_mechanism_type": "mixed",
        "flood_mechanism_code": 5,
        "flood_score": 0.1818181872367859,
        "risk_score": 0.3199698328971863,
        "dist_river_m": 2798.5239547060614,
        "hazard_valid": true,
        "is_interpolated": false
      },
      "geometry": {
        "type": "Polygon",
        "coordinates": [
          [
            [
              -93.28330489118142,
              44.8798315946113
            ],
            [
              -93.28330489118142,
              44.88207738282159
            ],
            [
              -93.28555067939172,
              44.88207738282159
            ],
            [
              -93.28555067939172,
              44.8798315946113
            ],
            [
              -93.28330489118142,
              44.8798315946113
            ]
          ]
        ]
      }
    },
    {
      "id": "145",
      "type": "Feature",
      "properties": {
        "cell_id": "r4_c16",
        "row": 4,
        "col": 16,
        "dominant_nbs": null,
        "dominant_nbs_score": null,
        "riverine": false,
        "pluvial": true,
        "low_lying": true,
        "flood_mechanism_type": "mixed",
        "flood_mechanism_code": 5,
        "flood_score": 0.1818181872367859,
        "risk_score": 0.3199698328971863,
        "dist_river_m": 2771.9462076163672,
        "hazard_valid": true,
        "is_interpolated": false
      },
      "geometry": {
        "type": "Polygon",
        "coordinates": [
          [
            [
              -93.28105910297113,
              44.8798315946113
            ],
            [
              -93.28105910297113,
              44.88207738282159
            ],
            [
              -93.28330489118142,
              44.88207738282159
            ],
            [
              -93.28330489118142,
              44.8798315946113
            ],
            [
              -93.28105910297113,
              44.8798315946113
            ]
          ]
        ]
      }
    },
    {
      "id": "146",
      "type": "Feature",
      "properties": {
        "cell_id": "r4_c17",
        "row": 4,
        "col": 17,
        "dominant_nbs": null,
        "dominant_nbs_score": null,
        "riverine": false,
        "pluvial": true,
        "low_lying": true,
        "flood_mechanism_type": "mixed",
        "flood_mechanism_code": 5,
        "flood_score": 0.1818181872367859,
        "risk_score": 0.3199698328971863,
        "dist_river_m": 2762.19343795627,
        "hazard_valid": true,
        "is_interpolated": false
      },
      "geometry": {
        "type": "Polygon",
        "coordinates": [
          [
            [
              -93.27881331476082,
              44.8798315946113
            ],
            [
              -93.27881331476082,
              44.88207738282159
            ],
            [
              -93.28105910297113,
              44.88207738282159
            ],
            [
              -93.28105910297113,
              44.8798315946113
            ],
            [
              -93.27881331476082,
              44.8798315946113
            ]
          ]
        ]
      }
    },
    {
      "id": "147",
      "type": "Feature",
      "properties": {
        "cell_id": "r4_c18",
        "row": 4,
        "col": 18,
        "dominant_nbs": null,
        "dominant_nbs_score": null,
        "riverine": false,
        "pluvial": true,
        "low_lying": true,
        "flood_mechanism_type": "mixed",
        "flood_mechanism_code": 5,
        "flood_score": 0.1818181872367859,
        "risk_score": 0.3199698328971863,
        "dist_river_m": 2774.1186557558362,
        "hazard_valid": true,
        "is_interpolated": false
      },
      "geometry": {
        "type": "Polygon",
        "coordinates": [
          [
            [
              -93.27656752655052,
              44.8798315946113
            ],
            [
              -93.27656752655052,
              44.88207738282159
            ],
            [
              -93.27881331476082,
              44.88207738282159
            ],
            [
              -93.27881331476082,
              44.8798315946113
            ],
            [
              -93.27656752655052,
              44.8798315946113
            ]
          ]
        ]
      }
    },
    {
      "id": "148",
      "type": "Feature",
      "properties": {
        "cell_id": "r4_c19",
        "row": 4,
        "col": 19,
        "dominant_nbs": null,
        "dominant_nbs_score": null,
        "riverine": false,
        "pluvial": true,
        "low_lying": true,
        "flood_mechanism_type": "mixed",
        "flood_mechanism_code": 5,
        "flood_score": 0.1818181872367859,
        "risk_score": 0.3199698328971863,
        "dist_river_m": 2806.193148805707,
        "hazard_valid": true,
        "is_interpolated": false
      },
      "geometry": {
        "type": "Polygon",
        "coordinates": [
          [
            [
              -93.27432173834022,
              44.8798315946113
            ],
            [
              -93.27432173834022,
              44.88207738282159
            ],
            [
              -93.27656752655052,
              44.88207738282159
            ],
            [
              -93.27656752655052,
              44.8798315946113
            ],
            [
              -93.27432173834022,
              44.8798315946113
            ]
          ]
        ]
      }
    },
    {
      "id": "149",
      "type": "Feature",
      "properties": {
        "cell_id": "r4_c20",
        "row": 4,
        "col": 20,
        "dominant_nbs": null,
        "dominant_nbs_score": null,
        "riverine": false,
        "pluvial": true,
        "low_lying": true,
        "flood_mechanism_type": "mixed",
        "flood_mechanism_code": 5,
        "flood_score": 0.1818181872367859,
        "risk_score": 0.24191495776176453,
        "dist_river_m": 2858.6870215410017,
        "hazard_valid": true,
        "is_interpolated": false
      },
      "geometry": {
        "type": "Polygon",
        "coordinates": [
          [
            [
              -93.27207595012993,
              44.8798315946113
            ],
            [
              -93.27207595012993,
              44.88207738282159
            ],
            [
              -93.27432173834022,
              44.88207738282159
            ],
            [
              -93.27432173834022,
              44.8798315946113
            ],
            [
              -93.27207595012993,
              44.8798315946113
            ]
          ]
        ]
      }
    },
    {
      "id": "150",
      "type": "Feature",
      "properties": {
        "cell_id": "r4_c21",
        "row": 4,
        "col": 21,
        "dominant_nbs": null,
        "dominant_nbs_score": null,
        "riverine": false,
        "pluvial": true,
        "low_lying": true,
        "flood_mechanism_type": "mixed",
        "flood_mechanism_code": 5,
        "flood_score": 0.1818181872367859,
        "risk_score": 0.24191495776176453,
        "dist_river_m": 2931.155243759327,
        "hazard_valid": true,
        "is_interpolated": false
      },
      "geometry": {
        "type": "Polygon",
        "coordinates": [
          [
            [
              -93.26983016191963,
              44.8798315946113
            ],
            [
              -93.26983016191963,
              44.88207738282159
            ],
            [
              -93.27207595012993,
              44.88207738282159
            ],
            [
              -93.27207595012993,
              44.8798315946113
            ],
            [
              -93.26983016191963,
              44.8798315946113
            ]
          ]
        ]
      }
    },
    {
      "id": "151",
      "type": "Feature",
      "properties": {
        "cell_id": "r4_c22",
        "row": 4,
        "col": 22,
        "dominant_nbs": null,
        "dominant_nbs_score": null,
        "riverine": false,
        "pluvial": true,
        "low_lying": true,
        "flood_mechanism_type": "mixed",
        "flood_mechanism_code": 5,
        "flood_score": 0.1818181872367859,
        "risk_score": 0.24191495776176453,
        "dist_river_m": 3017.059473306577,
        "hazard_valid": true,
        "is_interpolated": false
      },
      "geometry": {
        "type": "Polygon",
        "coordinates": [
          [
            [
              -93.26758437370933,
              44.8798315946113
            ],
            [
              -93.26758437370933,
              44.88207738282159
            ],
            [
              -93.26983016191963,
              44.88207738282159
            ],
            [
              -93.26983016191963,
              44.8798315946113
            ],
            [
              -93.26758437370933,
              44.8798315946113
            ]
          ]
        ]
      }
    },
    {
      "id": "152",
      "type": "Feature",
      "properties": {
        "cell_id": "r4_c23",
        "row": 4,
        "col": 23,
        "dominant_nbs": null,
        "dominant_nbs_score": null,
        "riverine": false,
        "pluvial": true,
        "low_lying": true,
        "flood_mechanism_type": "mixed",
        "flood_mechanism_code": 5,
        "flood_score": 0.1818181872367859,
        "risk_score": 0.214639812707901,
        "dist_river_m": 3120.016536768094,
        "hazard_valid": true,
        "is_interpolated": false
      },
      "geometry": {
        "type": "Polygon",
        "coordinates": [
          [
            [
              -93.26533858549902,
              44.8798315946113
            ],
            [
              -93.26533858549902,
              44.88207738282159
            ],
            [
              -93.26758437370933,
              44.88207738282159
            ],
            [
              -93.26758437370933,
              44.8798315946113
            ],
            [
              -93.26533858549902,
              44.8798315946113
            ]
          ]
        ]
      }
    },
    {
      "id": "153",
      "type": "Feature",
      "properties": {
        "cell_id": "r4_c24",
        "row": 4,
        "col": 24,
        "dominant_nbs": null,
        "dominant_nbs_score": null,
        "riverine": false,
        "pluvial": true,
        "low_lying": true,
        "flood_mechanism_type": "mixed",
        "flood_mechanism_code": 5,
        "flood_score": 0.1818181872367859,
        "risk_score": 0.214639812707901,
        "dist_river_m": 3238.198423114302,
        "hazard_valid": true,
        "is_interpolated": false
      },
      "geometry": {
        "type": "Polygon",
        "coordinates": [
          [
            [
              -93.26309279728873,
              44.8798315946113
            ],
            [
              -93.26309279728873,
              44.88207738282159
            ],
            [
              -93.26533858549902,
              44.88207738282159
            ],
            [
              -93.26533858549902,
              44.8798315946113
            ],
            [
              -93.26309279728873,
              44.8798315946113
            ]
          ]
        ]
      }
    },
    {
      "id": "154",
      "type": "Feature",
      "properties": {
        "cell_id": "r4_c25",
        "row": 4,
        "col": 25,
        "dominant_nbs": null,
        "dominant_nbs_score": null,
        "riverine": false,
        "pluvial": true,
        "low_lying": true,
        "flood_mechanism_type": "mixed",
        "flood_mechanism_code": 5,
        "flood_score": 0.1818181872367859,
        "risk_score": 0.19413906335830688,
        "dist_river_m": 3340.2704760688434,
        "hazard_valid": true,
        "is_interpolated": false
      },
      "geometry": {
        "type": "Polygon",
        "coordinates": [
          [
            [
              -93.26084700907843,
              44.8798315946113
            ],
            [
              -93.26084700907843,
              44.88207738282159
            ],
            [
              -93.26309279728873,
              44.88207738282159
            ],
            [
              -93.26309279728873,
              44.8798315946113
            ],
            [
              -93.26084700907843,
              44.8798315946113
            ]
          ]
        ]
      }
    },
    {
      "id": "155",
      "type": "Feature",
      "properties": {
        "cell_id": "r4_c26",
        "row": 4,
        "col": 26,
        "dominant_nbs": null,
        "dominant_nbs_score": null,
        "riverine": false,
        "pluvial": true,
        "low_lying": true,
        "flood_mechanism_type": "mixed",
        "flood_mechanism_code": 5,
        "flood_score": 0.1818181872367859,
        "risk_score": 0.19413906335830688,
        "dist_river_m": 3365.014482129451,
        "hazard_valid": true,
        "is_interpolated": false
      },
      "geometry": {
        "type": "Polygon",
        "coordinates": [
          [
            [
              -93.25860122086813,
              44.8798315946113
            ],
            [
              -93.25860122086813,
              44.88207738282159
            ],
            [
              -93.26084700907843,
              44.88207738282159
            ],
            [
              -93.26084700907843,
              44.8798315946113
            ],
            [
              -93.25860122086813,
              44.8798315946113
            ]
          ]
        ]
      }
    },
    {
      "id": "156",
      "type": "Feature",
      "properties": {
        "cell_id": "r4_c27",
        "row": 4,
        "col": 27,
        "dominant_nbs": null,
        "dominant_nbs_score": null,
        "riverine": false,
        "pluvial": true,
        "low_lying": true,
        "flood_mechanism_type": "mixed",
        "flood_mechanism_code": 5,
        "flood_score": 0.1818181872367859,
        "risk_score": 0.20953568816184998,
        "dist_river_m": 3401.831647225189,
        "hazard_valid": true,
        "is_interpolated": false
      },
      "geometry": {
        "type": "Polygon",
        "coordinates": [
          [
            [
              -93.25635543265784,
              44.8798315946113
            ],
            [
              -93.25635543265784,
              44.88207738282159
            ],
            [
              -93.25860122086813,
              44.88207738282159
            ],
            [
              -93.25860122086813,
              44.8798315946113
            ],
            [
              -93.25635543265784,
              44.8798315946113
            ]
          ]
        ]
      }
    },
    {
      "id": "157",
      "type": "Feature",
      "properties": {
        "cell_id": "r4_c28",
        "row": 4,
        "col": 28,
        "dominant_nbs": null,
        "dominant_nbs_score": null,
        "riverine": false,
        "pluvial": true,
        "low_lying": true,
        "flood_mechanism_type": "mixed",
        "flood_mechanism_code": 5,
        "flood_score": 0.1818181872367859,
        "risk_score": 0.20953568816184998,
        "dist_river_m": 3452.5820681182186,
        "hazard_valid": true,
        "is_interpolated": false
      },
      "geometry": {
        "type": "Polygon",
        "coordinates": [
          [
            [
              -93.25410964444754,
              44.8798315946113
            ],
            [
              -93.25410964444754,
              44.88207738282159
            ],
            [
              -93.25635543265784,
              44.88207738282159
            ],
            [
              -93.25635543265784,
              44.8798315946113
            ],
            [
              -93.25410964444754,
              44.8798315946113
            ]
          ]
        ]
      }
    },
    {
      "id": "158",
      "type": "Feature",
      "properties": {
        "cell_id": "r4_c29",
        "row": 4,
        "col": 29,
        "dominant_nbs": null,
        "dominant_nbs_score": null,
        "riverine": false,
        "pluvial": true,
        "low_lying": true,
        "flood_mechanism_type": "mixed",
        "flood_mechanism_code": 5,
        "flood_score": 0.1818181872367859,
        "risk_score": 0.20953568816184998,
        "dist_river_m": 3520.2941409920354,
        "hazard_valid": true,
        "is_interpolated": false
      },
      "geometry": {
        "type": "Polygon",
        "coordinates": [
          [
            [
              -93.25186385623724,
              44.8798315946113
            ],
            [
              -93.25186385623724,
              44.88207738282159
            ],
            [
              -93.25410964444754,
              44.88207738282159
            ],
            [
              -93.25410964444754,
              44.8798315946113
            ],
            [
              -93.25186385623724,
              44.8798315946113
            ]
          ]
        ]
      }
    },
    {
      "id": "159",
      "type": "Feature",
      "properties": {
        "cell_id": "r4_c30",
        "row": 4,
        "col": 30,
        "dominant_nbs": null,
        "dominant_nbs_score": null,
        "riverine": false,
        "pluvial": true,
        "low_lying": true,
        "flood_mechanism_type": "mixed",
        "flood_mechanism_code": 5,
        "flood_score": 0.1818181872367859,
        "risk_score": 0.20953568816184998,
        "dist_river_m": 3604.011967529405,
        "hazard_valid": true,
        "is_interpolated": false
      },
      "geometry": {
        "type": "Polygon",
        "coordinates": [
          [
            [
              -93.24961806802693,
              44.8798315946113
            ],
            [
              -93.24961806802693,
              44.88207738282159
            ],
            [
              -93.25186385623724,
              44.88207738282159
            ],
            [
              -93.25186385623724,
              44.8798315946113
            ],
            [
              -93.24961806802693,
              44.8798315946113
            ]
          ]
        ]
      }
    },
    {
      "id": "160",
      "type": "Feature",
      "properties": {
        "cell_id": "r4_c31",
        "row": 4,
        "col": 31,
        "dominant_nbs": null,
        "dominant_nbs_score": null,
        "riverine": false,
        "pluvial": true,
        "low_lying": true,
        "flood_mechanism_type": "mixed",
        "flood_mechanism_code": 5,
        "flood_score": 0.19460226595401764,
        "risk_score": 0.2143358588218689,
        "dist_river_m": 3702.6500247887893,
        "hazard_valid": true,
        "is_interpolated": false
      },
      "geometry": {
        "type": "Polygon",
        "coordinates": [
          [
            [
              -93.24737227981664,
              44.8798315946113
            ],
            [
              -93.24737227981664,
              44.88207738282159
            ],
            [
              -93.24961806802693,
              44.88207738282159
            ],
            [
              -93.24961806802693,
              44.8798315946113
            ],
            [
              -93.24737227981664,
              44.8798315946113
            ]
          ]
        ]
      }
    },
    {
      "id": "161",
      "type": "Feature",
      "properties": {
        "cell_id": "r4_c32",
        "row": 4,
        "col": 32,
        "dominant_nbs": null,
        "dominant_nbs_score": null,
        "riverine": false,
        "pluvial": true,
        "low_lying": true,
        "flood_mechanism_type": "mixed",
        "flood_mechanism_code": 5,
        "flood_score": 0.22017045319080353,
        "risk_score": 0.22333933413028717,
        "dist_river_m": 3815.0512016245425,
        "hazard_valid": true,
        "is_interpolated": false
      },
      "geometry": {
        "type": "Polygon",
        "coordinates": [
          [
            [
              -93.24512649160634,
              44.8798315946113
            ],
            [
              -93.24512649160634,
              44.88207738282159
            ],
            [
              -93.24737227981664,
              44.88207738282159
            ],
            [
              -93.24737227981664,
              44.8798315946113
            ],
            [
              -93.24512649160634,
              44.8798315946113
            ]
          ]
        ]
      }
    },
    {
      "id": "162",
      "type": "Feature",
      "properties": {
        "cell_id": "r5_c0",
        "row": 5,
        "col": 0,
        "dominant_nbs": null,
        "dominant_nbs_score": null,
        "riverine": false,
        "pluvial": true,
        "low_lying": true,
        "flood_mechanism_type": "mixed",
        "flood_mechanism_code": 5,
        "flood_score": 0.1818181872367859,
        "risk_score": 0.17807845771312714,
        "dist_river_m": 2268.8415448061423,
        "hazard_valid": true,
        "is_interpolated": false
      },
      "geometry": {
        "type": "Polygon",
        "coordinates": [
          [
            [
              -93.3169917143359,
              44.877585806400994
            ],
            [
              -93.3169917143359,
              44.8798315946113
            ],
            [
              -93.3192375025462,
              44.8798315946113
            ],
            [
              -93.3192375025462,
              44.877585806400994
            ],
            [
              -93.3169917143359,
              44.877585806400994
            ]
          ]
        ]
      }
    },
    {
      "id": "163",
      "type": "Feature",
      "properties": {
        "cell_id": "r5_c1",
        "row": 5,
        "col": 1,
        "dominant_nbs": null,
        "dominant_nbs_score": null,
        "riverine": false,
        "pluvial": true,
        "low_lying": true,
        "flood_mechanism_type": "mixed",
        "flood_mechanism_code": 5,
        "flood_score": 0.1818181872367859,
        "risk_score": 0.17807845771312714,
        "dist_river_m": 2447.1375977904568,
        "hazard_valid": true,
        "is_interpolated": false
      },
      "geometry": {
        "type": "Polygon",
        "coordinates": [
          [
            [
              -93.31474592612561,
              44.877585806400994
            ],
            [
              -93.31474592612561,
              44.8798315946113
            ],
            [
              -93.3169917143359,
              44.8798315946113
            ],
            [
              -93.3169917143359,
              44.877585806400994
            ],
            [
              -93.31474592612561,
              44.877585806400994
            ]
          ]
        ]
      }
    },
    {
      "id": "164",
      "type": "Feature",
      "properties": {
        "cell_id": "r5_c2",
        "row": 5,
        "col": 2,
        "dominant_nbs": null,
        "dominant_nbs_score": null,
        "riverine": false,
        "pluvial": true,
        "low_lying": true,
        "flood_mechanism_type": "mixed",
        "flood_mechanism_code": 5,
        "flood_score": 0.1818181872367859,
        "risk_score": 0.17807845771312714,
        "dist_river_m": 2636.9691713357984,
        "hazard_valid": true,
        "is_interpolated": false
      },
      "geometry": {
        "type": "Polygon",
        "coordinates": [
          [
            [
              -93.31250013791531,
              44.877585806400994
            ],
            [
              -93.31250013791531,
              44.8798315946113
            ],
            [
              -93.31474592612561,
              44.8798315946113
            ],
            [
              -93.31474592612561,
              44.877585806400994
            ],
            [
              -93.31250013791531,
              44.877585806400994
            ]
          ]
        ]
      }
    },
    {
      "id": "165",
      "type": "Feature",
      "properties": {
        "cell_id": "r5_c3",
        "row": 5,
        "col": 3,
        "dominant_nbs": null,
        "dominant_nbs_score": null,
        "riverine": false,
        "pluvial": true,
        "low_lying": true,
        "flood_mechanism_type": "mixed",
        "flood_mechanism_code": 5,
        "flood_score": 0.1818181872367859,
        "risk_score": 0.17807845771312714,
        "dist_river_m": 2836.020789701271,
        "hazard_valid": true,
        "is_interpolated": false
      },
      "geometry": {
        "type": "Polygon",
        "coordinates": [
          [
            [
              -93.310254349705,
              44.877585806400994
            ],
            [
              -93.310254349705,
              44.8798315946113
            ],
            [
              -93.31250013791531,
              44.8798315946113
            ],
            [
              -93.31250013791531,
              44.877585806400994
            ],
            [
              -93.310254349705,
              44.877585806400994
            ]
          ]
        ]
      }
    },
    {
      "id": "166",
      "type": "Feature",
      "properties": {
        "cell_id": "r5_c4",
        "row": 5,
        "col": 4,
        "dominant_nbs": null,
        "dominant_nbs_score": null,
        "riverine": false,
        "pluvial": true,
        "low_lying": true,
        "flood_mechanism_type": "mixed",
        "flood_mechanism_code": 5,
        "flood_score": 0.1818181872367859,
        "risk_score": 0.17807845771312714,
        "dist_river_m": 2862.6738416846624,
        "hazard_valid": true,
        "is_interpolated": false
      },
      "geometry": {
        "type": "Polygon",
        "coordinates": [
          [
            [
              -93.3080085614947,
              44.877585806400994
            ],
            [
              -93.3080085614947,
              44.8798315946113
            ],
            [
              -93.310254349705,
              44.8798315946113
            ],
            [
              -93.310254349705,
              44.877585806400994
            ],
            [
              -93.3080085614947,
              44.877585806400994
            ]
          ]
        ]
      }
    },
    {
      "id": "167",
      "type": "Feature",
      "properties": {
        "cell_id": "r5_c5",
        "row": 5,
        "col": 5,
        "dominant_nbs": null,
        "dominant_nbs_score": null,
        "riverine": false,
        "pluvial": true,
        "low_lying": true,
        "flood_mechanism_type": "mixed",
        "flood_mechanism_code": 5,
        "flood_score": 0.1818181872367859,
        "risk_score": 0.14384140074253082,
        "dist_river_m": 2863.01250079951,
        "hazard_valid": true,
        "is_interpolated": false
      },
      "geometry": {
        "type": "Polygon",
        "coordinates": [
          [
            [
              -93.30576277328441,
              44.877585806400994
            ],
            [
              -93.30576277328441,
              44.8798315946113
            ],
            [
              -93.3080085614947,
              44.8798315946113
            ],
            [
              -93.3080085614947,
              44.877585806400994
            ],
            [
              -93.30576277328441,
              44.877585806400994
            ]
          ]
        ]
      }
    },
    {
      "id": "168",
      "type": "Feature",
      "properties": {
        "cell_id": "r5_c6",
        "row": 5,
        "col": 6,
        "dominant_nbs": null,
        "dominant_nbs_score": null,
        "riverine": false,
        "pluvial": true,
        "low_lying": true,
        "flood_mechanism_type": "mixed",
        "flood_mechanism_code": 5,
        "flood_score": 0.1818181872367859,
        "risk_score": 0.14384140074253082,
        "dist_river_m": 2884.9719507445207,
        "hazard_valid": true,
        "is_interpolated": false
      },
      "geometry": {
        "type": "Polygon",
        "coordinates": [
          [
            [
              -93.30351698507411,
              44.877585806400994
            ],
            [
              -93.30351698507411,
              44.8798315946113
            ],
            [
              -93.30576277328441,
              44.8798315946113
            ],
            [
              -93.30576277328441,
              44.877585806400994
            ],
            [
              -93.30351698507411,
              44.877585806400994
            ]
          ]
        ]
      }
    },
    {
      "id": "169",
      "type": "Feature",
      "properties": {
        "cell_id": "r5_c7",
        "row": 5,
        "col": 7,
        "dominant_nbs": null,
        "dominant_nbs_score": null,
        "riverine": false,
        "pluvial": true,
        "low_lying": true,
        "flood_mechanism_type": "mixed",
        "flood_mechanism_code": 5,
        "flood_score": 0.1818181872367859,
        "risk_score": 0.14384140074253082,
        "dist_river_m": 2928.0657872411903,
        "hazard_valid": true,
        "is_interpolated": false
      },
      "geometry": {
        "type": "Polygon",
        "coordinates": [
          [
            [
              -93.30127119686381,
              44.877585806400994
            ],
            [
              -93.30127119686381,
              44.8798315946113
            ],
            [
              -93.30351698507411,
              44.8798315946113
            ],
            [
              -93.30351698507411,
              44.877585806400994
            ],
            [
              -93.30127119686381,
              44.877585806400994
            ]
          ]
        ]
      }
    },
    {
      "id": "170",
      "type": "Feature",
      "properties": {
        "cell_id": "r5_c8",
        "row": 5,
        "col": 8,
        "dominant_nbs": null,
        "dominant_nbs_score": null,
        "riverine": false,
        "pluvial": true,
        "low_lying": true,
        "flood_mechanism_type": "mixed",
        "flood_mechanism_code": 5,
        "flood_score": 0.1818181872367859,
        "risk_score": 0.14384140074253082,
        "dist_river_m": 2991.380763664671,
        "hazard_valid": true,
        "is_interpolated": false
      },
      "geometry": {
        "type": "Polygon",
        "coordinates": [
          [
            [
              -93.2990254086535,
              44.877585806400994
            ],
            [
              -93.2990254086535,
              44.8798315946113
            ],
            [
              -93.30127119686381,
              44.8798315946113
            ],
            [
              -93.30127119686381,
              44.877585806400994
            ],
            [
              -93.2990254086535,
              44.877585806400994
            ]
          ]
        ]
      }
    },
    {
      "id": "171",
      "type": "Feature",
      "properties": {
        "cell_id": "r5_c9",
        "row": 5,
        "col": 9,
        "dominant_nbs": null,
        "dominant_nbs_score": null,
        "riverine": false,
        "pluvial": true,
        "low_lying": true,
        "flood_mechanism_type": "mixed",
        "flood_mechanism_code": 5,
        "flood_score": 0.1818181872367859,
        "risk_score": 0.14384140074253082,
        "dist_river_m": 3073.6675182932645,
        "hazard_valid": true,
        "is_interpolated": false
      },
      "geometry": {
        "type": "Polygon",
        "coordinates": [
          [
            [
              -93.29677962044322,
              44.877585806400994
            ],
            [
              -93.29677962044322,
              44.8798315946113
            ],
            [
              -93.2990254086535,
              44.8798315946113
            ],
            [
              -93.2990254086535,
              44.877585806400994
            ],
            [
              -93.29677962044322,
              44.877585806400994
            ]
          ]
        ]
      }
    },
    {
      "id": "172",
      "type": "Feature",
      "properties": {
        "cell_id": "r5_c10",
        "row": 5,
        "col": 10,
        "dominant_nbs": null,
        "dominant_nbs_score": null,
        "riverine": false,
        "pluvial": false,
        "low_lying": true,
        "flood_mechanism_type": "low_lying",
        "flood_mechanism_code": 3,
        "flood_score": 0.1818181872367859,
        "risk_score": 0.1007286012172699,
        "dist_river_m": 3173.45059419283,
        "hazard_valid": true,
        "is_interpolated": false
      },
      "geometry": {
        "type": "Polygon",
        "coordinates": [
          [
            [
              -93.29453383223291,
              44.877585806400994
            ],
            [
              -93.29453383223291,
              44.8798315946113
            ],
            [
              -93.29677962044322,
              44.8798315946113
            ],
            [
              -93.29677962044322,
              44.877585806400994
            ],
            [
              -93.29453383223291,
              44.877585806400994
            ]
          ]
        ]
      }
    },
    {
      "id": "173",
      "type": "Feature",
      "properties": {
        "cell_id": "r5_c11",
        "row": 5,
        "col": 11,
        "dominant_nbs": null,
        "dominant_nbs_score": null,
        "riverine": false,
        "pluvial": false,
        "low_lying": true,
        "flood_mechanism_type": "low_lying",
        "flood_mechanism_code": 3,
        "flood_score": 0.1818181872367859,
        "risk_score": 0.1007286012172699,
        "dist_river_m": 3258.3939585366747,
        "hazard_valid": true,
        "is_interpolated": false
      },
      "geometry": {
        "type": "Polygon",
        "coordinates": [
          [
            [
              -93.29228804402261,
              44.877585806400994
            ],
            [
              -93.29228804402261,
              44.8798315946113
            ],
            [
              -93.29453383223291,
              44.8798315946113
            ],
            [
              -93.29453383223291,
              44.877585806400994
            ],
            [
              -93.29228804402261,
              44.877585806400994
            ]
          ]
        ]
      }
    },
    {
      "id": "174",
      "type": "Feature",
      "properties": {
        "cell_id": "r5_c12",
        "row": 5,
        "col": 12,
        "dominant_nbs": null,
        "dominant_nbs_score": null,
        "riverine": false,
        "pluvial": false,
        "low_lying": true,
        "flood_mechanism_type": "low_lying",
        "flood_mechanism_code": 3,
        "flood_score": 0.1818181872367859,
        "risk_score": 0.1007286012172699,
        "dist_river_m": 3216.0501867906773,
        "hazard_valid": true,
        "is_interpolated": false
      },
      "geometry": {
        "type": "Polygon",
        "coordinates": [
          [
            [
              -93.29004225581232,
              44.877585806400994
            ],
            [
              -93.29004225581232,
              44.8798315946113
            ],
            [
              -93.29228804402261,
              44.8798315946113
            ],
            [
              -93.29228804402261,
              44.877585806400994
            ],
            [
              -93.29004225581232,
              44.877585806400994
            ]
          ]
        ]
      }
    },
    {
      "id": "175",
      "type": "Feature",
      "properties": {
        "cell_id": "r5_c13",
        "row": 5,
        "col": 13,
        "dominant_nbs": null,
        "dominant_nbs_score": null,
        "riverine": false,
        "pluvial": false,
        "low_lying": true,
        "flood_mechanism_type": "low_lying",
        "flood_mechanism_code": 3,
        "flood_score": 0.1818181872367859,
        "risk_score": 0.1007286012172699,
        "dist_river_m": 3141.0673963514073,
        "hazard_valid": true,
        "is_interpolated": false
      },
      "geometry": {
        "type": "Polygon",
        "coordinates": [
          [
            [
              -93.28779646760202,
              44.877585806400994
            ],
            [
              -93.28779646760202,
              44.8798315946113
            ],
            [
              -93.29004225581232,
              44.8798315946113
            ],
            [
              -93.29004225581232,
              44.877585806400994
            ],
            [
              -93.28779646760202,
              44.877585806400994
            ]
          ]
        ]
      }
    },
    {
      "id": "176",
      "type": "Feature",
      "properties": {
        "cell_id": "r5_c14",
        "row": 5,
        "col": 14,
        "dominant_nbs": null,
        "dominant_nbs_score": null,
        "riverine": false,
        "pluvial": true,
        "low_lying": true,
        "flood_mechanism_type": "mixed",
        "flood_mechanism_code": 5,
        "flood_score": 0.1818181872367859,
        "risk_score": 0.1007286012172699,
        "dist_river_m": 3084.2963193274804,
        "hazard_valid": true,
        "is_interpolated": false
      },
      "geometry": {
        "type": "Polygon",
        "coordinates": [
          [
            [
              -93.28555067939172,
              44.877585806400994
            ],
            [
              -93.28555067939172,
              44.8798315946113
            ],
            [
              -93.28779646760202,
              44.8798315946113
            ],
            [
              -93.28779646760202,
              44.877585806400994
            ],
            [
              -93.28555067939172,
              44.877585806400994
            ]
          ]
        ]
      }
    },
    {
      "id": "177",
      "type": "Feature",
      "properties": {
        "cell_id": "r5_c15",
        "row": 5,
        "col": 15,
        "dominant_nbs": null,
        "dominant_nbs_score": null,
        "riverine": false,
        "pluvial": true,
        "low_lying": true,
        "flood_mechanism_type": "mixed",
        "flood_mechanism_code": 5,
        "flood_score": 0.1818181872367859,
        "risk_score": 0.1007286012172699,
        "dist_river_m": 3046.012712254286,
        "hazard_valid": true,
        "is_interpolated": false
      },
      "geometry": {
        "type": "Polygon",
        "coordinates": [
          [
            [
              -93.28330489118142,
              44.877585806400994
            ],
            [
              -93.28330489118142,
              44.8798315946113
            ],
            [
              -93.28555067939172,
              44.8798315946113
            ],
            [
              -93.28555067939172,
              44.877585806400994
            ],
            [
              -93.28330489118142,
              44.877585806400994
            ]
          ]
        ]
      }
    },
    {
      "id": "178",
      "type": "Feature",
      "properties": {
        "cell_id": "r5_c16",
        "row": 5,
        "col": 16,
        "dominant_nbs": null,
        "dominant_nbs_score": null,
        "riverine": false,
        "pluvial": true,
        "low_lying": true,
        "flood_mechanism_type": "mixed",
        "flood_mechanism_code": 5,
        "flood_score": 0.1818181872367859,
        "risk_score": 0.1007286012172699,
        "dist_river_m": 3020.456864571697,
        "hazard_valid": true,
        "is_interpolated": false
      },
      "geometry": {
        "type": "Polygon",
        "coordinates": [
          [
            [
              -93.28105910297113,
              44.877585806400994
            ],
            [
              -93.28105910297113,
              44.8798315946113
            ],
            [
              -93.28330489118142,
              44.8798315946113
            ],
            [
              -93.28330489118142,
              44.877585806400994
            ],
            [
              -93.28105910297113,
              44.877585806400994
            ]
          ]
        ]
      }
    },
    {
      "id": "179",
      "type": "Feature",
      "properties": {
        "cell_id": "r5_c17",
        "row": 5,
        "col": 17,
        "dominant_nbs": null,
        "dominant_nbs_score": null,
        "riverine": false,
        "pluvial": true,
        "low_lying": true,
        "flood_mechanism_type": "mixed",
        "flood_mechanism_code": 5,
        "flood_score": 0.1818181872367859,
        "risk_score": 0.1007286012172699,
        "dist_river_m": 3011.472122732819,
        "hazard_valid": true,
        "is_interpolated": false
      },
      "geometry": {
        "type": "Polygon",
        "coordinates": [
          [
            [
              -93.27881331476082,
              44.877585806400994
            ],
            [
              -93.27881331476082,
              44.8798315946113
            ],
            [
              -93.28105910297113,
              44.8798315946113
            ],
            [
              -93.28105910297113,
              44.877585806400994
            ],
            [
              -93.27881331476082,
              44.877585806400994
            ]
          ]
        ]
      }
    },
    {
      "id": "180",
      "type": "Feature",
      "properties": {
        "cell_id": "r5_c18",
        "row": 5,
        "col": 18,
        "dominant_nbs": null,
        "dominant_nbs_score": null,
        "riverine": false,
        "pluvial": true,
        "low_lying": true,
        "flood_mechanism_type": "mixed",
        "flood_mechanism_code": 5,
        "flood_score": 0.1818181872367859,
        "risk_score": 0.1882956176996231,
        "dist_river_m": 3022.469793376038,
        "hazard_valid": true,
        "is_interpolated": false
      },
      "geometry": {
        "type": "Polygon",
        "coordinates": [
          [
            [
              -93.27656752655052,
              44.877585806400994
            ],
            [
              -93.27656752655052,
              44.8798315946113
            ],
            [
              -93.27881331476082,
              44.8798315946113
            ],
            [
              -93.27881331476082,
              44.877585806400994
            ],
            [
              -93.27656752655052,
              44.877585806400994
            ]
          ]
        ]
      }
    },
    {
      "id": "181",
      "type": "Feature",
      "properties": {
        "cell_id": "r5_c19",
        "row": 5,
        "col": 19,
        "dominant_nbs": null,
        "dominant_nbs_score": null,
        "riverine": false,
        "pluvial": true,
        "low_lying": true,
        "flood_mechanism_type": "mixed",
        "flood_mechanism_code": 5,
        "flood_score": 0.1818181872367859,
        "risk_score": 0.1882956176996231,
        "dist_river_m": 3052.064082254493,
        "hazard_valid": true,
        "is_interpolated": false
      },
      "geometry": {
        "type": "Polygon",
        "coordinates": [
          [
            [
              -93.27432173834022,
              44.877585806400994
            ],
            [
              -93.27432173834022,
              44.8798315946113
            ],
            [
              -93.27656752655052,
              44.8798315946113
            ],
            [
              -93.27656752655052,
              44.877585806400994
            ],
            [
              -93.27432173834022,
              44.877585806400994
            ]
          ]
        ]
      }
    },
    {
      "id": "182",
      "type": "Feature",
      "properties": {
        "cell_id": "r5_c20",
        "row": 5,
        "col": 20,
        "dominant_nbs": null,
        "dominant_nbs_score": null,
        "riverine": false,
        "pluvial": true,
        "low_lying": true,
        "flood_mechanism_type": "mixed",
        "flood_mechanism_code": 5,
        "flood_score": 0.1818181872367859,
        "risk_score": 0.24191495776176453,
        "dist_river_m": 3100.5932694449384,
        "hazard_valid": true,
        "is_interpolated": false
      },
      "geometry": {
        "type": "Polygon",
        "coordinates": [
          [
            [
              -93.27207595012993,
              44.877585806400994
            ],
            [
              -93.27207595012993,
              44.8798315946113
            ],
            [
              -93.27432173834022,
              44.8798315946113
            ],
            [
              -93.27432173834022,
              44.877585806400994
            ],
            [
              -93.27207595012993,
              44.877585806400994
            ]
          ]
        ]
      }
    },
    {
      "id": "183",
      "type": "Feature",
      "properties": {
        "cell_id": "r5_c21",
        "row": 5,
        "col": 21,
        "dominant_nbs": null,
        "dominant_nbs_score": null,
        "riverine": false,
        "pluvial": true,
        "low_lying": true,
        "flood_mechanism_type": "mixed",
        "flood_mechanism_code": 5,
        "flood_score": 0.1818181872367859,
        "risk_score": 0.24191495776176453,
        "dist_river_m": 3167.6821063647044,
        "hazard_valid": true,
        "is_interpolated": false
      },
      "geometry": {
        "type": "Polygon",
        "coordinates": [
          [
            [
              -93.26983016191963,
              44.877585806400994
            ],
            [
              -93.26983016191963,
              44.8798315946113
            ],
            [
              -93.27207595012993,
              44.8798315946113
            ],
            [
              -93.27207595012993,
              44.877585806400994
            ],
            [
              -93.26983016191963,
              44.877585806400994
            ]
          ]
        ]
      }
    },
    {
      "id": "184",
      "type": "Feature",
      "properties": {
        "cell_id": "r5_c22",
        "row": 5,
        "col": 22,
        "dominant_nbs": null,
        "dominant_nbs_score": null,
        "riverine": false,
        "pluvial": true,
        "low_lying": true,
        "flood_mechanism_type": "mixed",
        "flood_mechanism_code": 5,
        "flood_score": 0.1818181872367859,
        "risk_score": 0.24191495776176453,
        "dist_river_m": 3249.1421369921795,
        "hazard_valid": true,
        "is_interpolated": false
      },
      "geometry": {
        "type": "Polygon",
        "coordinates": [
          [
            [
              -93.26758437370933,
              44.877585806400994
            ],
            [
              -93.26758437370933,
              44.8798315946113
            ],
            [
              -93.26983016191963,
              44.8798315946113
            ],
            [
              -93.26983016191963,
              44.877585806400994
            ],
            [
              -93.26758437370933,
              44.877585806400994
            ]
          ]
        ]
      }
    },
    {
      "id": "185",
      "type": "Feature",
      "properties": {
        "cell_id": "r5_c23",
        "row": 5,
        "col": 23,
        "dominant_nbs": null,
        "dominant_nbs_score": null,
        "riverine": false,
        "pluvial": true,
        "low_lying": true,
        "flood_mechanism_type": "mixed",
        "flood_mechanism_code": 5,
        "flood_score": 0.1818181872367859,
        "risk_score": 0.214639812707901,
        "dist_river_m": 3344.9640068266212,
        "hazard_valid": true,
        "is_interpolated": false
      },
      "geometry": {
        "type": "Polygon",
        "coordinates": [
          [
            [
              -93.26533858549902,
              44.877585806400994
            ],
            [
              -93.26533858549902,
              44.8798315946113
            ],
            [
              -93.26758437370933,
              44.8798315946113
            ],
            [
              -93.26758437370933,
              44.877585806400994
            ],
            [
              -93.26533858549902,
              44.877585806400994
            ]
          ]
        ]
      }
    },
    {
      "id": "186",
      "type": "Feature",
      "properties": {
        "cell_id": "r5_c24",
        "row": 5,
        "col": 24,
        "dominant_nbs": null,
        "dominant_nbs_score": null,
        "riverine": false,
        "pluvial": true,
        "low_lying": true,
        "flood_mechanism_type": "mixed",
        "flood_mechanism_code": 5,
        "flood_score": 0.1818181872367859,
        "risk_score": 0.214639812707901,
        "dist_river_m": 3455.8054015095695,
        "hazard_valid": true,
        "is_interpolated": false
      },
      "geometry": {
        "type": "Polygon",
        "coordinates": [
          [
            [
              -93.26309279728873,
              44.877585806400994
            ],
            [
              -93.26309279728873,
              44.8798315946113
            ],
            [
              -93.26533858549902,
              44.8798315946113
            ],
            [
              -93.26533858549902,
              44.877585806400994
            ],
            [
              -93.26309279728873,
              44.877585806400994
            ]
          ]
        ]
      }
    },
    {
      "id": "187",
      "type": "Feature",
      "properties": {
        "cell_id": "r5_c25",
        "row": 5,
        "col": 25,
        "dominant_nbs": null,
        "dominant_nbs_score": null,
        "riverine": false,
        "pluvial": true,
        "low_lying": true,
        "flood_mechanism_type": "mixed",
        "flood_mechanism_code": 5,
        "flood_score": 0.1818181872367859,
        "risk_score": 0.19413906335830688,
        "dist_river_m": 3580.254891749825,
        "hazard_valid": true,
        "is_interpolated": false
      },
      "geometry": {
        "type": "Polygon",
        "coordinates": [
          [
            [
              -93.26084700907843,
              44.877585806400994
            ],
            [
              -93.26084700907843,
              44.8798315946113
            ],
            [
              -93.26309279728873,
              44.8798315946113
            ],
            [
              -93.26309279728873,
              44.877585806400994
            ],
            [
              -93.26084700907843,
              44.877585806400994
            ]
          ]
        ]
      }
    },
    {
      "id": "188",
      "type": "Feature",
      "properties": {
        "cell_id": "r5_c26",
        "row": 5,
        "col": 26,
        "dominant_nbs": null,
        "dominant_nbs_score": null,
        "riverine": false,
        "pluvial": true,
        "low_lying": true,
        "flood_mechanism_type": "mixed",
        "flood_mechanism_code": 5,
        "flood_score": 0.1818181872367859,
        "risk_score": 0.19413906335830688,
        "dist_river_m": 3612.2612227776326,
        "hazard_valid": true,
        "is_interpolated": false
      },
      "geometry": {
        "type": "Polygon",
        "coordinates": [
          [
            [
              -93.25860122086813,
              44.877585806400994
            ],
            [
              -93.25860122086813,
              44.8798315946113
            ],
            [
              -93.26084700907843,
              44.8798315946113
            ],
            [
              -93.26084700907843,
              44.877585806400994
            ],
            [
              -93.25860122086813,
              44.877585806400994
            ]
          ]
        ]
      }
    },
    {
      "id": "189",
      "type": "Feature",
      "properties": {
        "cell_id": "r5_c27",
        "row": 5,
        "col": 27,
        "dominant_nbs": null,
        "dominant_nbs_score": null,
        "riverine": false,
        "pluvial": true,
        "low_lying": true,
        "flood_mechanism_type": "mixed",
        "flood_mechanism_code": 5,
        "flood_score": 0.1818181872367859,
        "risk_score": 0.20953568816184998,
        "dist_river_m": 3647.7930418872365,
        "hazard_valid": true,
        "is_interpolated": false
      },
      "geometry": {
        "type": "Polygon",
        "coordinates": [
          [
            [
              -93.25635543265784,
              44.877585806400994
            ],
            [
              -93.25635543265784,
              44.8798315946113
            ],
            [
              -93.25860122086813,
              44.8798315946113
            ],
            [
              -93.25860122086813,
              44.877585806400994
            ],
            [
              -93.25635543265784,
              44.877585806400994
            ]
          ]
        ]
      }
    },
    {
      "id": "190",
      "type": "Feature",
      "properties": {
        "cell_id": "r5_c28",
        "row": 5,
        "col": 28,
        "dominant_nbs": null,
        "dominant_nbs_score": null,
        "riverine": false,
        "pluvial": true,
        "low_lying": true,
        "flood_mechanism_type": "mixed",
        "flood_mechanism_code": 5,
        "flood_score": 0.1818181872367859,
        "risk_score": 0.20953568816184998,
        "dist_river_m": 3695.166905224929,
        "hazard_valid": true,
        "is_interpolated": false
      },
      "geometry": {
        "type": "Polygon",
        "coordinates": [
          [
            [
              -93.25410964444754,
              44.877585806400994
            ],
            [
              -93.25410964444754,
              44.8798315946113
            ],
            [
              -93.25635543265784,
              44.8798315946113
            ],
            [
              -93.25635543265784,
              44.877585806400994
            ],
            [
              -93.25410964444754,
              44.877585806400994
            ]
          ]
        ]
      }
    },
    {
      "id": "191",
      "type": "Feature",
      "properties": {
        "cell_id": "r5_c29",
        "row": 5,
        "col": 29,
        "dominant_nbs": null,
        "dominant_nbs_score": null,
        "riverine": false,
        "pluvial": true,
        "low_lying": true,
        "flood_mechanism_type": "mixed",
        "flood_mechanism_code": 5,
        "flood_score": 0.1818181872367859,
        "risk_score": 0.20953568816184998,
        "dist_river_m": 3758.5111892185387,
        "hazard_valid": true,
        "is_interpolated": false
      },
      "geometry": {
        "type": "Polygon",
        "coordinates": [
          [
            [
              -93.25186385623724,
              44.877585806400994
            ],
            [
              -93.25186385623724,
              44.8798315946113
            ],
            [
              -93.25410964444754,
              44.8798315946113
            ],
            [
              -93.25410964444754,
              44.877585806400994
            ],
            [
              -93.25186385623724,
              44.877585806400994
            ]
          ]
        ]
      }
    },
    {
      "id": "192",
      "type": "Feature",
      "properties": {
        "cell_id": "r5_c30",
        "row": 5,
        "col": 30,
        "dominant_nbs": null,
        "dominant_nbs_score": null,
        "riverine": false,
        "pluvial": true,
        "low_lying": true,
        "flood_mechanism_type": "mixed",
        "flood_mechanism_code": 5,
        "flood_score": 0.1818181872367859,
        "risk_score": 0.20953568816184998,
        "dist_river_m": 3837.0350249213616,
        "hazard_valid": true,
        "is_interpolated": false
      },
      "geometry": {
        "type": "Polygon",
        "coordinates": [
          [
            [
              -93.24961806802693,
              44.877585806400994
            ],
            [
              -93.24961806802693,
              44.8798315946113
            ],
            [
              -93.25186385623724,
              44.8798315946113
            ],
            [
              -93.25186385623724,
              44.877585806400994
            ],
            [
              -93.24961806802693,
              44.877585806400994
            ]
          ]
        ]
      }
    },
    {
      "id": "193",
      "type": "Feature",
      "properties": {
        "cell_id": "r5_c31",
        "row": 5,
        "col": 31,
        "dominant_nbs": null,
        "dominant_nbs_score": null,
        "riverine": false,
        "pluvial": true,
        "low_lying": true,
        "flood_mechanism_type": "mixed",
        "flood_mechanism_code": 5,
        "flood_score": 0.203125,
        "risk_score": 0.21742025017738342,
        "dist_river_m": 3929.8285874127537,
        "hazard_valid": true,
        "is_interpolated": false
      },
      "geometry": {
        "type": "Polygon",
        "coordinates": [
          [
            [
              -93.24737227981664,
              44.877585806400994
            ],
            [
              -93.24737227981664,
              44.8798315946113
            ],
            [
              -93.24961806802693,
              44.8798315946113
            ],
            [
              -93.24961806802693,
              44.877585806400994
            ],
            [
              -93.24737227981664,
              44.877585806400994
            ]
          ]
        ]
      }
    },
    {
      "id": "194",
      "type": "Feature",
      "properties": {
        "cell_id": "r6_c0",
        "row": 6,
        "col": 0,
        "dominant_nbs": null,
        "dominant_nbs_score": null,
        "riverine": false,
        "pluvial": true,
        "low_lying": true,
        "flood_mechanism_type": "mixed",
        "flood_mechanism_code": 5,
        "flood_score": 0.1818181872367859,
        "risk_score": 0.17807845771312714,
        "dist_river_m": 2455.656429104037,
        "hazard_valid": true,
        "is_interpolated": false
      },
      "geometry": {
        "type": "Polygon",
        "coordinates": [
          [
            [
              -93.3169917143359,
              44.8753400181907
            ],
            [
              -93.3169917143359,
              44.877585806400994
            ],
            [
              -93.3192375025462,
              44.877585806400994
            ],
            [
              -93.3192375025462,
              44.8753400181907
            ],
            [
              -93.3169917143359,
              44.8753400181907
            ]
          ]
        ]
      }
    },
    {
      "id": "195",
      "type": "Feature",
      "properties": {
        "cell_id": "r6_c1",
        "row": 6,
        "col": 1,
        "dominant_nbs": null,
        "dominant_nbs_score": null,
        "riverine": false,
        "pluvial": true,
        "low_lying": true,
        "flood_mechanism_type": "mixed",
        "flood_mechanism_code": 5,
        "flood_score": 0.1818181872367859,
        "risk_score": 0.17807845771312714,
        "dist_river_m": 2621.2762091930176,
        "hazard_valid": true,
        "is_interpolated": false
      },
      "geometry": {
        "type": "Polygon",
        "coordinates": [
          [
            [
              -93.31474592612561,
              44.8753400181907
            ],
            [
              -93.31474592612561,
              44.877585806400994
            ],
            [
              -93.3169917143359,
              44.877585806400994
            ],
            [
              -93.3169917143359,
              44.8753400181907
            ],
            [
              -93.31474592612561,
              44.8753400181907
            ]
          ]
        ]
      }
    },
    {
      "id": "196",
      "type": "Feature",
      "properties": {
        "cell_id": "r6_c2",
        "row": 6,
        "col": 2,
        "dominant_nbs": null,
        "dominant_nbs_score": null,
        "riverine": false,
        "pluvial": true,
        "low_lying": true,
        "flood_mechanism_type": "mixed",
        "flood_mechanism_code": 5,
        "flood_score": 0.1818181872367859,
        "risk_score": 0.17807845771312714,
        "dist_river_m": 2683.2922106507217,
        "hazard_valid": true,
        "is_interpolated": false
      },
      "geometry": {
        "type": "Polygon",
        "coordinates": [
          [
            [
              -93.31250013791531,
              44.8753400181907
            ],
            [
              -93.31250013791531,
              44.877585806400994
            ],
            [
              -93.31474592612561,
              44.877585806400994
            ],
            [
              -93.31474592612561,
              44.8753400181907
            ],
            [
              -93.31250013791531,
              44.8753400181907
            ]
          ]
        ]
      }
    },
    {
      "id": "197",
      "type": "Feature",
      "properties": {
        "cell_id": "r6_c3",
        "row": 6,
        "col": 3,
        "dominant_nbs": null,
        "dominant_nbs_score": null,
        "riverine": false,
        "pluvial": true,
        "low_lying": true,
        "flood_mechanism_type": "mixed",
        "flood_mechanism_code": 5,
        "flood_score": 0.1818181872367859,
        "risk_score": 0.17807845771312714,
        "dist_river_m": 2636.9355512878205,
        "hazard_valid": true,
        "is_interpolated": false
      },
      "geometry": {
        "type": "Polygon",
        "coordinates": [
          [
            [
              -93.310254349705,
              44.8753400181907
            ],
            [
              -93.310254349705,
              44.877585806400994
            ],
            [
              -93.31250013791531,
              44.877585806400994
            ],
            [
              -93.31250013791531,
              44.8753400181907
            ],
            [
              -93.310254349705,
              44.8753400181907
            ]
          ]
        ]
      }
    },
    {
      "id": "198",
      "type": "Feature",
      "properties": {
        "cell_id": "r6_c4",
        "row": 6,
        "col": 4,
        "dominant_nbs": null,
        "dominant_nbs_score": null,
        "riverine": false,
        "pluvial": true,
        "low_lying": true,
        "flood_mechanism_type": "mixed",
        "flood_mechanism_code": 5,
        "flood_score": 0.1818181872367859,
        "risk_score": 0.17807845771312714,
        "dist_river_m": 2613.6343731542297,
        "hazard_valid": true,
        "is_interpolated": false
      },
      "geometry": {
        "type": "Polygon",
        "coordinates": [
          [
            [
              -93.3080085614947,
              44.8753400181907
            ],
            [
              -93.3080085614947,
              44.877585806400994
            ],
            [
              -93.310254349705,
              44.877585806400994
            ],
            [
              -93.310254349705,
              44.8753400181907
            ],
            [
              -93.3080085614947,
              44.8753400181907
            ]
          ]
        ]
      }
    },
    {
      "id": "199",
      "type": "Feature",
      "properties": {
        "cell_id": "r6_c5",
        "row": 6,
        "col": 5,
        "dominant_nbs": null,
        "dominant_nbs_score": null,
        "riverine": false,
        "pluvial": true,
        "low_lying": true,
        "flood_mechanism_type": "mixed",
        "flood_mechanism_code": 5,
        "flood_score": 0.1818181872367859,
        "risk_score": 0.14384140074253082,
        "dist_river_m": 2614.005296934561,
        "hazard_valid": true,
        "is_interpolated": false
      },
      "geometry": {
        "type": "Polygon",
        "coordinates": [
          [
            [
              -93.30576277328441,
              44.8753400181907
            ],
            [
              -93.30576277328441,
              44.877585806400994
            ],
            [
              -93.3080085614947,
              44.877585806400994
            ],
            [
              -93.3080085614947,
              44.8753400181907
            ],
            [
              -93.30576277328441,
              44.8753400181907
            ]
          ]
        ]
      }
    },
    {
      "id": "200",
      "type": "Feature",
      "properties": {
        "cell_id": "r6_c6",
        "row": 6,
        "col": 6,
        "dominant_nbs": null,
        "dominant_nbs_score": null,
        "riverine": false,
        "pluvial": true,
        "low_lying": true,
        "flood_mechanism_type": "mixed",
        "flood_mechanism_code": 5,
        "flood_score": 0.1818181872367859,
        "risk_score": 0.14384140074253082,
        "dist_river_m": 2638.038337335211,
        "hazard_valid": true,
        "is_interpolated": false
      },
      "geometry": {
        "type": "Polygon",
        "coordinates": [
          [
            [
              -93.30351698507411,
              44.8753400181907
            ],
            [
              -93.30351698507411,
              44.877585806400994
            ],
            [
              -93.30576277328441,
              44.877585806400994
            ],
            [
              -93.30576277328441,
              44.8753400181907
            ],
            [
              -93.30351698507411,
              44.8753400181907
            ]
          ]
        ]
      }
    },
    {
      "id": "201",
      "type": "Feature",
      "properties": {
        "cell_id": "r6_c7",
        "row": 6,
        "col": 7,
        "dominant_nbs": null,
        "dominant_nbs_score": null,
        "riverine": false,
        "pluvial": true,
        "low_lying": true,
        "flood_mechanism_type": "mixed",
        "flood_mechanism_code": 5,
        "flood_score": 0.1818181872367859,
        "risk_score": 0.14384140074253082,
        "dist_river_m": 2685.098204364237,
        "hazard_valid": true,
        "is_interpolated": false
      },
      "geometry": {
        "type": "Polygon",
        "coordinates": [
          [
            [
              -93.30127119686381,
              44.8753400181907
            ],
            [
              -93.30127119686381,
              44.877585806400994
            ],
            [
              -93.30351698507411,
              44.877585806400994
            ],
            [
              -93.30351698507411,
              44.8753400181907
            ],
            [
              -93.30127119686381,
              44.8753400181907
            ]
          ]
        ]
      }
    },
    {
      "id": "202",
      "type": "Feature",
      "properties": {
        "cell_id": "r6_c8",
        "row": 6,
        "col": 8,
        "dominant_nbs": null,
        "dominant_nbs_score": null,
        "riverine": false,
        "pluvial": true,
        "low_lying": true,
        "flood_mechanism_type": "mixed",
        "flood_mechanism_code": 5,
        "flood_score": 0.1818181872367859,
        "risk_score": 0.14384140074253082,
        "dist_river_m": 2754.004717841041,
        "hazard_valid": true,
        "is_interpolated": false
      },
      "geometry": {
        "type": "Polygon",
        "coordinates": [
          [
            [
              -93.2990254086535,
              44.8753400181907
            ],
            [
              -93.2990254086535,
              44.877585806400994
            ],
            [
              -93.30127119686381,
              44.877585806400994
            ],
            [
              -93.30127119686381,
              44.8753400181907
            ],
            [
              -93.2990254086535,
              44.8753400181907
            ]
          ]
        ]
      }
    },
    {
      "id": "203",
      "type": "Feature",
      "properties": {
        "cell_id": "r6_c9",
        "row": 6,
        "col": 9,
        "dominant_nbs": null,
        "dominant_nbs_score": null,
        "riverine": false,
        "pluvial": false,
        "low_lying": true,
        "flood_mechanism_type": "low_lying",
        "flood_mechanism_code": 3,
        "flood_score": 0.32499998807907104,
        "risk_score": 0.12224604189395905,
        "dist_river_m": 2843.169907986288,
        "hazard_valid": true,
        "is_interpolated": false
      },
      "geometry": {
        "type": "Polygon",
        "coordinates": [
          [
            [
              -93.29677962044322,
              44.8753400181907
            ],
            [
              -93.29677962044322,
              44.877585806400994
            ],
            [
              -93.2990254086535,
              44.877585806400994
            ],
            [
              -93.2990254086535,
              44.8753400181907
            ],
            [
              -93.29677962044322,
              44.8753400181907
            ]
          ]
        ]
      }
    },
    {
      "id": "204",
      "type": "Feature",
      "properties": {
        "cell_id": "r6_c10",
        "row": 6,
        "col": 10,
        "dominant_nbs": null,
        "dominant_nbs_score": null,
        "riverine": false,
        "pluvial": false,
        "low_lying": true,
        "flood_mechanism_type": "low_lying",
        "flood_mechanism_code": 3,
        "flood_score": 0.32499998807907104,
        "risk_score": 0.12224604189395905,
        "dist_river_m": 2950.7578325661534,
        "hazard_valid": true,
        "is_interpolated": false
      },
      "geometry": {
        "type": "Polygon",
        "coordinates": [
          [
            [
              -93.29453383223291,
              44.8753400181907
            ],
            [
              -93.29453383223291,
              44.877585806400994
            ],
            [
              -93.29677962044322,
              44.877585806400994
            ],
            [
              -93.29677962044322,
              44.8753400181907
            ],
            [
              -93.29453383223291,
              44.8753400181907
            ]
          ]
        ]
      }
    },
    {
      "id": "205",
      "type": "Feature",
      "properties": {
        "cell_id": "r6_c11",
        "row": 6,
        "col": 11,
        "dominant_nbs": null,
        "dominant_nbs_score": null,
        "riverine": false,
        "pluvial": false,
        "low_lying": true,
        "flood_mechanism_type": "low_lying",
        "flood_mechanism_code": 3,
        "flood_score": 0.1818181872367859,
        "risk_score": 0.1007286012172699,
        "dist_river_m": 3074.835274970545,
        "hazard_valid": true,
        "is_interpolated": false
      },
      "geometry": {
        "type": "Polygon",
        "coordinates": [
          [
            [
              -93.29228804402261,
              44.8753400181907
            ],
            [
              -93.29228804402261,
              44.877585806400994
            ],
            [
              -93.29453383223291,
              44.877585806400994
            ],
            [
              -93.29453383223291,
              44.8753400181907
            ],
            [
              -93.29228804402261,
              44.8753400181907
            ]
          ]
        ]
      }
    },
    {
      "id": "206",
      "type": "Feature",
      "properties": {
        "cell_id": "r6_c12",
        "row": 6,
        "col": 12,
        "dominant_nbs": null,
        "dominant_nbs_score": null,
        "riverine": false,
        "pluvial": false,
        "low_lying": true,
        "flood_mechanism_type": "low_lying",
        "flood_mechanism_code": 3,
        "flood_score": 0.1818181872367859,
        "risk_score": 0.1007286012172699,
        "dist_river_m": 3213.4927525881876,
        "hazard_valid": true,
        "is_interpolated": false
      },
      "geometry": {
        "type": "Polygon",
        "coordinates": [
          [
            [
              -93.29004225581232,
              44.8753400181907
            ],
            [
              -93.29004225581232,
              44.877585806400994
            ],
            [
              -93.29228804402261,
              44.877585806400994
            ],
            [
              -93.29228804402261,
              44.8753400181907
            ],
            [
              -93.29004225581232,
              44.8753400181907
            ]
          ]
        ]
      }
    },
    {
      "id": "207",
      "type": "Feature",
      "properties": {
        "cell_id": "r6_c13",
        "row": 6,
        "col": 13,
        "dominant_nbs": null,
        "dominant_nbs_score": null,
        "riverine": false,
        "pluvial": true,
        "low_lying": true,
        "flood_mechanism_type": "mixed",
        "flood_mechanism_code": 5,
        "flood_score": 0.1818181872367859,
        "risk_score": 0.1007286012172699,
        "dist_river_m": 3364.9283639692344,
        "hazard_valid": true,
        "is_interpolated": false
      },
      "geometry": {
        "type": "Polygon",
        "coordinates": [
          [
            [
              -93.28779646760202,
              44.8753400181907
            ],
            [
              -93.28779646760202,
              44.877585806400994
            ],
            [
              -93.29004225581232,
              44.877585806400994
            ],
            [
              -93.29004225581232,
              44.8753400181907
            ],
            [
              -93.28779646760202,
              44.8753400181907
            ]
          ]
        ]
      }
    },
    {
      "id": "208",
      "type": "Feature",
      "properties": {
        "cell_id": "r6_c14",
        "row": 6,
        "col": 14,
        "dominant_nbs": null,
        "dominant_nbs_score": null,
        "riverine": false,
        "pluvial": true,
        "low_lying": true,
        "flood_mechanism_type": "mixed",
        "flood_mechanism_code": 5,
        "flood_score": 0.1818181872367859,
        "risk_score": 0.1007286012172699,
        "dist_river_m": 3329.400596067064,
        "hazard_valid": true,
        "is_interpolated": false
      },
      "geometry": {
        "type": "Polygon",
        "coordinates": [
          [
            [
              -93.28555067939172,
              44.8753400181907
            ],
            [
              -93.28555067939172,
              44.877585806400994
            ],
            [
              -93.28779646760202,
              44.877585806400994
            ],
            [
              -93.28779646760202,
              44.8753400181907
            ],
            [
              -93.28555067939172,
              44.8753400181907
            ]
          ]
        ]
      }
    },
    {
      "id": "209",
      "type": "Feature",
      "properties": {
        "cell_id": "r6_c15",
        "row": 6,
        "col": 15,
        "dominant_nbs": null,
        "dominant_nbs_score": null,
        "riverine": false,
        "pluvial": true,
        "low_lying": true,
        "flood_mechanism_type": "mixed",
        "flood_mechanism_code": 5,
        "flood_score": 0.1818181872367859,
        "risk_score": 0.1007286012172699,
        "dist_river_m": 3293.772014324294,
        "hazard_valid": true,
        "is_interpolated": false
      },
      "geometry": {
        "type": "Polygon",
        "coordinates": [
          [
            [
              -93.28330489118142,
              44.8753400181907
            ],
            [
              -93.28330489118142,
              44.877585806400994
            ],
            [
              -93.28555067939172,
              44.877585806400994
            ],
            [
              -93.28555067939172,
              44.8753400181907
            ],
            [
              -93.28330489118142,
              44.8753400181907
            ]
          ]
        ]
      }
    },
    {
      "id": "210",
      "type": "Feature",
      "properties": {
        "cell_id": "r6_c16",
        "row": 6,
        "col": 16,
        "dominant_nbs": null,
        "dominant_nbs_score": null,
        "riverine": false,
        "pluvial": true,
        "low_lying": true,
        "flood_mechanism_type": "mixed",
        "flood_mechanism_code": 5,
        "flood_score": 0.1818181872367859,
        "risk_score": 0.1007286012172699,
        "dist_river_m": 3269.0510777634954,
        "hazard_valid": true,
        "is_interpolated": false
      },
      "geometry": {
        "type": "Polygon",
        "coordinates": [
          [
            [
              -93.28105910297113,
              44.8753400181907
            ],
            [
              -93.28105910297113,
              44.877585806400994
            ],
            [
              -93.28330489118142,
              44.877585806400994
            ],
            [
              -93.28330489118142,
              44.8753400181907
            ],
            [
              -93.28105910297113,
              44.8753400181907
            ]
          ]
        ]
      }
    },
    {
      "id": "211",
      "type": "Feature",
      "properties": {
        "cell_id": "r6_c17",
        "row": 6,
        "col": 17,
        "dominant_nbs": null,
        "dominant_nbs_score": null,
        "riverine": false,
        "pluvial": true,
        "low_lying": true,
        "flood_mechanism_type": "mixed",
        "flood_mechanism_code": 5,
        "flood_score": 0.1818181872367859,
        "risk_score": 0.1007286012172699,
        "dist_river_m": 3260.7513895243987,
        "hazard_valid": true,
        "is_interpolated": false
      },
      "geometry": {
        "type": "Polygon",
        "coordinates": [
          [
            [
              -93.27881331476082,
              44.8753400181907
            ],
            [
              -93.27881331476082,
              44.877585806400994
            ],
            [
              -93.28105910297113,
              44.877585806400994
            ],
            [
              -93.28105910297113,
              44.8753400181907
            ],
            [
              -93.27881331476082,
              44.8753400181907
            ]
          ]
        ]
      }
    },
    {
      "id": "212",
      "type": "Feature",
      "properties": {
        "cell_id": "r6_c18",
        "row": 6,
        "col": 18,
        "dominant_nbs": null,
        "dominant_nbs_score": null,
        "riverine": false,
        "pluvial": true,
        "low_lying": true,
        "flood_mechanism_type": "mixed",
        "flood_mechanism_code": 5,
        "flood_score": 0.1818181872367859,
        "risk_score": 0.1882956176996231,
        "dist_river_m": 3270.9626271953584,
        "hazard_valid": true,
        "is_interpolated": false
      },
      "geometry": {
        "type": "Polygon",
        "coordinates": [
          [
            [
              -93.27656752655052,
              44.8753400181907
            ],
            [
              -93.27656752655052,
              44.877585806400994
            ],
            [
              -93.27881331476082,
              44.877585806400994
            ],
            [
              -93.27881331476082,
              44.8753400181907
            ],
            [
              -93.27656752655052,
              44.8753400181907
            ]
          ]
        ]
      }
    },
    {
      "id": "213",
      "type": "Feature",
      "properties": {
        "cell_id": "r6_c19",
        "row": 6,
        "col": 19,
        "dominant_nbs": null,
        "dominant_nbs_score": null,
        "riverine": false,
        "pluvial": true,
        "low_lying": true,
        "flood_mechanism_type": "mixed",
        "flood_mechanism_code": 5,
        "flood_score": 0.1818181872367859,
        "risk_score": 0.1882956176996231,
        "dist_river_m": 3298.4471887468476,
        "hazard_valid": true,
        "is_interpolated": false
      },
      "geometry": {
        "type": "Polygon",
        "coordinates": [
          [
            [
              -93.27432173834022,
              44.8753400181907
            ],
            [
              -93.27432173834022,
              44.877585806400994
            ],
            [
              -93.27656752655052,
              44.877585806400994
            ],
            [
              -93.27656752655052,
              44.8753400181907
            ],
            [
              -93.27432173834022,
              44.8753400181907
            ]
          ]
        ]
      }
    },
    {
      "id": "214",
      "type": "Feature",
      "properties": {
        "cell_id": "r6_c20",
        "row": 6,
        "col": 20,
        "dominant_nbs": null,
        "dominant_nbs_score": null,
        "riverine": false,
        "pluvial": true,
        "low_lying": true,
        "flood_mechanism_type": "mixed",
        "flood_mechanism_code": 5,
        "flood_score": 0.1818181872367859,
        "risk_score": 0.24191495776176453,
        "dist_river_m": 3343.5832992326796,
        "hazard_valid": true,
        "is_interpolated": false
      },
      "geometry": {
        "type": "Polygon",
        "coordinates": [
          [
            [
              -93.27207595012993,
              44.8753400181907
            ],
            [
              -93.27207595012993,
              44.877585806400994
            ],
            [
              -93.27432173834022,
              44.877585806400994
            ],
            [
              -93.27432173834022,
              44.8753400181907
            ],
            [
              -93.27207595012993,
              44.8753400181907
            ]
          ]
        ]
      }
    },
    {
      "id": "215",
      "type": "Feature",
      "properties": {
        "cell_id": "r6_c21",
        "row": 6,
        "col": 21,
        "dominant_nbs": null,
        "dominant_nbs_score": null,
        "riverine": false,
        "pluvial": true,
        "low_lying": true,
        "flood_mechanism_type": "mixed",
        "flood_mechanism_code": 5,
        "flood_score": 0.1818181872367859,
        "risk_score": 0.24191495776176453,
        "dist_river_m": 3405.8891032098454,
        "hazard_valid": true,
        "is_interpolated": false
      },
      "geometry": {
        "type": "Polygon",
        "coordinates": [
          [
            [
              -93.26983016191963,
              44.8753400181907
            ],
            [
              -93.26983016191963,
              44.877585806400994
            ],
            [
              -93.27207595012993,
              44.877585806400994
            ],
            [
              -93.27207595012993,
              44.8753400181907
            ],
            [
              -93.26983016191963,
              44.8753400181907
            ]
          ]
        ]
      }
    },
    {
      "id": "216",
      "type": "Feature",
      "properties": {
        "cell_id": "r6_c22",
        "row": 6,
        "col": 22,
        "dominant_nbs": null,
        "dominant_nbs_score": null,
        "riverine": false,
        "pluvial": true,
        "low_lying": true,
        "flood_mechanism_type": "mixed",
        "flood_mechanism_code": 5,
        "flood_score": 0.1818181872367859,
        "risk_score": 0.24191495776176453,
        "dist_river_m": 3483.6022890489958,
        "hazard_valid": true,
        "is_interpolated": false
      },
      "geometry": {
        "type": "Polygon",
        "coordinates": [
          [
            [
              -93.26758437370933,
              44.8753400181907
            ],
            [
              -93.26758437370933,
              44.877585806400994
            ],
            [
              -93.26983016191963,
              44.877585806400994
            ],
            [
              -93.26983016191963,
              44.8753400181907
            ],
            [
              -93.26758437370933,
              44.8753400181907
            ]
          ]
        ]
      }
    },
    {
      "id": "217",
      "type": "Feature",
      "properties": {
        "cell_id": "r6_c23",
        "row": 6,
        "col": 23,
        "dominant_nbs": null,
        "dominant_nbs_score": null,
        "riverine": false,
        "pluvial": true,
        "low_lying": true,
        "flood_mechanism_type": "mixed",
        "flood_mechanism_code": 5,
        "flood_score": 0.1818181872367859,
        "risk_score": 0.214639812707901,
        "dist_river_m": 3573.142103087267,
        "hazard_valid": true,
        "is_interpolated": false
      },
      "geometry": {
        "type": "Polygon",
        "coordinates": [
          [
            [
              -93.26533858549902,
              44.8753400181907
            ],
            [
              -93.26533858549902,
              44.877585806400994
            ],
            [
              -93.26758437370933,
              44.877585806400994
            ],
            [
              -93.26758437370933,
              44.8753400181907
            ],
            [
              -93.26533858549902,
              44.8753400181907
            ]
          ]
        ]
      }
    },
    {
      "id": "218",
      "type": "Feature",
      "properties": {
        "cell_id": "r6_c24",
        "row": 6,
        "col": 24,
        "dominant_nbs": null,
        "dominant_nbs_score": null,
        "riverine": false,
        "pluvial": true,
        "low_lying": true,
        "flood_mechanism_type": "mixed",
        "flood_mechanism_code": 5,
        "flood_score": 0.1818181872367859,
        "risk_score": 0.214639812707901,
        "dist_river_m": 3677.4281798796933,
        "hazard_valid": true,
        "is_interpolated": false
      },
      "geometry": {
        "type": "Polygon",
        "coordinates": [
          [
            [
              -93.26309279728873,
              44.8753400181907
            ],
            [
              -93.26309279728873,
              44.877585806400994
            ],
            [
              -93.26533858549902,
              44.877585806400994
            ],
            [
              -93.26533858549902,
              44.8753400181907
            ],
            [
              -93.26309279728873,
              44.8753400181907
            ]
          ]
        ]
      }
    },
    {
      "id": "219",
      "type": "Feature",
      "properties": {
        "cell_id": "r6_c25",
        "row": 6,
        "col": 25,
        "dominant_nbs": null,
        "dominant_nbs_score": null,
        "riverine": false,
        "pluvial": true,
        "low_lying": true,
        "flood_mechanism_type": "mixed",
        "flood_mechanism_code": 5,
        "flood_score": 0.1818181872367859,
        "risk_score": 0.19413906335830688,
        "dist_river_m": 3794.6239018539727,
        "hazard_valid": true,
        "is_interpolated": false
      },
      "geometry": {
        "type": "Polygon",
        "coordinates": [
          [
            [
              -93.26084700907843,
              44.8753400181907
            ],
            [
              -93.26084700907843,
              44.877585806400994
            ],
            [
              -93.26309279728873,
              44.877585806400994
            ],
            [
              -93.26309279728873,
              44.8753400181907
            ],
            [
              -93.26084700907843,
              44.8753400181907
            ]
          ]
        ]
      }
    },
    {
      "id": "220",
      "type": "Feature",
      "properties": {
        "cell_id": "r6_c26",
        "row": 6,
        "col": 26,
        "dominant_nbs": null,
        "dominant_nbs_score": null,
        "riverine": false,
        "pluvial": true,
        "low_lying": true,
        "flood_mechanism_type": "mixed",
        "flood_mechanism_code": 5,
        "flood_score": 0.1818181872367859,
        "risk_score": 0.19413906335830688,
        "dist_river_m": 3859.7698557304066,
        "hazard_valid": true,
        "is_interpolated": false
      },
      "geometry": {
        "type": "Polygon",
        "coordinates": [
          [
            [
              -93.25860122086813,
              44.8753400181907
            ],
            [
              -93.25860122086813,
              44.877585806400994
            ],
            [
              -93.26084700907843,
              44.877585806400994
            ],
            [
              -93.26084700907843,
              44.8753400181907
            ],
            [
              -93.25860122086813,
              44.8753400181907
            ]
          ]
        ]
      }
    },
    {
      "id": "221",
      "type": "Feature",
      "properties": {
        "cell_id": "r6_c27",
        "row": 6,
        "col": 27,
        "dominant_nbs": null,
        "dominant_nbs_score": null,
        "riverine": false,
        "pluvial": true,
        "low_lying": true,
        "flood_mechanism_type": "mixed",
        "flood_mechanism_code": 5,
        "flood_score": 0.1818181872367859,
        "risk_score": 0.20953568816184998,
        "dist_river_m": 3894.1768215887673,
        "hazard_valid": true,
        "is_interpolated": false
      },
      "geometry": {
        "type": "Polygon",
        "coordinates": [
          [
            [
              -93.25635543265784,
              44.8753400181907
            ],
            [
              -93.25635543265784,
              44.877585806400994
            ],
            [
              -93.25860122086813,
              44.877585806400994
            ],
            [
              -93.25860122086813,
              44.8753400181907
            ],
            [
              -93.25635543265784,
              44.8753400181907
            ]
          ]
        ]
      }
    },
    {
      "id": "222",
      "type": "Feature",
      "properties": {
        "cell_id": "r6_c28",
        "row": 6,
        "col": 28,
        "dominant_nbs": null,
        "dominant_nbs_score": null,
        "riverine": false,
        "pluvial": true,
        "low_lying": true,
        "flood_mechanism_type": "mixed",
        "flood_mechanism_code": 5,
        "flood_score": 0.1818181872367859,
        "risk_score": 0.20953568816184998,
        "dist_river_m": 3938.588262160419,
        "hazard_valid": true,
        "is_interpolated": false
      },
      "geometry": {
        "type": "Polygon",
        "coordinates": [
          [
            [
              -93.25410964444754,
              44.8753400181907
            ],
            [
              -93.25410964444754,
              44.877585806400994
            ],
            [
              -93.25635543265784,
              44.877585806400994
            ],
            [
              -93.25635543265784,
              44.8753400181907
            ],
            [
              -93.25410964444754,
              44.8753400181907
            ]
          ]
        ]
      }
    },
    {
      "id": "223",
      "type": "Feature",
      "properties": {
        "cell_id": "r6_c29",
        "row": 6,
        "col": 29,
        "dominant_nbs": null,
        "dominant_nbs_score": null,
        "riverine": false,
        "pluvial": true,
        "low_lying": true,
        "flood_mechanism_type": "mixed",
        "flood_mechanism_code": 5,
        "flood_score": 0.1818181872367859,
        "risk_score": 0.20953568816184998,
        "dist_river_m": 3998.0777132065864,
        "hazard_valid": true,
        "is_interpolated": false
      },
      "geometry": {
        "type": "Polygon",
        "coordinates": [
          [
            [
              -93.25186385623724,
              44.8753400181907
            ],
            [
              -93.25186385623724,
              44.877585806400994
            ],
            [
              -93.25410964444754,
              44.877585806400994
            ],
            [
              -93.25410964444754,
              44.8753400181907
            ],
            [
              -93.25186385623724,
              44.8753400181907
            ]
          ]
        ]
      }
    },
    {
      "id": "224",
      "type": "Feature",
      "properties": {
        "cell_id": "r6_c30",
        "row": 6,
        "col": 30,
        "dominant_nbs": null,
        "dominant_nbs_score": null,
        "riverine": false,
        "pluvial": true,
        "low_lying": true,
        "flood_mechanism_type": "mixed",
        "flood_mechanism_code": 5,
        "flood_score": 0.1818181872367859,
        "risk_score": 0.20953568816184998,
        "dist_river_m": 4071.9843840358135,
        "hazard_valid": true,
        "is_interpolated": false
      },
      "geometry": {
        "type": "Polygon",
        "coordinates": [
          [
            [
              -93.24961806802693,
              44.8753400181907
            ],
            [
              -93.24961806802693,
              44.877585806400994
            ],
            [
              -93.25186385623724,
              44.877585806400994
            ],
            [
              -93.25186385623724,
              44.8753400181907
            ],
            [
              -93.24961806802693,
              44.8753400181907
            ]
          ]
        ]
      }
    },
    {
      "id": "225",
      "type": "Feature",
      "properties": {
        "cell_id": "r6_c31",
        "row": 6,
        "col": 31,
        "dominant_nbs": null,
        "dominant_nbs_score": null,
        "riverine": false,
        "pluvial": true,
        "low_lying": true,
        "flood_mechanism_type": "mixed",
        "flood_mechanism_code": 5,
        "flood_score": 0.21164773404598236,
        "risk_score": 0.22041954100131989,
        "dist_river_m": 4159.539850488846,
        "hazard_valid": true,
        "is_interpolated": false
      },
      "geometry": {
        "type": "Polygon",
        "coordinates": [
          [
            [
              -93.24737227981664,
              44.8753400181907
            ],
            [
              -93.24737227981664,
              44.877585806400994
            ],
            [
              -93.24961806802693,
              44.877585806400994
            ],
            [
              -93.24961806802693,
              44.8753400181907
            ],
            [
              -93.24737227981664,
              44.8753400181907
            ]
          ]
        ]
      }
    },
    {
      "id": "226",
      "type": "Feature",
      "properties": {
        "cell_id": "r7_c0",
        "row": 7,
        "col": 0,
        "dominant_nbs": null,
        "dominant_nbs_score": null,
        "riverine": false,
        "pluvial": true,
        "low_lying": true,
        "flood_mechanism_type": "mixed",
        "flood_mechanism_code": 5,
        "flood_score": 0.1818181872367859,
        "risk_score": 0.17807845771312714,
        "dist_river_m": 2596.7768353326537,
        "hazard_valid": true,
        "is_interpolated": false
      },
      "geometry": {
        "type": "Polygon",
        "coordinates": [
          [
            [
              -93.3169917143359,
              44.873094229980396
            ],
            [
              -93.3169917143359,
              44.8753400181907
            ],
            [
              -93.3192375025462,
              44.8753400181907
            ],
            [
              -93.3192375025462,
              44.873094229980396
            ],
            [
              -93.3169917143359,
              44.873094229980396
            ]
          ]
        ]
      }
    },
    {
      "id": "227",
      "type": "Feature",
      "properties": {
        "cell_id": "r7_c1",
        "row": 7,
        "col": 1,
        "dominant_nbs": null,
        "dominant_nbs_score": null,
        "riverine": false,
        "pluvial": true,
        "low_lying": true,
        "flood_mechanism_type": "mixed",
        "flood_mechanism_code": 5,
        "flood_score": 0.1818181872367859,
        "risk_score": 0.17807845771312714,
        "dist_river_m": 2516.234334964527,
        "hazard_valid": true,
        "is_interpolated": false
      },
      "geometry": {
        "type": "Polygon",
        "coordinates": [
          [
            [
              -93.31474592612561,
              44.873094229980396
            ],
            [
              -93.31474592612561,
              44.8753400181907
            ],
            [
              -93.3169917143359,
              44.8753400181907
            ],
            [
              -93.3169917143359,
              44.873094229980396
            ],
            [
              -93.31474592612561,
              44.873094229980396
            ]
          ]
        ]
      }
    },
    {
      "id": "228",
      "type": "Feature",
      "properties": {
        "cell_id": "r7_c2",
        "row": 7,
        "col": 2,
        "dominant_nbs": null,
        "dominant_nbs_score": null,
        "riverine": false,
        "pluvial": true,
        "low_lying": true,
        "flood_mechanism_type": "mixed",
        "flood_mechanism_code": 5,
        "flood_score": 0.1818181872367859,
        "risk_score": 0.17807845771312714,
        "dist_river_m": 2441.4183831090777,
        "hazard_valid": true,
        "is_interpolated": false
      },
      "geometry": {
        "type": "Polygon",
        "coordinates": [
          [
            [
              -93.31250013791531,
              44.873094229980396
            ],
            [
              -93.31250013791531,
              44.8753400181907
            ],
            [
              -93.31474592612561,
              44.8753400181907
            ],
            [
              -93.31474592612561,
              44.873094229980396
            ],
            [
              -93.31250013791531,
              44.873094229980396
            ]
          ]
        ]
      }
    },
    {
      "id": "229",
      "type": "Feature",
      "properties": {
        "cell_id": "r7_c3",
        "row": 7,
        "col": 3,
        "dominant_nbs": null,
        "dominant_nbs_score": null,
        "riverine": false,
        "pluvial": false,
        "low_lying": true,
        "flood_mechanism_type": "low_lying",
        "flood_mechanism_code": 3,
        "flood_score": 0.1818181872367859,
        "risk_score": 0.17807845771312714,
        "dist_river_m": 2390.375647317741,
        "hazard_valid": true,
        "is_interpolated": false
      },
      "geometry": {
        "type": "Polygon",
        "coordinates": [
          [
            [
              -93.310254349705,
              44.873094229980396
            ],
            [
              -93.310254349705,
              44.8753400181907
            ],
            [
              -93.31250013791531,
              44.8753400181907
            ],
            [
              -93.31250013791531,
              44.873094229980396
            ],
            [
              -93.310254349705,
              44.873094229980396
            ]
          ]
        ]
      }
    },
    {
      "id": "230",
      "type": "Feature",
      "properties": {
        "cell_id": "r7_c4",
        "row": 7,
        "col": 4,
        "dominant_nbs": null,
        "dominant_nbs_score": null,
        "riverine": false,
        "pluvial": true,
        "low_lying": true,
        "flood_mechanism_type": "mixed",
        "flood_mechanism_code": 5,
        "flood_score": 0.1818181872367859,
        "risk_score": 0.17807845771312714,
        "dist_river_m": 2364.6461194388917,
        "hazard_valid": true,
        "is_interpolated": false
      },
      "geometry": {
        "type": "Polygon",
        "coordinates": [
          [
            [
              -93.3080085614947,
              44.873094229980396
            ],
            [
              -93.3080085614947,
              44.8753400181907
            ],
            [
              -93.310254349705,
              44.8753400181907
            ],
            [
              -93.310254349705,
              44.873094229980396
            ],
            [
              -93.3080085614947,
              44.873094229980396
            ]
          ]
        ]
      }
    },
    {
      "id": "231",
      "type": "Feature",
      "properties": {
        "cell_id": "r7_c5",
        "row": 7,
        "col": 5,
        "dominant_nbs": null,
        "dominant_nbs_score": null,
        "riverine": false,
        "pluvial": true,
        "low_lying": true,
        "flood_mechanism_type": "mixed",
        "flood_mechanism_code": 5,
        "flood_score": 0.1818181872367859,
        "risk_score": 0.14384140074253082,
        "dist_river_m": 2365.0560936362685,
        "hazard_valid": true,
        "is_interpolated": false
      },
      "geometry": {
        "type": "Polygon",
        "coordinates": [
          [
            [
              -93.30576277328441,
              44.873094229980396
            ],
            [
              -93.30576277328441,
              44.8753400181907
            ],
            [
              -93.3080085614947,
              44.8753400181907
            ],
            [
              -93.3080085614947,
              44.873094229980396
            ],
            [
              -93.30576277328441,
              44.873094229980396
            ]
          ]
        ]
      }
    },
    {
      "id": "232",
      "type": "Feature",
      "properties": {
        "cell_id": "r7_c6",
        "row": 7,
        "col": 6,
        "dominant_nbs": null,
        "dominant_nbs_score": null,
        "riverine": false,
        "pluvial": true,
        "low_lying": true,
        "flood_mechanism_type": "mixed",
        "flood_mechanism_code": 5,
        "flood_score": 0.1818181872367859,
        "risk_score": 0.14384140074253082,
        "dist_river_m": 2391.592127201967,
        "hazard_valid": true,
        "is_interpolated": false
      },
      "geometry": {
        "type": "Polygon",
        "coordinates": [
          [
            [
              -93.30351698507411,
              44.873094229980396
            ],
            [
              -93.30351698507411,
              44.8753400181907
            ],
            [
              -93.30576277328441,
              44.8753400181907
            ],
            [
              -93.30576277328441,
              44.873094229980396
            ],
            [
              -93.30351698507411,
              44.873094229980396
            ]
          ]
        ]
      }
    },
    {
      "id": "233",
      "type": "Feature",
      "properties": {
        "cell_id": "r7_c7",
        "row": 7,
        "col": 7,
        "dominant_nbs": null,
        "dominant_nbs_score": null,
        "riverine": false,
        "pluvial": true,
        "low_lying": true,
        "flood_mechanism_type": "mixed",
        "flood_mechanism_code": 5,
        "flood_score": 0.1818181872367859,
        "risk_score": 0.14384140074253082,
        "dist_river_m": 2443.4031596779428,
        "hazard_valid": true,
        "is_interpolated": false
      },
      "geometry": {
        "type": "Polygon",
        "coordinates": [
          [
            [
              -93.30127119686381,
              44.873094229980396
            ],
            [
              -93.30127119686381,
              44.8753400181907
            ],
            [
              -93.30351698507411,
              44.8753400181907
            ],
            [
              -93.30351698507411,
              44.873094229980396
            ],
            [
              -93.30127119686381,
              44.873094229980396
            ]
          ]
        ]
      }
    },
    {
      "id": "234",
      "type": "Feature",
      "properties": {
        "cell_id": "r7_c8",
        "row": 7,
        "col": 8,
        "dominant_nbs": null,
        "dominant_nbs_score": null,
        "riverine": false,
        "pluvial": true,
        "low_lying": true,
        "flood_mechanism_type": "mixed",
        "flood_mechanism_code": 5,
        "flood_score": 0.1818181872367859,
        "risk_score": 0.14384140074253082,
        "dist_river_m": 2518.930054514181,
        "hazard_valid": true,
        "is_interpolated": false
      },
      "geometry": {
        "type": "Polygon",
        "coordinates": [
          [
            [
              -93.2990254086535,
              44.873094229980396
            ],
            [
              -93.2990254086535,
              44.8753400181907
            ],
            [
              -93.30127119686381,
              44.8753400181907
            ],
            [
              -93.30127119686381,
              44.873094229980396
            ],
            [
              -93.2990254086535,
              44.873094229980396
            ]
          ]
        ]
      }
    },
    {
      "id": "235",
      "type": "Feature",
      "properties": {
        "cell_id": "r7_c9",
        "row": 7,
        "col": 9,
        "dominant_nbs": null,
        "dominant_nbs_score": null,
        "riverine": false,
        "pluvial": true,
        "low_lying": true,
        "flood_mechanism_type": "mixed",
        "flood_mechanism_code": 5,
        "flood_score": 0.1818181872367859,
        "risk_score": 0.1007286012172699,
        "dist_river_m": 2616.1195995831044,
        "hazard_valid": true,
        "is_interpolated": false
      },
      "geometry": {
        "type": "Polygon",
        "coordinates": [
          [
            [
              -93.29677962044322,
              44.873094229980396
            ],
            [
              -93.29677962044322,
              44.8753400181907
            ],
            [
              -93.2990254086535,
              44.8753400181907
            ],
            [
              -93.2990254086535,
              44.873094229980396
            ],
            [
              -93.29677962044322,
              44.873094229980396
            ]
          ]
        ]
      }
    },
    {
      "id": "236",
      "type": "Feature",
      "properties": {
        "cell_id": "r7_c10",
        "row": 7,
        "col": 10,
        "dominant_nbs": null,
        "dominant_nbs_score": null,
        "riverine": false,
        "pluvial": false,
        "low_lying": true,
        "flood_mechanism_type": "low_lying",
        "flood_mechanism_code": 3,
        "flood_score": 0.1818181872367859,
        "risk_score": 0.1007286012172699,
        "dist_river_m": 2732.661417024548,
        "hazard_valid": true,
        "is_interpolated": false
      },
      "geometry": {
        "type": "Polygon",
        "coordinates": [
          [
            [
              -93.29453383223291,
              44.873094229980396
            ],
            [
              -93.29453383223291,
              44.8753400181907
            ],
            [
              -93.29677962044322,
              44.8753400181907
            ],
            [
              -93.29677962044322,
              44.873094229980396
            ],
            [
              -93.29453383223291,
              44.873094229980396
            ]
          ]
        ]
      }
    },
    {
      "id": "237",
      "type": "Feature",
      "properties": {
        "cell_id": "r7_c11",
        "row": 7,
        "col": 11,
        "dominant_nbs": null,
        "dominant_nbs_score": null,
        "riverine": false,
        "pluvial": false,
        "low_lying": true,
        "flood_mechanism_type": "low_lying",
        "flood_mechanism_code": 3,
        "flood_score": 0.1818181872367859,
        "risk_score": 0.1007286012172699,
        "dist_river_m": 2866.1958415026866,
        "hazard_valid": true,
        "is_interpolated": false
      },
      "geometry": {
        "type": "Polygon",
        "coordinates": [
          [
            [
              -93.29228804402261,
              44.873094229980396
            ],
            [
              -93.29228804402261,
              44.8753400181907
            ],
            [
              -93.29453383223291,
              44.8753400181907
            ],
            [
              -93.29453383223291,
              44.873094229980396
            ],
            [
              -93.29228804402261,
              44.873094229980396
            ]
          ]
        ]
      }
    },
    {
      "id": "238",
      "type": "Feature",
      "properties": {
        "cell_id": "r7_c12",
        "row": 7,
        "col": 12,
        "dominant_nbs": null,
        "dominant_nbs_score": null,
        "riverine": false,
        "pluvial": false,
        "low_lying": true,
        "flood_mechanism_type": "low_lying",
        "flood_mechanism_code": 3,
        "flood_score": 0.1818181872367859,
        "risk_score": 0.1007286012172699,
        "dist_river_m": 3014.4655089386765,
        "hazard_valid": true,
        "is_interpolated": false
      },
      "geometry": {
        "type": "Polygon",
        "coordinates": [
          [
            [
              -93.29004225581232,
              44.873094229980396
            ],
            [
              -93.29004225581232,
              44.8753400181907
            ],
            [
              -93.29228804402261,
              44.8753400181907
            ],
            [
              -93.29228804402261,
              44.873094229980396
            ],
            [
              -93.29004225581232,
              44.873094229980396
            ]
          ]
        ]
      }
    },
    {
      "id": "239",
      "type": "Feature",
      "properties": {
        "cell_id": "r7_c13",
        "row": 7,
        "col": 13,
        "dominant_nbs": null,
        "dominant_nbs_score": null,
        "riverine": false,
        "pluvial": true,
        "low_lying": true,
        "flood_mechanism_type": "mixed",
        "flood_mechanism_code": 5,
        "flood_score": 0.1818181872367859,
        "risk_score": 0.1072118952870369,
        "dist_river_m": 3170.873175360467,
        "hazard_valid": true,
        "is_interpolated": false
      },
      "geometry": {
        "type": "Polygon",
        "coordinates": [
          [
            [
              -93.28779646760202,
              44.873094229980396
            ],
            [
              -93.28779646760202,
              44.8753400181907
            ],
            [
              -93.29004225581232,
              44.8753400181907
            ],
            [
              -93.29004225581232,
              44.873094229980396
            ],
            [
              -93.28779646760202,
              44.873094229980396
            ]
          ]
        ]
      }
    },
    {
      "id": "240",
      "type": "Feature",
      "properties": {
        "cell_id": "r7_c14",
        "row": 7,
        "col": 14,
        "dominant_nbs": null,
        "dominant_nbs_score": null,
        "riverine": false,
        "pluvial": true,
        "low_lying": true,
        "flood_mechanism_type": "mixed",
        "flood_mechanism_code": 5,
        "flood_score": 0.1818181872367859,
        "risk_score": 0.1072118952870369,
        "dist_river_m": 3329.4175040761015,
        "hazard_valid": true,
        "is_interpolated": false
      },
      "geometry": {
        "type": "Polygon",
        "coordinates": [
          [
            [
              -93.28555067939172,
              44.873094229980396
            ],
            [
              -93.28555067939172,
              44.8753400181907
            ],
            [
              -93.28779646760202,
              44.8753400181907
            ],
            [
              -93.28779646760202,
              44.873094229980396
            ],
            [
              -93.28555067939172,
              44.873094229980396
            ]
          ]
        ]
      }
    },
    {
      "id": "241",
      "type": "Feature",
      "properties": {
        "cell_id": "r7_c15",
        "row": 7,
        "col": 15,
        "dominant_nbs": null,
        "dominant_nbs_score": null,
        "riverine": false,
        "pluvial": true,
        "low_lying": true,
        "flood_mechanism_type": "mixed",
        "flood_mechanism_code": 5,
        "flood_score": 0.1818181872367859,
        "risk_score": 0.1072118952870369,
        "dist_river_m": 3498.555224611588,
        "hazard_valid": true,
        "is_interpolated": false
      },
      "geometry": {
        "type": "Polygon",
        "coordinates": [
          [
            [
              -93.28330489118142,
              44.873094229980396
            ],
            [
              -93.28330489118142,
              44.8753400181907
            ],
            [
              -93.28555067939172,
              44.8753400181907
            ],
            [
              -93.28555067939172,
              44.873094229980396
            ],
            [
              -93.28330489118142,
              44.873094229980396
            ]
          ]
        ]
      }
    },
    {
      "id": "242",
      "type": "Feature",
      "properties": {
        "cell_id": "r7_c16",
        "row": 7,
        "col": 16,
        "dominant_nbs": null,
        "dominant_nbs_score": null,
        "riverine": false,
        "pluvial": true,
        "low_lying": true,
        "flood_mechanism_type": "mixed",
        "flood_mechanism_code": 5,
        "flood_score": 0.1818181872367859,
        "risk_score": 0.1072118952870369,
        "dist_river_m": 3517.7427063815708,
        "hazard_valid": true,
        "is_interpolated": false
      },
      "geometry": {
        "type": "Polygon",
        "coordinates": [
          [
            [
              -93.28105910297113,
              44.873094229980396
            ],
            [
              -93.28105910297113,
              44.8753400181907
            ],
            [
              -93.28330489118142,
              44.8753400181907
            ],
            [
              -93.28330489118142,
              44.873094229980396
            ],
            [
              -93.28105910297113,
              44.873094229980396
            ]
          ]
        ]
      }
    },
    {
      "id": "243",
      "type": "Feature",
      "properties": {
        "cell_id": "r7_c17",
        "row": 7,
        "col": 17,
        "dominant_nbs": null,
        "dominant_nbs_score": null,
        "riverine": false,
        "pluvial": false,
        "low_lying": true,
        "flood_mechanism_type": "low_lying",
        "flood_mechanism_code": 3,
        "flood_score": 0.1818181872367859,
        "risk_score": 0.1072118952870369,
        "dist_river_m": 3510.03111432924,
        "hazard_valid": true,
        "is_interpolated": false
      },
      "geometry": {
        "type": "Polygon",
        "coordinates": [
          [
            [
              -93.27881331476082,
              44.873094229980396
            ],
            [
              -93.27881331476082,
              44.8753400181907
            ],
            [
              -93.28105910297113,
              44.8753400181907
            ],
            [
              -93.28105910297113,
              44.873094229980396
            ],
            [
              -93.27881331476082,
              44.873094229980396
            ]
          ]
        ]
      }
    },
    {
      "id": "244",
      "type": "Feature",
      "properties": {
        "cell_id": "r7_c18",
        "row": 7,
        "col": 18,
        "dominant_nbs": null,
        "dominant_nbs_score": null,
        "riverine": false,
        "pluvial": true,
        "low_lying": true,
        "flood_mechanism_type": "mixed",
        "flood_mechanism_code": 5,
        "flood_score": 0.1818181872367859,
        "risk_score": 0.1882956176996231,
        "dist_river_m": 3519.567144711494,
        "hazard_valid": true,
        "is_interpolated": false
      },
      "geometry": {
        "type": "Polygon",
        "coordinates": [
          [
            [
              -93.27656752655052,
              44.873094229980396
            ],
            [
              -93.27656752655052,
              44.8753400181907
            ],
            [
              -93.27881331476082,
              44.8753400181907
            ],
            [
              -93.27881331476082,
              44.873094229980396
            ],
            [
              -93.27656752655052,
              44.873094229980396
            ]
          ]
        ]
      }
    },
    {
      "id": "245",
      "type": "Feature",
      "properties": {
        "cell_id": "r7_c19",
        "row": 7,
        "col": 19,
        "dominant_nbs": null,
        "dominant_nbs_score": null,
        "riverine": false,
        "pluvial": true,
        "low_lying": true,
        "flood_mechanism_type": "mixed",
        "flood_mechanism_code": 5,
        "flood_score": 0.1818181872367859,
        "risk_score": 0.1882956176996231,
        "dist_river_m": 3545.2356864814637,
        "hazard_valid": true,
        "is_interpolated": false
      },
      "geometry": {
        "type": "Polygon",
        "coordinates": [
          [
            [
              -93.27432173834022,
              44.873094229980396
            ],
            [
              -93.27432173834022,
              44.8753400181907
            ],
            [
              -93.27656752655052,
              44.8753400181907
            ],
            [
              -93.27656752655052,
              44.873094229980396
            ],
            [
              -93.27432173834022,
              44.873094229980396
            ]
          ]
        ]
      }
    },
    {
      "id": "246",
      "type": "Feature",
      "properties": {
        "cell_id": "r7_c20",
        "row": 7,
        "col": 20,
        "dominant_nbs": null,
        "dominant_nbs_score": null,
        "riverine": false,
        "pluvial": true,
        "low_lying": true,
        "flood_mechanism_type": "mixed",
        "flood_mechanism_code": 5,
        "flood_score": 0.1818181872367859,
        "risk_score": 0.2868340015411377,
        "dist_river_m": 3587.4368923054,
        "hazard_valid": true,
        "is_interpolated": false
      },
      "geometry": {
        "type": "Polygon",
        "coordinates": [
          [
            [
              -93.27207595012993,
              44.873094229980396
            ],
            [
              -93.27207595012993,
              44.8753400181907
            ],
            [
              -93.27432173834022,
              44.8753400181907
            ],
            [
              -93.27432173834022,
              44.873094229980396
            ],
            [
              -93.27207595012993,
              44.873094229980396
            ]
          ]
        ]
      }
    },
    {
      "id": "247",
      "type": "Feature",
      "properties": {
        "cell_id": "r7_c21",
        "row": 7,
        "col": 21,
        "dominant_nbs": null,
        "dominant_nbs_score": null,
        "riverine": false,
        "pluvial": true,
        "low_lying": true,
        "flood_mechanism_type": "mixed",
        "flood_mechanism_code": 5,
        "flood_score": 0.1818181872367859,
        "risk_score": 0.2868340015411377,
        "dist_river_m": 3645.5774248710864,
        "hazard_valid": true,
        "is_interpolated": false
      },
      "geometry": {
        "type": "Polygon",
        "coordinates": [
          [
            [
              -93.26983016191963,
              44.873094229980396
            ],
            [
              -93.26983016191963,
              44.8753400181907
            ],
            [
              -93.27207595012993,
              44.8753400181907
            ],
            [
              -93.27207595012993,
              44.873094229980396
            ],
            [
              -93.26983016191963,
              44.873094229980396
            ]
          ]
        ]
      }
    },
    {
      "id": "248",
      "type": "Feature",
      "properties": {
        "cell_id": "r7_c22",
        "row": 7,
        "col": 22,
        "dominant_nbs": null,
        "dominant_nbs_score": null,
        "riverine": false,
        "pluvial": true,
        "low_lying": true,
        "flood_mechanism_type": "mixed",
        "flood_mechanism_code": 5,
        "flood_score": 0.1818181872367859,
        "risk_score": 0.2868340015411377,
        "dist_river_m": 3719.418734334113,
        "hazard_valid": true,
        "is_interpolated": false
      },
      "geometry": {
        "type": "Polygon",
        "coordinates": [
          [
            [
              -93.26758437370933,
              44.873094229980396
            ],
            [
              -93.26758437370933,
              44.8753400181907
            ],
            [
              -93.26983016191963,
              44.8753400181907
            ],
            [
              -93.26983016191963,
              44.873094229980396
            ],
            [
              -93.26758437370933,
              44.873094229980396
            ]
          ]
        ]
      }
    },
    {
      "id": "249",
      "type": "Feature",
      "properties": {
        "cell_id": "r7_c23",
        "row": 7,
        "col": 23,
        "dominant_nbs": null,
        "dominant_nbs_score": null,
        "riverine": false,
        "pluvial": true,
        "low_lying": true,
        "flood_mechanism_type": "mixed",
        "flood_mechanism_code": 5,
        "flood_score": 0.1818181872367859,
        "risk_score": 0.22817863523960114,
        "dist_river_m": 3803.970069773148,
        "hazard_valid": true,
        "is_interpolated": false
      },
      "geometry": {
        "type": "Polygon",
        "coordinates": [
          [
            [
              -93.26533858549902,
              44.873094229980396
            ],
            [
              -93.26533858549902,
              44.8753400181907
            ],
            [
              -93.26758437370933,
              44.8753400181907
            ],
            [
              -93.26758437370933,
              44.873094229980396
            ],
            [
              -93.26533858549902,
              44.873094229980396
            ]
          ]
        ]
      }
    },
    {
      "id": "250",
      "type": "Feature",
      "properties": {
        "cell_id": "r7_c24",
        "row": 7,
        "col": 24,
        "dominant_nbs": null,
        "dominant_nbs_score": null,
        "riverine": false,
        "pluvial": true,
        "low_lying": true,
        "flood_mechanism_type": "mixed",
        "flood_mechanism_code": 5,
        "flood_score": 0.1818181872367859,
        "risk_score": 0.22817863523960114,
        "dist_river_m": 3902.0932066383525,
        "hazard_valid": true,
        "is_interpolated": false
      },
      "geometry": {
        "type": "Polygon",
        "coordinates": [
          [
            [
              -93.26309279728873,
              44.873094229980396
            ],
            [
              -93.26309279728873,
              44.8753400181907
            ],
            [
              -93.26533858549902,
              44.8753400181907
            ],
            [
              -93.26533858549902,
              44.873094229980396
            ],
            [
              -93.26309279728873,
              44.873094229980396
            ]
          ]
        ]
      }
    },
    {
      "id": "251",
      "type": "Feature",
      "properties": {
        "cell_id": "r7_c25",
        "row": 7,
        "col": 25,
        "dominant_nbs": null,
        "dominant_nbs_score": null,
        "riverine": false,
        "pluvial": true,
        "low_lying": true,
        "flood_mechanism_type": "mixed",
        "flood_mechanism_code": 5,
        "flood_score": 0.1818181872367859,
        "risk_score": 0.22817863523960114,
        "dist_river_m": 4013.028724558314,
        "hazard_valid": true,
        "is_interpolated": false
      },
      "geometry": {
        "type": "Polygon",
        "coordinates": [
          [
            [
              -93.26084700907843,
              44.873094229980396
            ],
            [
              -93.26084700907843,
              44.8753400181907
            ],
            [
              -93.26309279728873,
              44.8753400181907
            ],
            [
              -93.26309279728873,
              44.873094229980396
            ],
            [
              -93.26084700907843,
              44.873094229980396
            ]
          ]
        ]
      }
    },
    {
      "id": "252",
      "type": "Feature",
      "properties": {
        "cell_id": "r7_c26",
        "row": 7,
        "col": 26,
        "dominant_nbs": null,
        "dominant_nbs_score": null,
        "riverine": false,
        "pluvial": true,
        "low_lying": true,
        "flood_mechanism_type": "mixed",
        "flood_mechanism_code": 5,
        "flood_score": 0.1818181872367859,
        "risk_score": 0.22817863523960114,
        "dist_river_m": 4107.493038072478,
        "hazard_valid": true,
        "is_interpolated": false
      },
      "geometry": {
        "type": "Polygon",
        "coordinates": [
          [
            [
              -93.25860122086813,
              44.873094229980396
            ],
            [
              -93.25860122086813,
              44.8753400181907
            ],
            [
              -93.26084700907843,
              44.8753400181907
            ],
            [
              -93.26084700907843,
              44.873094229980396
            ],
            [
              -93.25860122086813,
              44.873094229980396
            ]
          ]
        ]
      }
    },
    {
      "id": "253",
      "type": "Feature",
      "properties": {
        "cell_id": "r7_c27",
        "row": 7,
        "col": 27,
        "dominant_nbs": null,
        "dominant_nbs_score": null,
        "riverine": false,
        "pluvial": true,
        "low_lying": true,
        "flood_mechanism_type": "mixed",
        "flood_mechanism_code": 5,
        "flood_score": 0.1818181872367859,
        "risk_score": 0.2515549063682556,
        "dist_river_m": 4140.907591355313,
        "hazard_valid": true,
        "is_interpolated": false
      },
      "geometry": {
        "type": "Polygon",
        "coordinates": [
          [
            [
              -93.25635543265784,
              44.873094229980396
            ],
            [
              -93.25635543265784,
              44.8753400181907
            ],
            [
              -93.25860122086813,
              44.8753400181907
            ],
            [
              -93.25860122086813,
              44.873094229980396
            ],
            [
              -93.25635543265784,
              44.873094229980396
            ]
          ]
        ]
      }
    },
    {
      "id": "254",
      "type": "Feature",
      "properties": {
        "cell_id": "r7_c28",
        "row": 7,
        "col": 28,
        "dominant_nbs": null,
        "dominant_nbs_score": null,
        "riverine": false,
        "pluvial": true,
        "low_lying": true,
        "flood_mechanism_type": "mixed",
        "flood_mechanism_code": 5,
        "flood_score": 0.1818181872367859,
        "risk_score": 0.2515549063682556,
        "dist_river_m": 4182.700092185991,
        "hazard_valid": true,
        "is_interpolated": false
      },
      "geometry": {
        "type": "Polygon",
        "coordinates": [
          [
            [
              -93.25410964444754,
              44.873094229980396
            ],
            [
              -93.25410964444754,
              44.8753400181907
            ],
            [
              -93.25635543265784,
              44.8753400181907
            ],
            [
              -93.25635543265784,
              44.873094229980396
            ],
            [
              -93.25410964444754,
              44.873094229980396
            ]
          ]
        ]
      }
    },
    {
      "id": "255",
      "type": "Feature",
      "properties": {
        "cell_id": "r7_c29",
        "row": 7,
        "col": 29,
        "dominant_nbs": null,
        "dominant_nbs_score": null,
        "riverine": false,
        "pluvial": true,
        "low_lying": true,
        "flood_mechanism_type": "mixed",
        "flood_mechanism_code": 5,
        "flood_score": 0.1818181872367859,
        "risk_score": 0.2515549063682556,
        "dist_river_m": 4238.764910110501,
        "hazard_valid": true,
        "is_interpolated": false
      },
      "geometry": {
        "type": "Polygon",
        "coordinates": [
          [
            [
              -93.25186385623724,
              44.873094229980396
            ],
            [
              -93.25186385623724,
              44.8753400181907
            ],
            [
              -93.25410964444754,
              44.8753400181907
            ],
            [
              -93.25410964444754,
              44.873094229980396
            ],
            [
              -93.25186385623724,
              44.873094229980396
            ]
          ]
        ]
      }
    },
    {
      "id": "256",
      "type": "Feature",
      "properties": {
        "cell_id": "r7_c30",
        "row": 7,
        "col": 30,
        "dominant_nbs": null,
        "dominant_nbs_score": null,
        "riverine": false,
        "pluvial": true,
        "low_lying": true,
        "flood_mechanism_type": "mixed",
        "flood_mechanism_code": 5,
        "flood_score": 0.1818181872367859,
        "risk_score": 0.2515549063682556,
        "dist_river_m": 4308.544926790992,
        "hazard_valid": true,
        "is_interpolated": false
      },
      "geometry": {
        "type": "Polygon",
        "coordinates": [
          [
            [
              -93.24961806802693,
              44.873094229980396
            ],
            [
              -93.24961806802693,
              44.8753400181907
            ],
            [
              -93.25186385623724,
              44.8753400181907
            ],
            [
              -93.25186385623724,
              44.873094229980396
            ],
            [
              -93.24961806802693,
              44.873094229980396
            ]
          ]
        ]
      }
    },
    {
      "id": "257",
      "type": "Feature",
      "properties": {
        "cell_id": "r7_c31",
        "row": 7,
        "col": 31,
        "dominant_nbs": null,
        "dominant_nbs_score": null,
        "riverine": false,
        "pluvial": true,
        "low_lying": true,
        "flood_mechanism_type": "mixed",
        "flood_mechanism_code": 5,
        "flood_score": 0.21590909361839294,
        "risk_score": 0.266385555267334,
        "dist_river_m": 4391.386379054984,
        "hazard_valid": true,
        "is_interpolated": false
      },
      "geometry": {
        "type": "Polygon",
        "coordinates": [
          [
            [
              -93.24737227981664,
              44.873094229980396
            ],
            [
              -93.24737227981664,
              44.8753400181907
            ],
            [
              -93.24961806802693,
              44.8753400181907
            ],
            [
              -93.24961806802693,
              44.873094229980396
            ],
            [
              -93.24737227981664,
              44.873094229980396
            ]
          ]
        ]
      }
    },
    {
      "id": "258",
      "type": "Feature",
      "properties": {
        "cell_id": "r8_c0",
        "row": 8,
        "col": 0,
        "dominant_nbs": null,
        "dominant_nbs_score": null,
        "riverine": false,
        "pluvial": true,
        "low_lying": true,
        "flood_mechanism_type": "mixed",
        "flood_mechanism_code": 5,
        "flood_score": 0.1818181872367859,
        "risk_score": 0.20322225987911224,
        "dist_river_m": 2389.8494536554113,
        "hazard_valid": true,
        "is_interpolated": false
      },
      "geometry": {
        "type": "Polygon",
        "coordinates": [
          [
            [
              -93.3169917143359,
              44.8708484417701
            ],
            [
              -93.3169917143359,
              44.873094229980396
            ],
            [
              -93.3192375025462,
              44.873094229980396
            ],
            [
              -93.3192375025462,
              44.8708484417701
            ],
            [
              -93.3169917143359,
              44.8708484417701
            ]
          ]
        ]
      }
    },
    {
      "id": "259",
      "type": "Feature",
      "properties": {
        "cell_id": "r8_c1",
        "row": 8,
        "col": 1,
        "dominant_nbs": null,
        "dominant_nbs_score": null,
        "riverine": false,
        "pluvial": true,
        "low_lying": true,
        "flood_mechanism_type": "mixed",
        "flood_mechanism_code": 5,
        "flood_score": 0.1818181872367859,
        "risk_score": 0.20322225987911224,
        "dist_river_m": 2283.8969729571313,
        "hazard_valid": true,
        "is_interpolated": false
      },
      "geometry": {
        "type": "Polygon",
        "coordinates": [
          [
            [
              -93.31474592612561,
              44.8708484417701
            ],
            [
              -93.31474592612561,
              44.873094229980396
            ],
            [
              -93.3169917143359,
              44.873094229980396
            ],
            [
              -93.3169917143359,
              44.8708484417701
            ],
            [
              -93.31474592612561,
              44.8708484417701
            ]
          ]
        ]
      }
    },
    {
      "id": "260",
      "type": "Feature",
      "properties": {
        "cell_id": "r8_c2",
        "row": 8,
        "col": 2,
        "dominant_nbs": null,
        "dominant_nbs_score": null,
        "riverine": false,
        "pluvial": true,
        "low_lying": true,
        "flood_mechanism_type": "mixed",
        "flood_mechanism_code": 5,
        "flood_score": 0.1818181872367859,
        "risk_score": 0.20322225987911224,
        "dist_river_m": 2201.1982818481656,
        "hazard_valid": true,
        "is_interpolated": false
      },
      "geometry": {
        "type": "Polygon",
        "coordinates": [
          [
            [
              -93.31250013791531,
              44.8708484417701
            ],
            [
              -93.31250013791531,
              44.873094229980396
            ],
            [
              -93.31474592612561,
              44.873094229980396
            ],
            [
              -93.31474592612561,
              44.8708484417701
            ],
            [
              -93.31250013791531,
              44.8708484417701
            ]
          ]
        ]
      }
    },
    {
      "id": "261",
      "type": "Feature",
      "properties": {
        "cell_id": "r8_c3",
        "row": 8,
        "col": 3,
        "dominant_nbs": null,
        "dominant_nbs_score": null,
        "riverine": false,
        "pluvial": true,
        "low_lying": true,
        "flood_mechanism_type": "mixed",
        "flood_mechanism_code": 5,
        "flood_score": 0.1818181872367859,
        "risk_score": 0.20322225987911224,
        "dist_river_m": 2144.445357177021,
        "hazard_valid": true,
        "is_interpolated": false
      },
      "geometry": {
        "type": "Polygon",
        "coordinates": [
          [
            [
              -93.310254349705,
              44.8708484417701
            ],
            [
              -93.310254349705,
              44.873094229980396
            ],
            [
              -93.31250013791531,
              44.873094229980396
            ],
            [
              -93.31250013791531,
              44.8708484417701
            ],
            [
              -93.310254349705,
              44.8708484417701
            ]
          ]
        ]
      }
    },
    {
      "id": "262",
      "type": "Feature",
      "properties": {
        "cell_id": "r8_c4",
        "row": 8,
        "col": 4,
        "dominant_nbs": null,
        "dominant_nbs_score": null,
        "riverine": false,
        "pluvial": true,
        "low_lying": true,
        "flood_mechanism_type": "mixed",
        "flood_mechanism_code": 5,
        "flood_score": 0.1818181872367859,
        "risk_score": 0.20322225987911224,
        "dist_river_m": 2115.727162184619,
        "hazard_valid": true,
        "is_interpolated": false
      },
      "geometry": {
        "type": "Polygon",
        "coordinates": [
          [
            [
              -93.3080085614947,
              44.8708484417701
            ],
            [
              -93.3080085614947,
              44.873094229980396
            ],
            [
              -93.310254349705,
              44.873094229980396
            ],
            [
              -93.310254349705,
              44.8708484417701
            ],
            [
              -93.3080085614947,
              44.8708484417701
            ]
          ]
        ]
      }
    },
    {
      "id": "263",
      "type": "Feature",
      "properties": {
        "cell_id": "r8_c5",
        "row": 8,
        "col": 5,
        "dominant_nbs": null,
        "dominant_nbs_score": null,
        "riverine": false,
        "pluvial": true,
        "low_lying": true,
        "flood_mechanism_type": "mixed",
        "flood_mechanism_code": 5,
        "flood_score": 0.1818181872367859,
        "risk_score": 0.1741371899843216,
        "dist_river_m": 2116.1853606606437,
        "hazard_valid": true,
        "is_interpolated": false
      },
      "geometry": {
        "type": "Polygon",
        "coordinates": [
          [
            [
              -93.30576277328441,
              44.8708484417701
            ],
            [
              -93.30576277328441,
              44.873094229980396
            ],
            [
              -93.3080085614947,
              44.873094229980396
            ],
            [
              -93.3080085614947,
              44.8708484417701
            ],
            [
              -93.30576277328441,
              44.8708484417701
            ]
          ]
        ]
      }
    },
    {
      "id": "264",
      "type": "Feature",
      "properties": {
        "cell_id": "r8_c6",
        "row": 8,
        "col": 6,
        "dominant_nbs": null,
        "dominant_nbs_score": null,
        "riverine": false,
        "pluvial": true,
        "low_lying": true,
        "flood_mechanism_type": "mixed",
        "flood_mechanism_code": 5,
        "flood_score": 0.1818181872367859,
        "risk_score": 0.1741371899843216,
        "dist_river_m": 2145.8012623546483,
        "hazard_valid": true,
        "is_interpolated": false
      },
      "geometry": {
        "type": "Polygon",
        "coordinates": [
          [
            [
              -93.30351698507411,
              44.8708484417701
            ],
            [
              -93.30351698507411,
              44.873094229980396
            ],
            [
              -93.30576277328441,
              44.873094229980396
            ],
            [
              -93.30576277328441,
              44.8708484417701
            ],
            [
              -93.30351698507411,
              44.8708484417701
            ]
          ]
        ]
      }
    },
    {
      "id": "265",
      "type": "Feature",
      "properties": {
        "cell_id": "r8_c7",
        "row": 8,
        "col": 7,
        "dominant_nbs": null,
        "dominant_nbs_score": null,
        "riverine": false,
        "pluvial": true,
        "low_lying": true,
        "flood_mechanism_type": "mixed",
        "flood_mechanism_code": 5,
        "flood_score": 0.1818181872367859,
        "risk_score": 0.1741371899843216,
        "dist_river_m": 2203.3994543324475,
        "hazard_valid": true,
        "is_interpolated": false
      },
      "geometry": {
        "type": "Polygon",
        "coordinates": [
          [
            [
              -93.30127119686381,
              44.8708484417701
            ],
            [
              -93.30127119686381,
              44.873094229980396
            ],
            [
              -93.30351698507411,
              44.873094229980396
            ],
            [
              -93.30351698507411,
              44.8708484417701
            ],
            [
              -93.30127119686381,
              44.8708484417701
            ]
          ]
        ]
      }
    },
    {
      "id": "266",
      "type": "Feature",
      "properties": {
        "cell_id": "r8_c8",
        "row": 8,
        "col": 8,
        "dominant_nbs": null,
        "dominant_nbs_score": null,
        "riverine": false,
        "pluvial": true,
        "low_lying": true,
        "flood_mechanism_type": "mixed",
        "flood_mechanism_code": 5,
        "flood_score": 0.1818181872367859,
        "risk_score": 0.1741371899843216,
        "dist_river_m": 2286.866584250858,
        "hazard_valid": true,
        "is_interpolated": false
      },
      "geometry": {
        "type": "Polygon",
        "coordinates": [
          [
            [
              -93.2990254086535,
              44.8708484417701
            ],
            [
              -93.2990254086535,
              44.873094229980396
            ],
            [
              -93.30127119686381,
              44.873094229980396
            ],
            [
              -93.30127119686381,
              44.8708484417701
            ],
            [
              -93.2990254086535,
              44.8708484417701
            ]
          ]
        ]
      }
    },
    {
      "id": "267",
      "type": "Feature",
      "properties": {
        "cell_id": "r8_c9",
        "row": 8,
        "col": 9,
        "dominant_nbs": null,
        "dominant_nbs_score": null,
        "riverine": false,
        "pluvial": true,
        "low_lying": true,
        "flood_mechanism_type": "mixed",
        "flood_mechanism_code": 5,
        "flood_score": 0.1818181872367859,
        "risk_score": 0.1007286012172699,
        "dist_river_m": 2393.4978408077236,
        "hazard_valid": true,
        "is_interpolated": false
      },
      "geometry": {
        "type": "Polygon",
        "coordinates": [
          [
            [
              -93.29677962044322,
              44.8708484417701
            ],
            [
              -93.29677962044322,
              44.873094229980396
            ],
            [
              -93.2990254086535,
              44.873094229980396
            ],
            [
              -93.2990254086535,
              44.8708484417701
            ],
            [
              -93.29677962044322,
              44.8708484417701
            ]
          ]
        ]
      }
    },
    {
      "id": "268",
      "type": "Feature",
      "properties": {
        "cell_id": "r8_c10",
        "row": 8,
        "col": 10,
        "dominant_nbs": null,
        "dominant_nbs_score": null,
        "riverine": false,
        "pluvial": false,
        "low_lying": true,
        "flood_mechanism_type": "low_lying",
        "flood_mechanism_code": 3,
        "flood_score": 0.1818181872367859,
        "risk_score": 0.1007286012172699,
        "dist_river_m": 2520.3548509531315,
        "hazard_valid": true,
        "is_interpolated": false
      },
      "geometry": {
        "type": "Polygon",
        "coordinates": [
          [
            [
              -93.29453383223291,
              44.8708484417701
            ],
            [
              -93.29453383223291,
              44.873094229980396
            ],
            [
              -93.29677962044322,
              44.873094229980396
            ],
            [
              -93.29677962044322,
              44.8708484417701
            ],
            [
              -93.29453383223291,
              44.8708484417701
            ]
          ]
        ]
      }
    },
    {
      "id": "269",
      "type": "Feature",
      "properties": {
        "cell_id": "r8_c11",
        "row": 8,
        "col": 11,
        "dominant_nbs": null,
        "dominant_nbs_score": null,
        "riverine": false,
        "pluvial": false,
        "low_lying": true,
        "flood_mechanism_type": "low_lying",
        "flood_mechanism_code": 3,
        "flood_score": 0.1818181872367859,
        "risk_score": 0.1007286012172699,
        "dist_river_m": 2664.5503854263416,
        "hazard_valid": true,
        "is_interpolated": false
      },
      "geometry": {
        "type": "Polygon",
        "coordinates": [
          [
            [
              -93.29228804402261,
              44.8708484417701
            ],
            [
              -93.29228804402261,
              44.873094229980396
            ],
            [
              -93.29453383223291,
              44.873094229980396
            ],
            [
              -93.29453383223291,
              44.8708484417701
            ],
            [
              -93.29228804402261,
              44.8708484417701
            ]
          ]
        ]
      }
    },
    {
      "id": "270",
      "type": "Feature",
      "properties": {
        "cell_id": "r8_c12",
        "row": 8,
        "col": 12,
        "dominant_nbs": null,
        "dominant_nbs_score": null,
        "riverine": false,
        "pluvial": true,
        "low_lying": true,
        "flood_mechanism_type": "mixed",
        "flood_mechanism_code": 5,
        "flood_score": 0.1818181872367859,
        "risk_score": 0.1007286012172699,
        "dist_river_m": 2821.480024403828,
        "hazard_valid": true,
        "is_interpolated": false
      },
      "geometry": {
        "type": "Polygon",
        "coordinates": [
          [
            [
              -93.29004225581232,
              44.8708484417701
            ],
            [
              -93.29004225581232,
              44.873094229980396
            ],
            [
              -93.29228804402261,
              44.873094229980396
            ],
            [
              -93.29228804402261,
              44.8708484417701
            ],
            [
              -93.29004225581232,
              44.8708484417701
            ]
          ]
        ]
      }
    },
    {
      "id": "271",
      "type": "Feature",
      "properties": {
        "cell_id": "r8_c13",
        "row": 8,
        "col": 13,
        "dominant_nbs": null,
        "dominant_nbs_score": null,
        "riverine": false,
        "pluvial": true,
        "low_lying": true,
        "flood_mechanism_type": "mixed",
        "flood_mechanism_code": 5,
        "flood_score": 0.1818181872367859,
        "risk_score": 0.1072118952870369,
        "dist_river_m": 2977.7592631627076,
        "hazard_valid": true,
        "is_interpolated": false
      },
      "geometry": {
        "type": "Polygon",
        "coordinates": [
          [
            [
              -93.28779646760202,
              44.8708484417701
            ],
            [
              -93.28779646760202,
              44.873094229980396
            ],
            [
              -93.29004225581232,
              44.873094229980396
            ],
            [
              -93.29004225581232,
              44.8708484417701
            ],
            [
              -93.28779646760202,
              44.8708484417701
            ]
          ]
        ]
      }
    },
    {
      "id": "272",
      "type": "Feature",
      "properties": {
        "cell_id": "r8_c14",
        "row": 8,
        "col": 14,
        "dominant_nbs": null,
        "dominant_nbs_score": null,
        "riverine": false,
        "pluvial": true,
        "low_lying": true,
        "flood_mechanism_type": "mixed",
        "flood_mechanism_code": 5,
        "flood_score": 0.1818181872367859,
        "risk_score": 0.1072118952870369,
        "dist_river_m": 3146.050611731966,
        "hazard_valid": true,
        "is_interpolated": false
      },
      "geometry": {
        "type": "Polygon",
        "coordinates": [
          [
            [
              -93.28555067939172,
              44.8708484417701
            ],
            [
              -93.28555067939172,
              44.873094229980396
            ],
            [
              -93.28779646760202,
              44.873094229980396
            ],
            [
              -93.28779646760202,
              44.8708484417701
            ],
            [
              -93.28555067939172,
              44.8708484417701
            ]
          ]
        ]
      }
    },
    {
      "id": "273",
      "type": "Feature",
      "properties": {
        "cell_id": "r8_c15",
        "row": 8,
        "col": 15,
        "dominant_nbs": null,
        "dominant_nbs_score": null,
        "riverine": false,
        "pluvial": true,
        "low_lying": true,
        "flood_mechanism_type": "mixed",
        "flood_mechanism_code": 5,
        "flood_score": 0.1818181872367859,
        "risk_score": 0.1072118952870369,
        "dist_river_m": 3324.530372065771,
        "hazard_valid": true,
        "is_interpolated": false
      },
      "geometry": {
        "type": "Polygon",
        "coordinates": [
          [
            [
              -93.28330489118142,
              44.8708484417701
            ],
            [
              -93.28330489118142,
              44.873094229980396
            ],
            [
              -93.28555067939172,
              44.873094229980396
            ],
            [
              -93.28555067939172,
              44.8708484417701
            ],
            [
              -93.28330489118142,
              44.8708484417701
            ]
          ]
        ]
      }
    },
    {
      "id": "274",
      "type": "Feature",
      "properties": {
        "cell_id": "r8_c16",
        "row": 8,
        "col": 16,
        "dominant_nbs": null,
        "dominant_nbs_score": null,
        "riverine": false,
        "pluvial": true,
        "low_lying": true,
        "flood_mechanism_type": "mixed",
        "flood_mechanism_code": 5,
        "flood_score": 0.1818181872367859,
        "risk_score": 0.1072118952870369,
        "dist_river_m": 3511.645406213078,
        "hazard_valid": true,
        "is_interpolated": false
      },
      "geometry": {
        "type": "Polygon",
        "coordinates": [
          [
            [
              -93.28105910297113,
              44.8708484417701
            ],
            [
              -93.28105910297113,
              44.873094229980396
            ],
            [
              -93.28330489118142,
              44.873094229980396
            ],
            [
              -93.28330489118142,
              44.8708484417701
            ],
            [
              -93.28105910297113,
              44.8708484417701
            ]
          ]
        ]
      }
    },
    {
      "id": "275",
      "type": "Feature",
      "properties": {
        "cell_id": "r8_c17",
        "row": 8,
        "col": 17,
        "dominant_nbs": null,
        "dominant_nbs_score": null,
        "riverine": false,
        "pluvial": true,
        "low_lying": true,
        "flood_mechanism_type": "mixed",
        "flood_mechanism_code": 5,
        "flood_score": 0.1818181872367859,
        "risk_score": 0.1072118952870369,
        "dist_river_m": 3706.0879973549886,
        "hazard_valid": true,
        "is_interpolated": false
      },
      "geometry": {
        "type": "Polygon",
        "coordinates": [
          [
            [
              -93.27881331476082,
              44.8708484417701
            ],
            [
              -93.27881331476082,
              44.873094229980396
            ],
            [
              -93.28105910297113,
              44.873094229980396
            ],
            [
              -93.28105910297113,
              44.8708484417701
            ],
            [
              -93.27881331476082,
              44.8708484417701
            ]
          ]
        ]
      }
    },
    {
      "id": "276",
      "type": "Feature",
      "properties": {
        "cell_id": "r8_c18",
        "row": 8,
        "col": 18,
        "dominant_nbs": null,
        "dominant_nbs_score": null,
        "riverine": false,
        "pluvial": true,
        "low_lying": true,
        "flood_mechanism_type": "mixed",
        "flood_mechanism_code": 5,
        "flood_score": 0.1818181872367859,
        "risk_score": 0.1882956176996231,
        "dist_river_m": 3768.2612415717,
        "hazard_valid": true,
        "is_interpolated": false
      },
      "geometry": {
        "type": "Polygon",
        "coordinates": [
          [
            [
              -93.27656752655052,
              44.8708484417701
            ],
            [
              -93.27656752655052,
              44.873094229980396
            ],
            [
              -93.27881331476082,
              44.873094229980396
            ],
            [
              -93.27881331476082,
              44.8708484417701
            ],
            [
              -93.27656752655052,
              44.8708484417701
            ]
          ]
        ]
      }
    },
    {
      "id": "277",
      "type": "Feature",
      "properties": {
        "cell_id": "r8_c19",
        "row": 8,
        "col": 19,
        "dominant_nbs": null,
        "dominant_nbs_score": null,
        "riverine": false,
        "pluvial": true,
        "low_lying": true,
        "flood_mechanism_type": "mixed",
        "flood_mechanism_code": 5,
        "flood_score": 0.1818181872367859,
        "risk_score": 0.1882956176996231,
        "dist_river_m": 3792.3504333627193,
        "hazard_valid": true,
        "is_interpolated": false
      },
      "geometry": {
        "type": "Polygon",
        "coordinates": [
          [
            [
              -93.27432173834022,
              44.8708484417701
            ],
            [
              -93.27432173834022,
              44.873094229980396
            ],
            [
              -93.27656752655052,
              44.873094229980396
            ],
            [
              -93.27656752655052,
              44.8708484417701
            ],
            [
              -93.27432173834022,
              44.8708484417701
            ]
          ]
        ]
      }
    },
    {
      "id": "278",
      "type": "Feature",
      "properties": {
        "cell_id": "r8_c20",
        "row": 8,
        "col": 20,
        "dominant_nbs": null,
        "dominant_nbs_score": null,
        "riverine": false,
        "pluvial": true,
        "low_lying": true,
        "flood_mechanism_type": "mixed",
        "flood_mechanism_code": 5,
        "flood_score": 0.1818181872367859,
        "risk_score": 0.2868340015411377,
        "dist_river_m": 3831.989190305077,
        "hazard_valid": true,
        "is_interpolated": false
      },
      "geometry": {
        "type": "Polygon",
        "coordinates": [
          [
            [
              -93.27207595012993,
              44.8708484417701
            ],
            [
              -93.27207595012993,
              44.873094229980396
            ],
            [
              -93.27432173834022,
              44.873094229980396
            ],
            [
              -93.27432173834022,
              44.8708484417701
            ],
            [
              -93.27207595012993,
              44.8708484417701
            ]
          ]
        ]
      }
    },
    {
      "id": "279",
      "type": "Feature",
      "properties": {
        "cell_id": "r8_c21",
        "row": 8,
        "col": 21,
        "dominant_nbs": null,
        "dominant_nbs_score": null,
        "riverine": false,
        "pluvial": true,
        "low_lying": true,
        "flood_mechanism_type": "mixed",
        "flood_mechanism_code": 5,
        "flood_score": 0.1818181872367859,
        "risk_score": 0.2868340015411377,
        "dist_river_m": 3886.473010207434,
        "hazard_valid": true,
        "is_interpolated": false
      },
      "geometry": {
        "type": "Polygon",
        "coordinates": [
          [
            [
              -93.26983016191963,
              44.8708484417701
            ],
            [
              -93.26983016191963,
              44.873094229980396
            ],
            [
              -93.27207595012993,
              44.873094229980396
            ],
            [
              -93.27207595012993,
              44.8708484417701
            ],
            [
              -93.26983016191963,
              44.8708484417701
            ]
          ]
        ]
      }
    },
    {
      "id": "280",
      "type": "Feature",
      "properties": {
        "cell_id": "r8_c22",
        "row": 8,
        "col": 22,
        "dominant_nbs": null,
        "dominant_nbs_score": null,
        "riverine": false,
        "pluvial": true,
        "low_lying": true,
        "flood_mechanism_type": "mixed",
        "flood_mechanism_code": 5,
        "flood_score": 0.1818181872367859,
        "risk_score": 0.2868340015411377,
        "dist_river_m": 3955.9432863108195,
        "hazard_valid": true,
        "is_interpolated": false
      },
      "geometry": {
        "type": "Polygon",
        "coordinates": [
          [
            [
              -93.26758437370933,
              44.8708484417701
            ],
            [
              -93.26758437370933,
              44.873094229980396
            ],
            [
              -93.26983016191963,
              44.873094229980396
            ],
            [
              -93.26983016191963,
              44.8708484417701
            ],
            [
              -93.26758437370933,
              44.8708484417701
            ]
          ]
        ]
      }
    },
    {
      "id": "281",
      "type": "Feature",
      "properties": {
        "cell_id": "r8_c23",
        "row": 8,
        "col": 23,
        "dominant_nbs": null,
        "dominant_nbs_score": null,
        "riverine": false,
        "pluvial": true,
        "low_lying": true,
        "flood_mechanism_type": "mixed",
        "flood_mechanism_code": 5,
        "flood_score": 0.1818181872367859,
        "risk_score": 0.22817863523960114,
        "dist_river_m": 4036.9933881020806,
        "hazard_valid": true,
        "is_interpolated": false
      },
      "geometry": {
        "type": "Polygon",
        "coordinates": [
          [
            [
              -93.26533858549902,
              44.8708484417701
            ],
            [
              -93.26533858549902,
              44.873094229980396
            ],
            [
              -93.26758437370933,
              44.873094229980396
            ],
            [
              -93.26758437370933,
              44.8708484417701
            ],
            [
              -93.26533858549902,
              44.8708484417701
            ]
          ]
        ]
      }
    },
    {
      "id": "282",
      "type": "Feature",
      "properties": {
        "cell_id": "r8_c24",
        "row": 8,
        "col": 24,
        "dominant_nbs": null,
        "dominant_nbs_score": null,
        "riverine": false,
        "pluvial": true,
        "low_lying": true,
        "flood_mechanism_type": "mixed",
        "flood_mechanism_code": 5,
        "flood_score": 0.1818181872367859,
        "risk_score": 0.22817863523960114,
        "dist_river_m": 4129.583358783689,
        "hazard_valid": true,
        "is_interpolated": false
      },
      "geometry": {
        "type": "Polygon",
        "coordinates": [
          [
            [
              -93.26309279728873,
              44.8708484417701
            ],
            [
              -93.26309279728873,
              44.873094229980396
            ],
            [
              -93.26533858549902,
              44.873094229980396
            ],
            [
              -93.26533858549902,
              44.8708484417701
            ],
            [
              -93.26309279728873,
              44.8708484417701
            ]
          ]
        ]
      }
    },
    {
      "id": "283",
      "type": "Feature",
      "properties": {
        "cell_id": "r8_c25",
        "row": 8,
        "col": 25,
        "dominant_nbs": null,
        "dominant_nbs_score": null,
        "riverine": false,
        "pluvial": true,
        "low_lying": true,
        "flood_mechanism_type": "mixed",
        "flood_mechanism_code": 5,
        "flood_score": 0.1818181872367859,
        "risk_score": 0.22817863523960114,
        "dist_river_m": 4234.839822992702,
        "hazard_valid": true,
        "is_interpolated": false
      },
      "geometry": {
        "type": "Polygon",
        "coordinates": [
          [
            [
              -93.26084700907843,
              44.8708484417701
            ],
            [
              -93.26084700907843,
              44.873094229980396
            ],
            [
              -93.26309279728873,
              44.873094229980396
            ],
            [
              -93.26309279728873,
              44.8708484417701
            ],
            [
              -93.26084700907843,
              44.8708484417701
            ]
          ]
        ]
      }
    },
    {
      "id": "284",
      "type": "Feature",
      "properties": {
        "cell_id": "r8_c26",
        "row": 8,
        "col": 26,
        "dominant_nbs": null,
        "dominant_nbs_score": null,
        "riverine": false,
        "pluvial": true,
        "low_lying": true,
        "flood_mechanism_type": "mixed",
        "flood_mechanism_code": 5,
        "flood_score": 0.1818181872367859,
        "risk_score": 0.22817863523960114,
        "dist_river_m": 4351.302068403263,
        "hazard_valid": true,
        "is_interpolated": false
      },
      "geometry": {
        "type": "Polygon",
        "coordinates": [
          [
            [
              -93.25860122086813,
              44.8708484417701
            ],
            [
              -93.25860122086813,
              44.873094229980396
            ],
            [
              -93.26084700907843,
              44.873094229980396
            ],
            [
              -93.26084700907843,
              44.8708484417701
            ],
            [
              -93.25860122086813,
              44.8708484417701
            ]
          ]
        ]
      }
    },
    {
      "id": "285",
      "type": "Feature",
      "properties": {
        "cell_id": "r8_c27",
        "row": 8,
        "col": 27,
        "dominant_nbs": null,
        "dominant_nbs_score": null,
        "riverine": false,
        "pluvial": true,
        "low_lying": true,
        "flood_mechanism_type": "mixed",
        "flood_mechanism_code": 5,
        "flood_score": 0.1818181872367859,
        "risk_score": 0.2515549063682556,
        "dist_river_m": 4387.85694750583,
        "hazard_valid": true,
        "is_interpolated": false
      },
      "geometry": {
        "type": "Polygon",
        "coordinates": [
          [
            [
              -93.25635543265784,
              44.8708484417701
            ],
            [
              -93.25635543265784,
              44.873094229980396
            ],
            [
              -93.25860122086813,
              44.873094229980396
            ],
            [
              -93.25860122086813,
              44.8708484417701
            ],
            [
              -93.25635543265784,
              44.8708484417701
            ]
          ]
        ]
      }
    },
    {
      "id": "286",
      "type": "Feature",
      "properties": {
        "cell_id": "r8_c28",
        "row": 8,
        "col": 28,
        "dominant_nbs": null,
        "dominant_nbs_score": null,
        "riverine": false,
        "pluvial": true,
        "low_lying": true,
        "flood_mechanism_type": "mixed",
        "flood_mechanism_code": 5,
        "flood_score": 0.1818181872367859,
        "risk_score": 0.2515549063682556,
        "dist_river_m": 4427.388185430734,
        "hazard_valid": true,
        "is_interpolated": false
      },
      "geometry": {
        "type": "Polygon",
        "coordinates": [
          [
            [
              -93.25410964444754,
              44.8708484417701
            ],
            [
              -93.25410964444754,
              44.873094229980396
            ],
            [
              -93.25635543265784,
              44.873094229980396
            ],
            [
              -93.25635543265784,
              44.8708484417701
            ],
            [
              -93.25410964444754,
              44.8708484417701
            ]
          ]
        ]
      }
    },
    {
      "id": "287",
      "type": "Feature",
      "properties": {
        "cell_id": "r8_c29",
        "row": 8,
        "col": 29,
        "dominant_nbs": null,
        "dominant_nbs_score": null,
        "riverine": false,
        "pluvial": true,
        "low_lying": true,
        "flood_mechanism_type": "mixed",
        "flood_mechanism_code": 5,
        "flood_score": 0.1818181872367859,
        "risk_score": 0.22417399287223816,
        "dist_river_m": 4480.392175524707,
        "hazard_valid": true,
        "is_interpolated": false
      },
      "geometry": {
        "type": "Polygon",
        "coordinates": [
          [
            [
              -93.25186385623724,
              44.8708484417701
            ],
            [
              -93.25186385623724,
              44.873094229980396
            ],
            [
              -93.25410964444754,
              44.873094229980396
            ],
            [
              -93.25410964444754,
              44.8708484417701
            ],
            [
              -93.25186385623724,
              44.8708484417701
            ]
          ]
        ]
      }
    },
    {
      "id": "288",
      "type": "Feature",
      "properties": {
        "cell_id": "r8_c30",
        "row": 8,
        "col": 30,
        "dominant_nbs": null,
        "dominant_nbs_score": null,
        "riverine": false,
        "pluvial": true,
        "low_lying": true,
        "flood_mechanism_type": "mixed",
        "flood_mechanism_code": 5,
        "flood_score": 0.1818181872367859,
        "risk_score": 0.24906711280345917,
        "dist_river_m": 4546.465162023717,
        "hazard_valid": true,
        "is_interpolated": false
      },
      "geometry": {
        "type": "Polygon",
        "coordinates": [
          [
            [
              -93.24961806802693,
              44.8708484417701
            ],
            [
              -93.24961806802693,
              44.873094229980396
            ],
            [
              -93.25186385623724,
              44.873094229980396
            ],
            [
              -93.25186385623724,
              44.8708484417701
            ],
            [
              -93.24961806802693,
              44.8708484417701
            ]
          ]
        ]
      }
    },
    {
      "id": "289",
      "type": "Feature",
      "properties": {
        "cell_id": "r8_c31",
        "row": 8,
        "col": 31,
        "dominant_nbs": null,
        "dominant_nbs_score": null,
        "riverine": false,
        "pluvial": true,
        "low_lying": true,
        "flood_mechanism_type": "mixed",
        "flood_mechanism_code": 5,
        "flood_score": 0.21590909361839294,
        "risk_score": 0.2637510895729065,
        "dist_river_m": 4625.047071486796,
        "hazard_valid": true,
        "is_interpolated": false
      },
      "geometry": {
        "type": "Polygon",
        "coordinates": [
          [
            [
              -93.24737227981664,
              44.8708484417701
            ],
            [
              -93.24737227981664,
              44.873094229980396
            ],
            [
              -93.24961806802693,
              44.873094229980396
            ],
            [
              -93.24961806802693,
              44.8708484417701
            ],
            [
              -93.24737227981664,
              44.8708484417701
            ]
          ]
        ]
      }
    },
    {
      "id": "290",
      "type": "Feature",
      "properties": {
        "cell_id": "r9_c0",
        "row": 9,
        "col": 0,
        "dominant_nbs": null,
        "dominant_nbs_score": null,
        "riverine": false,
        "pluvial": true,
        "low_lying": true,
        "flood_mechanism_type": "mixed",
        "flood_mechanism_code": 5,
        "flood_score": 0.1818181872367859,
        "risk_score": 0.20322225987911224,
        "dist_river_m": 2172.651395586198,
        "hazard_valid": true,
        "is_interpolated": false
      },
      "geometry": {
        "type": "Polygon",
        "coordinates": [
          [
            [
              -93.3169917143359,
              44.8686026535598
            ],
            [
              -93.3169917143359,
              44.8708484417701
            ],
            [
              -93.3192375025462,
              44.8708484417701
            ],
            [
              -93.3192375025462,
              44.8686026535598
            ],
            [
              -93.3169917143359,
              44.8686026535598
            ]
          ]
        ]
      }
    },
    {
      "id": "291",
      "type": "Feature",
      "properties": {
        "cell_id": "r9_c1",
        "row": 9,
        "col": 1,
        "dominant_nbs": null,
        "dominant_nbs_score": null,
        "riverine": false,
        "pluvial": true,
        "low_lying": true,
        "flood_mechanism_type": "mixed",
        "flood_mechanism_code": 5,
        "flood_score": 0.1818181872367859,
        "risk_score": 0.20322225987911224,
        "dist_river_m": 2055.5337649107914,
        "hazard_valid": true,
        "is_interpolated": false
      },
      "geometry": {
        "type": "Polygon",
        "coordinates": [
          [
            [
              -93.31474592612561,
              44.8686026535598
            ],
            [
              -93.31474592612561,
              44.8708484417701
            ],
            [
              -93.3169917143359,
              44.8708484417701
            ],
            [
              -93.3169917143359,
              44.8686026535598
            ],
            [
              -93.31474592612561,
              44.8686026535598
            ]
          ]
        ]
      }
    },
    {
      "id": "292",
      "type": "Feature",
      "properties": {
        "cell_id": "r9_c2",
        "row": 9,
        "col": 2,
        "dominant_nbs": null,
        "dominant_nbs_score": null,
        "riverine": false,
        "pluvial": true,
        "low_lying": true,
        "flood_mechanism_type": "mixed",
        "flood_mechanism_code": 5,
        "flood_score": 0.1818181872367859,
        "risk_score": 0.20322225987911224,
        "dist_river_m": 1963.239045968906,
        "hazard_valid": true,
        "is_interpolated": false
      },
      "geometry": {
        "type": "Polygon",
        "coordinates": [
          [
            [
              -93.31250013791531,
              44.8686026535598
            ],
            [
              -93.31250013791531,
              44.8708484417701
            ],
            [
              -93.31474592612561,
              44.8708484417701
            ],
            [
              -93.31474592612561,
              44.8686026535598
            ],
            [
              -93.31250013791531,
              44.8686026535598
            ]
          ]
        ]
      }
    },
    {
      "id": "293",
      "type": "Feature",
      "properties": {
        "cell_id": "r9_c3",
        "row": 9,
        "col": 3,
        "dominant_nbs": null,
        "dominant_nbs_score": null,
        "riverine": false,
        "pluvial": true,
        "low_lying": true,
        "flood_mechanism_type": "mixed",
        "flood_mechanism_code": 5,
        "flood_score": 0.1818181872367859,
        "risk_score": 0.20322225987911224,
        "dist_river_m": 1899.3892611899398,
        "hazard_valid": true,
        "is_interpolated": false
      },
      "geometry": {
        "type": "Polygon",
        "coordinates": [
          [
            [
              -93.310254349705,
              44.8686026535598
            ],
            [
              -93.310254349705,
              44.8708484417701
            ],
            [
              -93.31250013791531,
              44.8708484417701
            ],
            [
              -93.31250013791531,
              44.8686026535598
            ],
            [
              -93.310254349705,
              44.8686026535598
            ]
          ]
        ]
      }
    },
    {
      "id": "294",
      "type": "Feature",
      "properties": {
        "cell_id": "r9_c4",
        "row": 9,
        "col": 4,
        "dominant_nbs": null,
        "dominant_nbs_score": null,
        "riverine": false,
        "pluvial": true,
        "low_lying": true,
        "flood_mechanism_type": "mixed",
        "flood_mechanism_code": 5,
        "flood_score": 0.1818181872367859,
        "risk_score": 0.20322225987911224,
        "dist_river_m": 1866.905219986105,
        "hazard_valid": true,
        "is_interpolated": false
      },
      "geometry": {
        "type": "Polygon",
        "coordinates": [
          [
            [
              -93.3080085614947,
              44.8686026535598
            ],
            [
              -93.3080085614947,
              44.8708484417701
            ],
            [
              -93.310254349705,
              44.8708484417701
            ],
            [
              -93.310254349705,
              44.8686026535598
            ],
            [
              -93.3080085614947,
              44.8686026535598
            ]
          ]
        ]
      }
    },
    {
      "id": "295",
      "type": "Feature",
      "properties": {
        "cell_id": "r9_c5",
        "row": 9,
        "col": 5,
        "dominant_nbs": null,
        "dominant_nbs_score": null,
        "riverine": false,
        "pluvial": true,
        "low_lying": true,
        "flood_mechanism_type": "mixed",
        "flood_mechanism_code": 5,
        "flood_score": 0.1818181872367859,
        "risk_score": 0.1741371899843216,
        "dist_river_m": 1867.4244713722708,
        "hazard_valid": true,
        "is_interpolated": false
      },
      "geometry": {
        "type": "Polygon",
        "coordinates": [
          [
            [
              -93.30576277328441,
              44.8686026535598
            ],
            [
              -93.30576277328441,
              44.8708484417701
            ],
            [
              -93.3080085614947,
              44.8708484417701
            ],
            [
              -93.3080085614947,
              44.8686026535598
            ],
            [
              -93.30576277328441,
              44.8686026535598
            ]
          ]
        ]
      }
    },
    {
      "id": "296",
      "type": "Feature",
      "properties": {
        "cell_id": "r9_c6",
        "row": 9,
        "col": 6,
        "dominant_nbs": null,
        "dominant_nbs_score": null,
        "riverine": false,
        "pluvial": true,
        "low_lying": true,
        "flood_mechanism_type": "mixed",
        "flood_mechanism_code": 5,
        "flood_score": 0.1818181872367859,
        "risk_score": 0.1741371899843216,
        "dist_river_m": 1900.919970206107,
        "hazard_valid": true,
        "is_interpolated": false
      },
      "geometry": {
        "type": "Polygon",
        "coordinates": [
          [
            [
              -93.30351698507411,
              44.8686026535598
            ],
            [
              -93.30351698507411,
              44.8708484417701
            ],
            [
              -93.30576277328441,
              44.8708484417701
            ],
            [
              -93.30576277328441,
              44.8686026535598
            ],
            [
              -93.30351698507411,
              44.8686026535598
            ]
          ]
        ]
      }
    },
    {
      "id": "297",
      "type": "Feature",
      "properties": {
        "cell_id": "r9_c7",
        "row": 9,
        "col": 7,
        "dominant_nbs": null,
        "dominant_nbs_score": null,
        "riverine": false,
        "pluvial": true,
        "low_lying": true,
        "flood_mechanism_type": "mixed",
        "flood_mechanism_code": 5,
        "flood_score": 0.1818181872367859,
        "risk_score": 0.1741371899843216,
        "dist_river_m": 1965.706700135631,
        "hazard_valid": true,
        "is_interpolated": false
      },
      "geometry": {
        "type": "Polygon",
        "coordinates": [
          [
            [
              -93.30127119686381,
              44.8686026535598
            ],
            [
              -93.30127119686381,
              44.8708484417701
            ],
            [
              -93.30351698507411,
              44.8708484417701
            ],
            [
              -93.30351698507411,
              44.8686026535598
            ],
            [
              -93.30127119686381,
              44.8686026535598
            ]
          ]
        ]
      }
    },
    {
      "id": "298",
      "type": "Feature",
      "properties": {
        "cell_id": "r9_c8",
        "row": 9,
        "col": 8,
        "dominant_nbs": null,
        "dominant_nbs_score": null,
        "riverine": false,
        "pluvial": true,
        "low_lying": true,
        "flood_mechanism_type": "mixed",
        "flood_mechanism_code": 5,
        "flood_score": 0.1818181872367859,
        "risk_score": 0.1741371899843216,
        "dist_river_m": 2058.832788200337,
        "hazard_valid": true,
        "is_interpolated": false
      },
      "geometry": {
        "type": "Polygon",
        "coordinates": [
          [
            [
              -93.2990254086535,
              44.8686026535598
            ],
            [
              -93.2990254086535,
              44.8708484417701
            ],
            [
              -93.30127119686381,
              44.8708484417701
            ],
            [
              -93.30127119686381,
              44.8686026535598
            ],
            [
              -93.2990254086535,
              44.8686026535598
            ]
          ]
        ]
      }
    },
    {
      "id": "299",
      "type": "Feature",
      "properties": {
        "cell_id": "r9_c9",
        "row": 9,
        "col": 9,
        "dominant_nbs": null,
        "dominant_nbs_score": null,
        "riverine": false,
        "pluvial": true,
        "low_lying": true,
        "flood_mechanism_type": "mixed",
        "flood_mechanism_code": 5,
        "flood_score": 0.1818181872367859,
        "risk_score": 0.2066873013973236,
        "dist_river_m": 2176.6638669203885,
        "hazard_valid": true,
        "is_interpolated": false
      },
      "geometry": {
        "type": "Polygon",
        "coordinates": [
          [
            [
              -93.29677962044322,
              44.8686026535598
            ],
            [
              -93.29677962044322,
              44.8708484417701
            ],
            [
              -93.2990254086535,
              44.8708484417701
            ],
            [
              -93.2990254086535,
              44.8686026535598
            ],
            [
              -93.29677962044322,
              44.8686026535598
            ]
          ]
        ]
      }
    },
    {
      "id": "300",
      "type": "Feature",
      "properties": {
        "cell_id": "r9_c10",
        "row": 9,
        "col": 10,
        "dominant_nbs": null,
        "dominant_nbs_score": null,
        "riverine": false,
        "pluvial": true,
        "low_lying": true,
        "flood_mechanism_type": "mixed",
        "flood_mechanism_code": 5,
        "flood_score": 0.1818181872367859,
        "risk_score": 0.2066873013973236,
        "dist_river_m": 2315.4313313783605,
        "hazard_valid": true,
        "is_interpolated": false
      },
      "geometry": {
        "type": "Polygon",
        "coordinates": [
          [
            [
              -93.29453383223291,
              44.8686026535598
            ],
            [
              -93.29453383223291,
              44.8708484417701
            ],
            [
              -93.29677962044322,
              44.8708484417701
            ],
            [
              -93.29677962044322,
              44.8686026535598
            ],
            [
              -93.29453383223291,
              44.8686026535598
            ]
          ]
        ]
      }
    },
    {
      "id": "301",
      "type": "Feature",
      "properties": {
        "cell_id": "r9_c11",
        "row": 9,
        "col": 11,
        "dominant_nbs": null,
        "dominant_nbs_score": null,
        "riverine": false,
        "pluvial": true,
        "low_lying": true,
        "flood_mechanism_type": "mixed",
        "flood_mechanism_code": 5,
        "flood_score": 0.1818181872367859,
        "risk_score": 0.2066873013973236,
        "dist_river_m": 2471.6113027903984,
        "hazard_valid": true,
        "is_interpolated": false
      },
      "geometry": {
        "type": "Polygon",
        "coordinates": [
          [
            [
              -93.29228804402261,
              44.8686026535598
            ],
            [
              -93.29228804402261,
              44.8708484417701
            ],
            [
              -93.29453383223291,
              44.8708484417701
            ],
            [
              -93.29453383223291,
              44.8686026535598
            ],
            [
              -93.29228804402261,
              44.8686026535598
            ]
          ]
        ]
      }
    },
    {
      "id": "302",
      "type": "Feature",
      "properties": {
        "cell_id": "r9_c12",
        "row": 9,
        "col": 12,
        "dominant_nbs": null,
        "dominant_nbs_score": null,
        "riverine": false,
        "pluvial": true,
        "low_lying": true,
        "flood_mechanism_type": "mixed",
        "flood_mechanism_code": 5,
        "flood_score": 0.1818181872367859,
        "risk_score": 0.2066873013973236,
        "dist_river_m": 2626.3371040705247,
        "hazard_valid": true,
        "is_interpolated": false
      },
      "geometry": {
        "type": "Polygon",
        "coordinates": [
          [
            [
              -93.29004225581232,
              44.8686026535598
            ],
            [
              -93.29004225581232,
              44.8708484417701
            ],
            [
              -93.29228804402261,
              44.8708484417701
            ],
            [
              -93.29228804402261,
              44.8686026535598
            ],
            [
              -93.29004225581232,
              44.8686026535598
            ]
          ]
        ]
      }
    },
    {
      "id": "303",
      "type": "Feature",
      "properties": {
        "cell_id": "r9_c13",
        "row": 9,
        "col": 13,
        "dominant_nbs": null,
        "dominant_nbs_score": null,
        "riverine": false,
        "pluvial": true,
        "low_lying": true,
        "flood_mechanism_type": "mixed",
        "flood_mechanism_code": 5,
        "flood_score": 0.1818181872367859,
        "risk_score": 0.2066873013973236,
        "dist_river_m": 2793.5545968280335,
        "hazard_valid": true,
        "is_interpolated": false
      },
      "geometry": {
        "type": "Polygon",
        "coordinates": [
          [
            [
              -93.28779646760202,
              44.8686026535598
            ],
            [
              -93.28779646760202,
              44.8708484417701
            ],
            [
              -93.29004225581232,
              44.8708484417701
            ],
            [
              -93.29004225581232,
              44.8686026535598
            ],
            [
              -93.28779646760202,
              44.8686026535598
            ]
          ]
        ]
      }
    },
    {
      "id": "304",
      "type": "Feature",
      "properties": {
        "cell_id": "r9_c14",
        "row": 9,
        "col": 14,
        "dominant_nbs": null,
        "dominant_nbs_score": null,
        "riverine": false,
        "pluvial": true,
        "low_lying": true,
        "flood_mechanism_type": "mixed",
        "flood_mechanism_code": 5,
        "flood_score": 0.1818181872367859,
        "risk_score": 0.251678466796875,
        "dist_river_m": 2972.293980696862,
        "hazard_valid": true,
        "is_interpolated": false
      },
      "geometry": {
        "type": "Polygon",
        "coordinates": [
          [
            [
              -93.28555067939172,
              44.8686026535598
            ],
            [
              -93.28555067939172,
              44.8708484417701
            ],
            [
              -93.28779646760202,
              44.8708484417701
            ],
            [
              -93.28779646760202,
              44.8686026535598
            ],
            [
              -93.28555067939172,
              44.8686026535598
            ]
          ]
        ]
      }
    },
    {
      "id": "305",
      "type": "Feature",
      "properties": {
        "cell_id": "r9_c15",
        "row": 9,
        "col": 15,
        "dominant_nbs": null,
        "dominant_nbs_score": null,
        "riverine": false,
        "pluvial": true,
        "low_lying": true,
        "flood_mechanism_type": "mixed",
        "flood_mechanism_code": 5,
        "flood_score": 0.1818181872367859,
        "risk_score": 0.251678466796875,
        "dist_river_m": 3160.601090124393,
        "hazard_valid": true,
        "is_interpolated": false
      },
      "geometry": {
        "type": "Polygon",
        "coordinates": [
          [
            [
              -93.28330489118142,
              44.8686026535598
            ],
            [
              -93.28330489118142,
              44.8708484417701
            ],
            [
              -93.28555067939172,
              44.8708484417701
            ],
            [
              -93.28555067939172,
              44.8686026535598
            ],
            [
              -93.28330489118142,
              44.8686026535598
            ]
          ]
        ]
      }
    },
    {
      "id": "306",
      "type": "Feature",
      "properties": {
        "cell_id": "r9_c16",
        "row": 9,
        "col": 16,
        "dominant_nbs": null,
        "dominant_nbs_score": null,
        "riverine": false,
        "pluvial": true,
        "low_lying": true,
        "flood_mechanism_type": "mixed",
        "flood_mechanism_code": 5,
        "flood_score": 0.1818181872367859,
        "risk_score": 0.251678466796875,
        "dist_river_m": 3356.8661747357664,
        "hazard_valid": true,
        "is_interpolated": false
      },
      "geometry": {
        "type": "Polygon",
        "coordinates": [
          [
            [
              -93.28105910297113,
              44.8686026535598
            ],
            [
              -93.28105910297113,
              44.8708484417701
            ],
            [
              -93.28330489118142,
              44.8708484417701
            ],
            [
              -93.28330489118142,
              44.8686026535598
            ],
            [
              -93.28105910297113,
              44.8686026535598
            ]
          ]
        ]
      }
    },
    {
      "id": "307",
      "type": "Feature",
      "properties": {
        "cell_id": "r9_c17",
        "row": 9,
        "col": 17,
        "dominant_nbs": null,
        "dominant_nbs_score": null,
        "riverine": false,
        "pluvial": true,
        "low_lying": true,
        "flood_mechanism_type": "mixed",
        "flood_mechanism_code": 5,
        "flood_score": 0.1818181872367859,
        "risk_score": 0.251678466796875,
        "dist_river_m": 3559.7732091028543,
        "hazard_valid": true,
        "is_interpolated": false
      },
      "geometry": {
        "type": "Polygon",
        "coordinates": [
          [
            [
              -93.27881331476082,
              44.8686026535598
            ],
            [
              -93.27881331476082,
              44.8708484417701
            ],
            [
              -93.28105910297113,
              44.8708484417701
            ],
            [
              -93.28105910297113,
              44.8686026535598
            ],
            [
              -93.27881331476082,
              44.8686026535598
            ]
          ]
        ]
      }
    },
    {
      "id": "308",
      "type": "Feature",
      "properties": {
        "cell_id": "r9_c18",
        "row": 9,
        "col": 18,
        "dominant_nbs": null,
        "dominant_nbs_score": null,
        "riverine": false,
        "pluvial": true,
        "low_lying": true,
        "flood_mechanism_type": "mixed",
        "flood_mechanism_code": 5,
        "flood_score": 0.1818181872367859,
        "risk_score": 0.21482019126415253,
        "dist_river_m": 3768.24940873042,
        "hazard_valid": true,
        "is_interpolated": false
      },
      "geometry": {
        "type": "Polygon",
        "coordinates": [
          [
            [
              -93.27656752655052,
              44.8686026535598
            ],
            [
              -93.27656752655052,
              44.8708484417701
            ],
            [
              -93.27881331476082,
              44.8708484417701
            ],
            [
              -93.27881331476082,
              44.8686026535598
            ],
            [
              -93.27656752655052,
              44.8686026535598
            ]
          ]
        ]
      }
    },
    {
      "id": "309",
      "type": "Feature",
      "properties": {
        "cell_id": "r9_c19",
        "row": 9,
        "col": 19,
        "dominant_nbs": null,
        "dominant_nbs_score": null,
        "riverine": false,
        "pluvial": true,
        "low_lying": true,
        "flood_mechanism_type": "mixed",
        "flood_mechanism_code": 5,
        "flood_score": 0.1818181872367859,
        "risk_score": 0.21482019126415253,
        "dist_river_m": 3981.4200272677613,
        "hazard_valid": true,
        "is_interpolated": false
      },
      "geometry": {
        "type": "Polygon",
        "coordinates": [
          [
            [
              -93.27432173834022,
              44.8686026535598
            ],
            [
              -93.27432173834022,
              44.8708484417701
            ],
            [
              -93.27656752655052,
              44.8708484417701
            ],
            [
              -93.27656752655052,
              44.8686026535598
            ],
            [
              -93.27432173834022,
              44.8686026535598
            ]
          ]
        ]
      }
    },
    {
      "id": "310",
      "type": "Feature",
      "properties": {
        "cell_id": "r9_c20",
        "row": 9,
        "col": 20,
        "dominant_nbs": null,
        "dominant_nbs_score": null,
        "riverine": false,
        "pluvial": true,
        "low_lying": true,
        "flood_mechanism_type": "mixed",
        "flood_mechanism_code": 5,
        "flood_score": 0.1818181872367859,
        "risk_score": 0.2868340015411377,
        "dist_river_m": 4077.024843897306,
        "hazard_valid": true,
        "is_interpolated": false
      },
      "geometry": {
        "type": "Polygon",
        "coordinates": [
          [
            [
              -93.27207595012993,
              44.8686026535598
            ],
            [
              -93.27207595012993,
              44.8708484417701
            ],
            [
              -93.27432173834022,
              44.8708484417701
            ],
            [
              -93.27432173834022,
              44.8686026535598
            ],
            [
              -93.27207595012993,
              44.8686026535598
            ]
          ]
        ]
      }
    },
    {
      "id": "311",
      "type": "Feature",
      "properties": {
        "cell_id": "r9_c21",
        "row": 9,
        "col": 21,
        "dominant_nbs": null,
        "dominant_nbs_score": null,
        "riverine": false,
        "pluvial": true,
        "low_lying": true,
        "flood_mechanism_type": "mixed",
        "flood_mechanism_code": 5,
        "flood_score": 0.1818181872367859,
        "risk_score": 0.2868340015411377,
        "dist_river_m": 4128.36452828459,
        "hazard_valid": true,
        "is_interpolated": false
      },
      "geometry": {
        "type": "Polygon",
        "coordinates": [
          [
            [
              -93.26983016191963,
              44.8686026535598
            ],
            [
              -93.26983016191963,
              44.8708484417701
            ],
            [
              -93.27207595012993,
              44.8708484417701
            ],
            [
              -93.27207595012993,
              44.8686026535598
            ],
            [
              -93.26983016191963,
              44.8686026535598
            ]
          ]
        ]
      }
    },
    {
      "id": "312",
      "type": "Feature",
      "properties": {
        "cell_id": "r9_c22",
        "row": 9,
        "col": 22,
        "dominant_nbs": null,
        "dominant_nbs_score": null,
        "riverine": false,
        "pluvial": true,
        "low_lying": true,
        "flood_mechanism_type": "mixed",
        "flood_mechanism_code": 5,
        "flood_score": 0.1818181872367859,
        "risk_score": 0.2868340015411377,
        "dist_river_m": 4193.8298134086535,
        "hazard_valid": true,
        "is_interpolated": false
      },
      "geometry": {
        "type": "Polygon",
        "coordinates": [
          [
            [
              -93.26758437370933,
              44.8686026535598
            ],
            [
              -93.26758437370933,
              44.8708484417701
            ],
            [
              -93.26983016191963,
              44.8708484417701
            ],
            [
              -93.26983016191963,
              44.8686026535598
            ],
            [
              -93.26758437370933,
              44.8686026535598
            ]
          ]
        ]
      }
    },
    {
      "id": "313",
      "type": "Feature",
      "properties": {
        "cell_id": "r9_c23",
        "row": 9,
        "col": 23,
        "dominant_nbs": null,
        "dominant_nbs_score": null,
        "riverine": false,
        "pluvial": true,
        "low_lying": true,
        "flood_mechanism_type": "mixed",
        "flood_mechanism_code": 5,
        "flood_score": 0.1818181872367859,
        "risk_score": 0.22817863523960114,
        "dist_river_m": 4271.852813524411,
        "hazard_valid": true,
        "is_interpolated": false
      },
      "geometry": {
        "type": "Polygon",
        "coordinates": [
          [
            [
              -93.26533858549902,
              44.8686026535598
            ],
            [
              -93.26533858549902,
              44.8708484417701
            ],
            [
              -93.26758437370933,
              44.8708484417701
            ],
            [
              -93.26758437370933,
              44.8686026535598
            ],
            [
              -93.26533858549902,
              44.8686026535598
            ]
          ]
        ]
      }
    },
    {
      "id": "314",
      "type": "Feature",
      "properties": {
        "cell_id": "r9_c24",
        "row": 9,
        "col": 24,
        "dominant_nbs": null,
        "dominant_nbs_score": null,
        "riverine": false,
        "pluvial": true,
        "low_lying": true,
        "flood_mechanism_type": "mixed",
        "flood_mechanism_code": 5,
        "flood_score": 0.1818181872367859,
        "risk_score": 0.22817863523960114,
        "dist_river_m": 4359.457484823046,
        "hazard_valid": true,
        "is_interpolated": false
      },
      "geometry": {
        "type": "Polygon",
        "coordinates": [
          [
            [
              -93.26309279728873,
              44.8686026535598
            ],
            [
              -93.26309279728873,
              44.8708484417701
            ],
            [
              -93.26533858549902,
              44.8708484417701
            ],
            [
              -93.26533858549902,
              44.8686026535598
            ],
            [
              -93.26309279728873,
              44.8686026535598
            ]
          ]
        ]
      }
    },
    {
      "id": "315",
      "type": "Feature",
      "properties": {
        "cell_id": "r9_c25",
        "row": 9,
        "col": 25,
        "dominant_nbs": null,
        "dominant_nbs_score": null,
        "riverine": false,
        "pluvial": true,
        "low_lying": true,
        "flood_mechanism_type": "mixed",
        "flood_mechanism_code": 5,
        "flood_score": 0.1818181872367859,
        "risk_score": 0.22817863523960114,
        "dist_river_m": 4459.2932382305,
        "hazard_valid": true,
        "is_interpolated": false
      },
      "geometry": {
        "type": "Polygon",
        "coordinates": [
          [
            [
              -93.26084700907843,
              44.8686026535598
            ],
            [
              -93.26084700907843,
              44.8708484417701
            ],
            [
              -93.26309279728873,
              44.8708484417701
            ],
            [
              -93.26309279728873,
              44.8686026535598
            ],
            [
              -93.26084700907843,
              44.8686026535598
            ]
          ]
        ]
      }
    },
    {
      "id": "316",
      "type": "Feature",
      "properties": {
        "cell_id": "r9_c26",
        "row": 9,
        "col": 26,
        "dominant_nbs": null,
        "dominant_nbs_score": null,
        "riverine": false,
        "pluvial": true,
        "low_lying": true,
        "flood_mechanism_type": "mixed",
        "flood_mechanism_code": 5,
        "flood_score": 0.1818181872367859,
        "risk_score": 0.22817863523960114,
        "dist_river_m": 4570.298209095403,
        "hazard_valid": true,
        "is_interpolated": false
      },
      "geometry": {
        "type": "Polygon",
        "coordinates": [
          [
            [
              -93.25860122086813,
              44.8686026535598
            ],
            [
              -93.25860122086813,
              44.8708484417701
            ],
            [
              -93.26084700907843,
              44.8708484417701
            ],
            [
              -93.26084700907843,
              44.8686026535598
            ],
            [
              -93.25860122086813,
              44.8686026535598
            ]
          ]
        ]
      }
    },
    {
      "id": "317",
      "type": "Feature",
      "properties": {
        "cell_id": "r9_c27",
        "row": 9,
        "col": 27,
        "dominant_nbs": null,
        "dominant_nbs_score": null,
        "riverine": false,
        "pluvial": true,
        "low_lying": true,
        "flood_mechanism_type": "mixed",
        "flood_mechanism_code": 5,
        "flood_score": 0.1818181872367859,
        "risk_score": 0.22417399287223816,
        "dist_river_m": 4634.169974477136,
        "hazard_valid": true,
        "is_interpolated": false
      },
      "geometry": {
        "type": "Polygon",
        "coordinates": [
          [
            [
              -93.25635543265784,
              44.8686026535598
            ],
            [
              -93.25635543265784,
              44.8708484417701
            ],
            [
              -93.25860122086813,
              44.8708484417701
            ],
            [
              -93.25860122086813,
              44.8686026535598
            ],
            [
              -93.25635543265784,
              44.8686026535598
            ]
          ]
        ]
      }
    },
    {
      "id": "318",
      "type": "Feature",
      "properties": {
        "cell_id": "r9_c28",
        "row": 9,
        "col": 28,
        "dominant_nbs": null,
        "dominant_nbs_score": null,
        "riverine": false,
        "pluvial": false,
        "low_lying": true,
        "flood_mechanism_type": "low_lying",
        "flood_mechanism_code": 3,
        "flood_score": 0.1818181872367859,
        "risk_score": 0.22417399287223816,
        "dist_river_m": 4672.562011230883,
        "hazard_valid": true,
        "is_interpolated": false
      },
      "geometry": {
        "type": "Polygon",
        "coordinates": [
          [
            [
              -93.25410964444754,
              44.8686026535598
            ],
            [
              -93.25410964444754,
              44.8708484417701
            ],
            [
              -93.25635543265784,
              44.8708484417701
            ],
            [
              -93.25635543265784,
              44.8686026535598
            ],
            [
              -93.25410964444754,
              44.8686026535598
            ]
          ]
        ]
      }
    },
    {
      "id": "319",
      "type": "Feature",
      "properties": {
        "cell_id": "r9_c29",
        "row": 9,
        "col": 29,
        "dominant_nbs": null,
        "dominant_nbs_score": null,
        "riverine": false,
        "pluvial": true,
        "low_lying": true,
        "flood_mechanism_type": "mixed",
        "flood_mechanism_code": 5,
        "flood_score": 0.1818181872367859,
        "risk_score": 0.22417399287223816,
        "dist_river_m": 4722.81522513949,
        "hazard_valid": true,
        "is_interpolated": false
      },
      "geometry": {
        "type": "Polygon",
        "coordinates": [
          [
            [
              -93.25186385623724,
              44.8686026535598
            ],
            [
              -93.25186385623724,
              44.8708484417701
            ],
            [
              -93.25410964444754,
              44.8708484417701
            ],
            [
              -93.25410964444754,
              44.8686026535598
            ],
            [
              -93.25186385623724,
              44.8686026535598
            ]
          ]
        ]
      }
    },
    {
      "id": "320",
      "type": "Feature",
      "properties": {
        "cell_id": "r9_c30",
        "row": 9,
        "col": 30,
        "dominant_nbs": null,
        "dominant_nbs_score": null,
        "riverine": false,
        "pluvial": true,
        "low_lying": true,
        "flood_mechanism_type": "mixed",
        "flood_mechanism_code": 5,
        "flood_score": 0.1818181872367859,
        "risk_score": 0.24906711280345917,
        "dist_river_m": 4785.542296731029,
        "hazard_valid": true,
        "is_interpolated": false
      },
      "geometry": {
        "type": "Polygon",
        "coordinates": [
          [
            [
              -93.24961806802693,
              44.8686026535598
            ],
            [
              -93.24961806802693,
              44.8708484417701
            ],
            [
              -93.25186385623724,
              44.8708484417701
            ],
            [
              -93.25186385623724,
              44.8686026535598
            ],
            [
              -93.24961806802693,
              44.8686026535598
            ]
          ]
        ]
      }
    },
    {
      "id": "321",
      "type": "Feature",
      "properties": {
        "cell_id": "r9_c31",
        "row": 9,
        "col": 31,
        "dominant_nbs": null,
        "dominant_nbs_score": null,
        "riverine": false,
        "pluvial": true,
        "low_lying": true,
        "flood_mechanism_type": "mixed",
        "flood_mechanism_code": 5,
        "flood_score": 0.21590909361839294,
        "risk_score": 0.2637510895729065,
        "dist_river_m": 4860.260282924664,
        "hazard_valid": true,
        "is_interpolated": false
      },
      "geometry": {
        "type": "Polygon",
        "coordinates": [
          [
            [
              -93.24737227981664,
              44.8686026535598
            ],
            [
              -93.24737227981664,
              44.8708484417701
            ],
            [
              -93.24961806802693,
              44.8708484417701
            ],
            [
              -93.24961806802693,
              44.8686026535598
            ],
            [
              -93.24737227981664,
              44.8686026535598
            ]
          ]
        ]
      }
    },
    {
      "id": "322",
      "type": "Feature",
      "properties": {
        "cell_id": "r10_c0",
        "row": 10,
        "col": 0,
        "dominant_nbs": null,
        "dominant_nbs_score": null,
        "riverine": false,
        "pluvial": true,
        "low_lying": true,
        "flood_mechanism_type": "mixed",
        "flood_mechanism_code": 5,
        "flood_score": 0.1818181872367859,
        "risk_score": 0.20322225987911224,
        "dist_river_m": 1963.0922758066467,
        "hazard_valid": true,
        "is_interpolated": false
      },
      "geometry": {
        "type": "Polygon",
        "coordinates": [
          [
            [
              -93.3169917143359,
              44.8663568653495
            ],
            [
              -93.3169917143359,
              44.8686026535598
            ],
            [
              -93.3192375025462,
              44.8686026535598
            ],
            [
              -93.3192375025462,
              44.8663568653495
            ],
            [
              -93.3169917143359,
              44.8663568653495
            ]
          ]
        ]
      }
    },
    {
      "id": "323",
      "type": "Feature",
      "properties": {
        "cell_id": "r10_c1",
        "row": 10,
        "col": 1,
        "dominant_nbs": null,
        "dominant_nbs_score": null,
        "riverine": false,
        "pluvial": true,
        "low_lying": true,
        "flood_mechanism_type": "mixed",
        "flood_mechanism_code": 5,
        "flood_score": 0.1818181872367859,
        "risk_score": 0.20322225987911224,
        "dist_river_m": 1832.6309653821195,
        "hazard_valid": true,
        "is_interpolated": false
      },
      "geometry": {
        "type": "Polygon",
        "coordinates": [
          [
            [
              -93.31474592612561,
              44.8663568653495
            ],
            [
              -93.31474592612561,
              44.8686026535598
            ],
            [
              -93.3169917143359,
              44.8686026535598
            ],
            [
              -93.3169917143359,
              44.8663568653495
            ],
            [
              -93.31474592612561,
              44.8663568653495
            ]
          ]
        ]
      }
    },
    {
      "id": "324",
      "type": "Feature",
      "properties": {
        "cell_id": "r10_c2",
        "row": 10,
        "col": 2,
        "dominant_nbs": null,
        "dominant_nbs_score": null,
        "riverine": false,
        "pluvial": true,
        "low_lying": true,
        "flood_mechanism_type": "mixed",
        "flood_mechanism_code": 5,
        "flood_score": 0.1818181872367859,
        "risk_score": 0.20322225987911224,
        "dist_river_m": 1728.474688332452,
        "hazard_valid": true,
        "is_interpolated": false
      },
      "geometry": {
        "type": "Polygon",
        "coordinates": [
          [
            [
              -93.31250013791531,
              44.8663568653495
            ],
            [
              -93.31250013791531,
              44.8686026535598
            ],
            [
              -93.31474592612561,
              44.8686026535598
            ],
            [
              -93.31474592612561,
              44.8663568653495
            ],
            [
              -93.31250013791531,
              44.8663568653495
            ]
          ]
        ]
      }
    },
    {
      "id": "325",
      "type": "Feature",
      "properties": {
        "cell_id": "r10_c3",
        "row": 10,
        "col": 3,
        "dominant_nbs": null,
        "dominant_nbs_score": null,
        "riverine": false,
        "pluvial": true,
        "low_lying": true,
        "flood_mechanism_type": "mixed",
        "flood_mechanism_code": 5,
        "flood_score": 0.1818181872367859,
        "risk_score": 0.20322225987911224,
        "dist_river_m": 1655.5955913545831,
        "hazard_valid": true,
        "is_interpolated": false
      },
      "geometry": {
        "type": "Polygon",
        "coordinates": [
          [
            [
              -93.310254349705,
              44.8663568653495
            ],
            [
              -93.310254349705,
              44.8686026535598
            ],
            [
              -93.31250013791531,
              44.8686026535598
            ],
            [
              -93.31250013791531,
              44.8663568653495
            ],
            [
              -93.310254349705,
              44.8663568653495
            ]
          ]
        ]
      }
    },
    {
      "id": "326",
      "type": "Feature",
      "properties": {
        "cell_id": "r10_c4",
        "row": 10,
        "col": 4,
        "dominant_nbs": null,
        "dominant_nbs_score": null,
        "riverine": false,
        "pluvial": true,
        "low_lying": true,
        "flood_mechanism_type": "mixed",
        "flood_mechanism_code": 5,
        "flood_score": 0.1818181872367859,
        "risk_score": 0.20322225987911224,
        "dist_river_m": 1618.2250452271567,
        "hazard_valid": true,
        "is_interpolated": false
      },
      "geometry": {
        "type": "Polygon",
        "coordinates": [
          [
            [
              -93.3080085614947,
              44.8663568653495
            ],
            [
              -93.3080085614947,
              44.8686026535598
            ],
            [
              -93.310254349705,
              44.8686026535598
            ],
            [
              -93.310254349705,
              44.8663568653495
            ],
            [
              -93.3080085614947,
              44.8663568653495
            ]
          ]
        ]
      }
    },
    {
      "id": "327",
      "type": "Feature",
      "properties": {
        "cell_id": "r10_c5",
        "row": 10,
        "col": 5,
        "dominant_nbs": null,
        "dominant_nbs_score": null,
        "riverine": false,
        "pluvial": true,
        "low_lying": true,
        "flood_mechanism_type": "mixed",
        "flood_mechanism_code": 5,
        "flood_score": 0.1818181872367859,
        "risk_score": 0.1741371899843216,
        "dist_river_m": 1618.8240648288718,
        "hazard_valid": true,
        "is_interpolated": false
      },
      "geometry": {
        "type": "Polygon",
        "coordinates": [
          [
            [
              -93.30576277328441,
              44.8663568653495
            ],
            [
              -93.30576277328441,
              44.8686026535598
            ],
            [
              -93.3080085614947,
              44.8686026535598
            ],
            [
              -93.3080085614947,
              44.8663568653495
            ],
            [
              -93.30576277328441,
              44.8663568653495
            ]
          ]
        ]
      }
    },
    {
      "id": "328",
      "type": "Feature",
      "properties": {
        "cell_id": "r10_c6",
        "row": 10,
        "col": 6,
        "dominant_nbs": null,
        "dominant_nbs_score": null,
        "riverine": false,
        "pluvial": true,
        "low_lying": true,
        "flood_mechanism_type": "mixed",
        "flood_mechanism_code": 5,
        "flood_score": 0.1818181872367859,
        "risk_score": 0.1741371899843216,
        "dist_river_m": 1657.3514804402394,
        "hazard_valid": true,
        "is_interpolated": false
      },
      "geometry": {
        "type": "Polygon",
        "coordinates": [
          [
            [
              -93.30351698507411,
              44.8663568653495
            ],
            [
              -93.30351698507411,
              44.8686026535598
            ],
            [
              -93.30576277328441,
              44.8686026535598
            ],
            [
              -93.30576277328441,
              44.8663568653495
            ],
            [
              -93.30351698507411,
              44.8663568653495
            ]
          ]
        ]
      }
    },
    {
      "id": "329",
      "type": "Feature",
      "properties": {
        "cell_id": "r10_c7",
        "row": 10,
        "col": 7,
        "dominant_nbs": null,
        "dominant_nbs_score": null,
        "riverine": false,
        "pluvial": true,
        "low_lying": true,
        "flood_mechanism_type": "mixed",
        "flood_mechanism_code": 5,
        "flood_score": 0.1818181872367859,
        "risk_score": 0.1741371899843216,
        "dist_river_m": 1731.2769933049933,
        "hazard_valid": true,
        "is_interpolated": false
      },
      "geometry": {
        "type": "Polygon",
        "coordinates": [
          [
            [
              -93.30127119686381,
              44.8663568653495
            ],
            [
              -93.30127119686381,
              44.8686026535598
            ],
            [
              -93.30351698507411,
              44.8686026535598
            ],
            [
              -93.30351698507411,
              44.8663568653495
            ],
            [
              -93.30127119686381,
              44.8663568653495
            ]
          ]
        ]
      }
    },
    {
      "id": "330",
      "type": "Feature",
      "properties": {
        "cell_id": "r10_c8",
        "row": 10,
        "col": 8,
        "dominant_nbs": null,
        "dominant_nbs_score": null,
        "riverine": false,
        "pluvial": true,
        "low_lying": true,
        "flood_mechanism_type": "mixed",
        "flood_mechanism_code": 5,
        "flood_score": 0.1818181872367859,
        "risk_score": 0.1741371899843216,
        "dist_river_m": 1836.3304839700938,
        "hazard_valid": true,
        "is_interpolated": false
      },
      "geometry": {
        "type": "Polygon",
        "coordinates": [
          [
            [
              -93.2990254086535,
              44.8663568653495
            ],
            [
              -93.2990254086535,
              44.8686026535598
            ],
            [
              -93.30127119686381,
              44.8686026535598
            ],
            [
              -93.30127119686381,
              44.8663568653495
            ],
            [
              -93.2990254086535,
              44.8663568653495
            ]
          ]
        ]
      }
    },
    {
      "id": "331",
      "type": "Feature",
      "properties": {
        "cell_id": "r10_c9",
        "row": 10,
        "col": 9,
        "dominant_nbs": null,
        "dominant_nbs_score": null,
        "riverine": false,
        "pluvial": true,
        "low_lying": true,
        "flood_mechanism_type": "mixed",
        "flood_mechanism_code": 5,
        "flood_score": 0.1818181872367859,
        "risk_score": 0.2066873013973236,
        "dist_river_m": 1967.532156318134,
        "hazard_valid": true,
        "is_interpolated": false
      },
      "geometry": {
        "type": "Polygon",
        "coordinates": [
          [
            [
              -93.29677962044322,
              44.8663568653495
            ],
            [
              -93.29677962044322,
              44.8686026535598
            ],
            [
              -93.2990254086535,
              44.8686026535598
            ],
            [
              -93.2990254086535,
              44.8663568653495
            ],
            [
              -93.29677962044322,
              44.8663568653495
            ]
          ]
        ]
      }
    },
    {
      "id": "332",
      "type": "Feature",
      "properties": {
        "cell_id": "r10_c10",
        "row": 10,
        "col": 10,
        "dominant_nbs": null,
        "dominant_nbs_score": null,
        "riverine": false,
        "pluvial": true,
        "low_lying": true,
        "flood_mechanism_type": "mixed",
        "flood_mechanism_code": 5,
        "flood_score": 0.1818181872367859,
        "risk_score": 0.2066873013973236,
        "dist_river_m": 2120.0328881688683,
        "hazard_valid": true,
        "is_interpolated": false
      },
      "geometry": {
        "type": "Polygon",
        "coordinates": [
          [
            [
              -93.29453383223291,
              44.8663568653495
            ],
            [
              -93.29453383223291,
              44.8686026535598
            ],
            [
              -93.29677962044322,
              44.8686026535598
            ],
            [
              -93.29677962044322,
              44.8663568653495
            ],
            [
              -93.29453383223291,
              44.8663568653495
            ]
          ]
        ]
      }
    },
    {
      "id": "333",
      "type": "Feature",
      "properties": {
        "cell_id": "r10_c11",
        "row": 10,
        "col": 11,
        "dominant_nbs": null,
        "dominant_nbs_score": null,
        "riverine": false,
        "pluvial": true,
        "low_lying": true,
        "flood_mechanism_type": "mixed",
        "flood_mechanism_code": 5,
        "flood_score": 0.1818181872367859,
        "risk_score": 0.2066873013973236,
        "dist_river_m": 2275.2604204886757,
        "hazard_valid": true,
        "is_interpolated": false
      },
      "geometry": {
        "type": "Polygon",
        "coordinates": [
          [
            [
              -93.29228804402261,
              44.8663568653495
            ],
            [
              -93.29228804402261,
              44.8686026535598
            ],
            [
              -93.29453383223291,
              44.8686026535598
            ],
            [
              -93.29453383223291,
              44.8663568653495
            ],
            [
              -93.29228804402261,
              44.8663568653495
            ]
          ]
        ]
      }
    },
    {
      "id": "334",
      "type": "Feature",
      "properties": {
        "cell_id": "r10_c12",
        "row": 10,
        "col": 12,
        "dominant_nbs": null,
        "dominant_nbs_score": null,
        "riverine": false,
        "pluvial": true,
        "low_lying": true,
        "flood_mechanism_type": "mixed",
        "flood_mechanism_code": 5,
        "flood_score": 0.1818181872367859,
        "risk_score": 0.2066873013973236,
        "dist_river_m": 2441.070904604982,
        "hazard_valid": true,
        "is_interpolated": false
      },
      "geometry": {
        "type": "Polygon",
        "coordinates": [
          [
            [
              -93.29004225581232,
              44.8663568653495
            ],
            [
              -93.29004225581232,
              44.8686026535598
            ],
            [
              -93.29228804402261,
              44.8686026535598
            ],
            [
              -93.29228804402261,
              44.8663568653495
            ],
            [
              -93.29004225581232,
              44.8663568653495
            ]
          ]
        ]
      }
    },
    {
      "id": "335",
      "type": "Feature",
      "properties": {
        "cell_id": "r10_c13",
        "row": 10,
        "col": 13,
        "dominant_nbs": null,
        "dominant_nbs_score": null,
        "riverine": false,
        "pluvial": true,
        "low_lying": true,
        "flood_mechanism_type": "mixed",
        "flood_mechanism_code": 5,
        "flood_score": 0.1818181872367859,
        "risk_score": 0.2066873013973236,
        "dist_river_m": 2620.1389013849,
        "hazard_valid": true,
        "is_interpolated": false
      },
      "geometry": {
        "type": "Polygon",
        "coordinates": [
          [
            [
              -93.28779646760202,
              44.8663568653495
            ],
            [
              -93.28779646760202,
              44.8686026535598
            ],
            [
              -93.29004225581232,
              44.8686026535598
            ],
            [
              -93.29004225581232,
              44.8663568653495
            ],
            [
              -93.28779646760202,
              44.8663568653495
            ]
          ]
        ]
      }
    },
    {
      "id": "336",
      "type": "Feature",
      "properties": {
        "cell_id": "r10_c14",
        "row": 10,
        "col": 14,
        "dominant_nbs": null,
        "dominant_nbs_score": null,
        "riverine": false,
        "pluvial": true,
        "low_lying": true,
        "flood_mechanism_type": "mixed",
        "flood_mechanism_code": 5,
        "flood_score": 0.1818181872367859,
        "risk_score": 0.251678466796875,
        "dist_river_m": 2809.9309750914226,
        "hazard_valid": true,
        "is_interpolated": false
      },
      "geometry": {
        "type": "Polygon",
        "coordinates": [
          [
            [
              -93.28555067939172,
              44.8663568653495
            ],
            [
              -93.28555067939172,
              44.8686026535598
            ],
            [
              -93.28779646760202,
              44.8686026535598
            ],
            [
              -93.28779646760202,
              44.8663568653495
            ],
            [
              -93.28555067939172,
              44.8663568653495
            ]
          ]
        ]
      }
    },
    {
      "id": "337",
      "type": "Feature",
      "properties": {
        "cell_id": "r10_c15",
        "row": 10,
        "col": 15,
        "dominant_nbs": null,
        "dominant_nbs_score": null,
        "riverine": false,
        "pluvial": true,
        "low_lying": true,
        "flood_mechanism_type": "mixed",
        "flood_mechanism_code": 5,
        "flood_score": 0.1818181872367859,
        "risk_score": 0.251678466796875,
        "dist_river_m": 3008.418160426993,
        "hazard_valid": true,
        "is_interpolated": false
      },
      "geometry": {
        "type": "Polygon",
        "coordinates": [
          [
            [
              -93.28330489118142,
              44.8663568653495
            ],
            [
              -93.28330489118142,
              44.8686026535598
            ],
            [
              -93.28555067939172,
              44.8686026535598
            ],
            [
              -93.28555067939172,
              44.8663568653495
            ],
            [
              -93.28330489118142,
              44.8663568653495
            ]
          ]
        ]
      }
    },
    {
      "id": "338",
      "type": "Feature",
      "properties": {
        "cell_id": "r10_c16",
        "row": 10,
        "col": 16,
        "dominant_nbs": null,
        "dominant_nbs_score": null,
        "riverine": false,
        "pluvial": true,
        "low_lying": true,
        "flood_mechanism_type": "mixed",
        "flood_mechanism_code": 5,
        "flood_score": 0.1818181872367859,
        "risk_score": 0.251678466796875,
        "dist_river_m": 3213.9899023140333,
        "hazard_valid": true,
        "is_interpolated": false
      },
      "geometry": {
        "type": "Polygon",
        "coordinates": [
          [
            [
              -93.28105910297113,
              44.8663568653495
            ],
            [
              -93.28105910297113,
              44.8686026535598
            ],
            [
              -93.28330489118142,
              44.8686026535598
            ],
            [
              -93.28330489118142,
              44.8663568653495
            ],
            [
              -93.28105910297113,
              44.8663568653495
            ]
          ]
        ]
      }
    },
    {
      "id": "339",
      "type": "Feature",
      "properties": {
        "cell_id": "r10_c17",
        "row": 10,
        "col": 17,
        "dominant_nbs": null,
        "dominant_nbs_score": null,
        "riverine": false,
        "pluvial": true,
        "low_lying": true,
        "flood_mechanism_type": "mixed",
        "flood_mechanism_code": 5,
        "flood_score": 0.1818181872367859,
        "risk_score": 0.251678466796875,
        "dist_river_m": 3425.3709109143006,
        "hazard_valid": true,
        "is_interpolated": false
      },
      "geometry": {
        "type": "Polygon",
        "coordinates": [
          [
            [
              -93.27881331476082,
              44.8663568653495
            ],
            [
              -93.27881331476082,
              44.8686026535598
            ],
            [
              -93.28105910297113,
              44.8686026535598
            ],
            [
              -93.28105910297113,
              44.8663568653495
            ],
            [
              -93.27881331476082,
              44.8663568653495
            ]
          ]
        ]
      }
    },
    {
      "id": "340",
      "type": "Feature",
      "properties": {
        "cell_id": "r10_c18",
        "row": 10,
        "col": 18,
        "dominant_nbs": null,
        "dominant_nbs_score": null,
        "riverine": false,
        "pluvial": true,
        "low_lying": true,
        "flood_mechanism_type": "mixed",
        "flood_mechanism_code": 5,
        "flood_score": 0.1818181872367859,
        "risk_score": 0.21482019126415253,
        "dist_river_m": 3641.5496953204674,
        "hazard_valid": true,
        "is_interpolated": false
      },
      "geometry": {
        "type": "Polygon",
        "coordinates": [
          [
            [
              -93.27656752655052,
              44.8663568653495
            ],
            [
              -93.27656752655052,
              44.8686026535598
            ],
            [
              -93.27881331476082,
              44.8686026535598
            ],
            [
              -93.27881331476082,
              44.8663568653495
            ],
            [
              -93.27656752655052,
              44.8663568653495
            ]
          ]
        ]
      }
    },
    {
      "id": "341",
      "type": "Feature",
      "properties": {
        "cell_id": "r10_c19",
        "row": 10,
        "col": 19,
        "dominant_nbs": null,
        "dominant_nbs_score": null,
        "riverine": false,
        "pluvial": true,
        "low_lying": true,
        "flood_mechanism_type": "mixed",
        "flood_mechanism_code": 5,
        "flood_score": 0.1818181872367859,
        "risk_score": 0.21482019126415253,
        "dist_river_m": 3861.7206023507515,
        "hazard_valid": true,
        "is_interpolated": false
      },
      "geometry": {
        "type": "Polygon",
        "coordinates": [
          [
            [
              -93.27432173834022,
              44.8663568653495
            ],
            [
              -93.27432173834022,
              44.8686026535598
            ],
            [
              -93.27656752655052,
              44.8686026535598
            ],
            [
              -93.27656752655052,
              44.8663568653495
            ],
            [
              -93.27432173834022,
              44.8663568653495
            ]
          ]
        ]
      }
    },
    {
      "id": "342",
      "type": "Feature",
      "properties": {
        "cell_id": "r10_c20",
        "row": 10,
        "col": 20,
        "dominant_nbs": null,
        "dominant_nbs_score": null,
        "riverine": false,
        "pluvial": true,
        "low_lying": true,
        "flood_mechanism_type": "mixed",
        "flood_mechanism_code": 5,
        "flood_score": 0.1818181872367859,
        "risk_score": 0.1256762146949768,
        "dist_river_m": 4085.238225455306,
        "hazard_valid": true,
        "is_interpolated": false
      },
      "geometry": {
        "type": "Polygon",
        "coordinates": [
          [
            [
              -93.27207595012993,
              44.8663568653495
            ],
            [
              -93.27207595012993,
              44.8686026535598
            ],
            [
              -93.27432173834022,
              44.8686026535598
            ],
            [
              -93.27432173834022,
              44.8663568653495
            ],
            [
              -93.27207595012993,
              44.8663568653495
            ]
          ]
        ]
      }
    },
    {
      "id": "343",
      "type": "Feature",
      "properties": {
        "cell_id": "r10_c21",
        "row": 10,
        "col": 21,
        "dominant_nbs": null,
        "dominant_nbs_score": null,
        "riverine": false,
        "pluvial": true,
        "low_lying": true,
        "flood_mechanism_type": "mixed",
        "flood_mechanism_code": 5,
        "flood_score": 0.1818181872367859,
        "risk_score": 0.1256762146949768,
        "dist_river_m": 4311.582102640974,
        "hazard_valid": true,
        "is_interpolated": false
      },
      "geometry": {
        "type": "Polygon",
        "coordinates": [
          [
            [
              -93.26983016191963,
              44.8663568653495
            ],
            [
              -93.26983016191963,
              44.8686026535598
            ],
            [
              -93.27207595012993,
              44.8686026535598
            ],
            [
              -93.27207595012993,
              44.8663568653495
            ],
            [
              -93.26983016191963,
              44.8663568653495
            ]
          ]
        ]
      }
    },
    {
      "id": "344",
      "type": "Feature",
      "properties": {
        "cell_id": "r10_c22",
        "row": 10,
        "col": 22,
        "dominant_nbs": null,
        "dominant_nbs_score": null,
        "riverine": false,
        "pluvial": true,
        "low_lying": true,
        "flood_mechanism_type": "mixed",
        "flood_mechanism_code": 5,
        "flood_score": 0.1818181872367859,
        "risk_score": 0.1256762146949768,
        "dist_river_m": 4432.968897267055,
        "hazard_valid": true,
        "is_interpolated": false
      },
      "geometry": {
        "type": "Polygon",
        "coordinates": [
          [
            [
              -93.26758437370933,
              44.8663568653495
            ],
            [
              -93.26758437370933,
              44.8686026535598
            ],
            [
              -93.26983016191963,
              44.8686026535598
            ],
            [
              -93.26983016191963,
              44.8663568653495
            ],
            [
              -93.26758437370933,
              44.8663568653495
            ]
          ]
        ]
      }
    },
    {
      "id": "345",
      "type": "Feature",
      "properties": {
        "cell_id": "r10_c23",
        "row": 10,
        "col": 23,
        "dominant_nbs": null,
        "dominant_nbs_score": null,
        "riverine": false,
        "pluvial": true,
        "low_lying": true,
        "flood_mechanism_type": "mixed",
        "flood_mechanism_code": 5,
        "flood_score": 0.1818181872367859,
        "risk_score": 0.19999797642230988,
        "dist_river_m": 4507.695152671485,
        "hazard_valid": true,
        "is_interpolated": false
      },
      "geometry": {
        "type": "Polygon",
        "coordinates": [
          [
            [
              -93.26533858549902,
              44.8663568653495
            ],
            [
              -93.26533858549902,
              44.8686026535598
            ],
            [
              -93.26758437370933,
              44.8686026535598
            ],
            [
              -93.26758437370933,
              44.8663568653495
            ],
            [
              -93.26533858549902,
              44.8663568653495
            ]
          ]
        ]
      }
    },
    {
      "id": "346",
      "type": "Feature",
      "properties": {
        "cell_id": "r10_c24",
        "row": 10,
        "col": 24,
        "dominant_nbs": null,
        "dominant_nbs_score": null,
        "riverine": false,
        "pluvial": true,
        "low_lying": true,
        "flood_mechanism_type": "mixed",
        "flood_mechanism_code": 5,
        "flood_score": 0.1818181872367859,
        "risk_score": 0.19999797642230988,
        "dist_river_m": 4591.3575255898295,
        "hazard_valid": true,
        "is_interpolated": false
      },
      "geometry": {
        "type": "Polygon",
        "coordinates": [
          [
            [
              -93.26309279728873,
              44.8663568653495
            ],
            [
              -93.26309279728873,
              44.8686026535598
            ],
            [
              -93.26533858549902,
              44.8686026535598
            ],
            [
              -93.26533858549902,
              44.8663568653495
            ],
            [
              -93.26309279728873,
              44.8663568653495
            ]
          ]
        ]
      }
    },
    {
      "id": "347",
      "type": "Feature",
      "properties": {
        "cell_id": "r10_c25",
        "row": 10,
        "col": 25,
        "dominant_nbs": null,
        "dominant_nbs_score": null,
        "riverine": false,
        "pluvial": true,
        "low_lying": true,
        "flood_mechanism_type": "mixed",
        "flood_mechanism_code": 5,
        "flood_score": 0.1818181872367859,
        "risk_score": 0.19999797642230988,
        "dist_river_m": 4686.255493497867,
        "hazard_valid": true,
        "is_interpolated": false
      },
      "geometry": {
        "type": "Polygon",
        "coordinates": [
          [
            [
              -93.26084700907843,
              44.8663568653495
            ],
            [
              -93.26084700907843,
              44.8686026535598
            ],
            [
              -93.26309279728873,
              44.8686026535598
            ],
            [
              -93.26309279728873,
              44.8663568653495
            ],
            [
              -93.26084700907843,
              44.8663568653495
            ]
          ]
        ]
      }
    },
    {
      "id": "348",
      "type": "Feature",
      "properties": {
        "cell_id": "r10_c26",
        "row": 10,
        "col": 26,
        "dominant_nbs": null,
        "dominant_nbs_score": null,
        "riverine": false,
        "pluvial": true,
        "low_lying": true,
        "flood_mechanism_type": "mixed",
        "flood_mechanism_code": 5,
        "flood_score": 0.1818181872367859,
        "risk_score": 0.19999797642230988,
        "dist_river_m": 4792.25146610571,
        "hazard_valid": true,
        "is_interpolated": false
      },
      "geometry": {
        "type": "Polygon",
        "coordinates": [
          [
            [
              -93.25860122086813,
              44.8663568653495
            ],
            [
              -93.25860122086813,
              44.8686026535598
            ],
            [
              -93.26084700907843,
              44.8686026535598
            ],
            [
              -93.26084700907843,
              44.8663568653495
            ],
            [
              -93.25860122086813,
              44.8663568653495
            ]
          ]
        ]
      }
    },
    {
      "id": "349",
      "type": "Feature",
      "properties": {
        "cell_id": "r10_c27",
        "row": 10,
        "col": 27,
        "dominant_nbs": null,
        "dominant_nbs_score": null,
        "riverine": false,
        "pluvial": true,
        "low_lying": true,
        "flood_mechanism_type": "mixed",
        "flood_mechanism_code": 5,
        "flood_score": 0.1818181872367859,
        "risk_score": 0.22417399287223816,
        "dist_river_m": 4880.784530573847,
        "hazard_valid": true,
        "is_interpolated": false
      },
      "geometry": {
        "type": "Polygon",
        "coordinates": [
          [
            [
              -93.25635543265784,
              44.8663568653495
            ],
            [
              -93.25635543265784,
              44.8686026535598
            ],
            [
              -93.25860122086813,
              44.8686026535598
            ],
            [
              -93.25860122086813,
              44.8663568653495
            ],
            [
              -93.25635543265784,
              44.8663568653495
            ]
          ]
        ]
      }
    },
    {
      "id": "350",
      "type": "Feature",
      "properties": {
        "cell_id": "r10_c28",
        "row": 10,
        "col": 28,
        "dominant_nbs": null,
        "dominant_nbs_score": null,
        "riverine": false,
        "pluvial": true,
        "low_lying": true,
        "flood_mechanism_type": "mixed",
        "flood_mechanism_code": 5,
        "flood_score": 0.1818181872367859,
        "risk_score": 0.22417399287223816,
        "dist_river_m": 4918.148927602501,
        "hazard_valid": true,
        "is_interpolated": false
      },
      "geometry": {
        "type": "Polygon",
        "coordinates": [
          [
            [
              -93.25410964444754,
              44.8663568653495
            ],
            [
              -93.25410964444754,
              44.8686026535598
            ],
            [
              -93.25635543265784,
              44.8686026535598
            ],
            [
              -93.25635543265784,
              44.8663568653495
            ],
            [
              -93.25410964444754,
              44.8663568653495
            ]
          ]
        ]
      }
    },
    {
      "id": "351",
      "type": "Feature",
      "properties": {
        "cell_id": "r10_c29",
        "row": 10,
        "col": 29,
        "dominant_nbs": null,
        "dominant_nbs_score": null,
        "riverine": false,
        "pluvial": true,
        "low_lying": true,
        "flood_mechanism_type": "mixed",
        "flood_mechanism_code": 5,
        "flood_score": 0.1818181872367859,
        "risk_score": 0.22417399287223816,
        "dist_river_m": 4965.917516037596,
        "hazard_valid": true,
        "is_interpolated": false
      },
      "geometry": {
        "type": "Polygon",
        "coordinates": [
          [
            [
              -93.25186385623724,
              44.8663568653495
            ],
            [
              -93.25186385623724,
              44.8686026535598
            ],
            [
              -93.25410964444754,
              44.8686026535598
            ],
            [
              -93.25410964444754,
              44.8663568653495
            ],
            [
              -93.25186385623724,
              44.8663568653495
            ]
          ]
        ]
      }
    },
    {
      "id": "352",
      "type": "Feature",
      "properties": {
        "cell_id": "r10_c30",
        "row": 10,
        "col": 30,
        "dominant_nbs": null,
        "dominant_nbs_score": null,
        "riverine": false,
        "pluvial": true,
        "low_lying": true,
        "flood_mechanism_type": "mixed",
        "flood_mechanism_code": 5,
        "flood_score": 0.1818181872367859,
        "risk_score": 0.24906711280345917,
        "dist_river_m": 5025.6112264162775,
        "hazard_valid": true,
        "is_interpolated": false
      },
      "geometry": {
        "type": "Polygon",
        "coordinates": [
          [
            [
              -93.24961806802693,
              44.8663568653495
            ],
            [
              -93.24961806802693,
              44.8686026535598
            ],
            [
              -93.25186385623724,
              44.8686026535598
            ],
            [
              -93.25186385623724,
              44.8663568653495
            ],
            [
              -93.24961806802693,
              44.8663568653495
            ]
          ]
        ]
      }
    },
    {
      "id": "353",
      "type": "Feature",
      "properties": {
        "cell_id": "r10_c31",
        "row": 10,
        "col": 31,
        "dominant_nbs": null,
        "dominant_nbs_score": null,
        "riverine": false,
        "pluvial": true,
        "low_lying": true,
        "flood_mechanism_type": "mixed",
        "flood_mechanism_code": 5,
        "flood_score": 0.21590909361839294,
        "risk_score": 0.2637510895729065,
        "dist_river_m": 5096.811075864454,
        "hazard_valid": true,
        "is_interpolated": false
      },
      "geometry": {
        "type": "Polygon",
        "coordinates": [
          [
            [
              -93.24737227981664,
              44.8663568653495
            ],
            [
              -93.24737227981664,
              44.8686026535598
            ],
            [
              -93.24961806802693,
              44.8686026535598
            ],
            [
              -93.24961806802693,
              44.8663568653495
            ],
            [
              -93.24737227981664,
              44.8663568653495
            ]
          ]
        ]
      }
    },
    {
      "id": "354",
      "type": "Feature",
      "properties": {
        "cell_id": "r11_c0",
        "row": 11,
        "col": 0,
        "dominant_nbs": null,
        "dominant_nbs_score": null,
        "riverine": false,
        "pluvial": true,
        "low_lying": true,
        "flood_mechanism_type": "mixed",
        "flood_mechanism_code": 5,
        "flood_score": 0.21590909361839294,
        "risk_score": 0.3519901633262634,
        "dist_river_m": 1763.8968226341315,
        "hazard_valid": true,
        "is_interpolated": false
      },
      "geometry": {
        "type": "Polygon",
        "coordinates": [
          [
            [
              -93.3169917143359,
              44.8641110771392
            ],
            [
              -93.3169917143359,
              44.8663568653495
            ],
            [
              -93.3192375025462,
              44.8663568653495
            ],
            [
              -93.3192375025462,
              44.8641110771392
            ],
            [
              -93.3169917143359,
              44.8641110771392
            ]
          ]
        ]
      }
    },
    {
      "id": "355",
      "type": "Feature",
      "properties": {
        "cell_id": "r11_c1",
        "row": 11,
        "col": 1,
        "dominant_nbs": null,
        "dominant_nbs_score": null,
        "riverine": false,
        "pluvial": true,
        "low_lying": true,
        "flood_mechanism_type": "mixed",
        "flood_mechanism_code": 5,
        "flood_score": 0.21590909361839294,
        "risk_score": 0.3519901633262634,
        "dist_river_m": 1617.4476723667021,
        "hazard_valid": true,
        "is_interpolated": false
      },
      "geometry": {
        "type": "Polygon",
        "coordinates": [
          [
            [
              -93.31474592612561,
              44.8641110771392
            ],
            [
              -93.31474592612561,
              44.8663568653495
            ],
            [
              -93.3169917143359,
              44.8663568653495
            ],
            [
              -93.3169917143359,
              44.8641110771392
            ],
            [
              -93.31474592612561,
              44.8641110771392
            ]
          ]
        ]
      }
    },
    {
      "id": "356",
      "type": "Feature",
      "properties": {
        "cell_id": "r11_c2",
        "row": 11,
        "col": 2,
        "dominant_nbs": null,
        "dominant_nbs_score": null,
        "riverine": false,
        "pluvial": true,
        "low_lying": true,
        "flood_mechanism_type": "mixed",
        "flood_mechanism_code": 5,
        "flood_score": 0.21590909361839294,
        "risk_score": 0.3519901633262634,
        "dist_river_m": 1498.4076433911541,
        "hazard_valid": true,
        "is_interpolated": false
      },
      "geometry": {
        "type": "Polygon",
        "coordinates": [
          [
            [
              -93.31250013791531,
              44.8641110771392
            ],
            [
              -93.31250013791531,
              44.8663568653495
            ],
            [
              -93.31474592612561,
              44.8663568653495
            ],
            [
              -93.31474592612561,
              44.8641110771392
            ],
            [
              -93.31250013791531,
              44.8641110771392
            ]
          ]
        ]
      }
    },
    {
      "id": "357",
      "type": "Feature",
      "properties": {
        "cell_id": "r11_c3",
        "row": 11,
        "col": 3,
        "dominant_nbs": null,
        "dominant_nbs_score": null,
        "riverine": false,
        "pluvial": true,
        "low_lying": true,
        "flood_mechanism_type": "mixed",
        "flood_mechanism_code": 5,
        "flood_score": 0.21590909361839294,
        "risk_score": 0.3519901633262634,
        "dist_river_m": 1413.7176095952814,
        "hazard_valid": true,
        "is_interpolated": false
      },
      "geometry": {
        "type": "Polygon",
        "coordinates": [
          [
            [
              -93.310254349705,
              44.8641110771392
            ],
            [
              -93.310254349705,
              44.8663568653495
            ],
            [
              -93.31250013791531,
              44.8663568653495
            ],
            [
              -93.31250013791531,
              44.8641110771392
            ],
            [
              -93.310254349705,
              44.8641110771392
            ]
          ]
        ]
      }
    },
    {
      "id": "358",
      "type": "Feature",
      "properties": {
        "cell_id": "r11_c4",
        "row": 11,
        "col": 4,
        "dominant_nbs": null,
        "dominant_nbs_score": null,
        "riverine": false,
        "pluvial": true,
        "low_lying": true,
        "flood_mechanism_type": "mixed",
        "flood_mechanism_code": 5,
        "flood_score": 0.21590909361839294,
        "risk_score": 0.3519901633262634,
        "dist_river_m": 1369.7638535775054,
        "hazard_valid": true,
        "is_interpolated": false
      },
      "geometry": {
        "type": "Polygon",
        "coordinates": [
          [
            [
              -93.3080085614947,
              44.8641110771392
            ],
            [
              -93.3080085614947,
              44.8663568653495
            ],
            [
              -93.310254349705,
              44.8663568653495
            ],
            [
              -93.310254349705,
              44.8641110771392
            ],
            [
              -93.3080085614947,
              44.8641110771392
            ]
          ]
        ]
      }
    },
    {
      "id": "359",
      "type": "Feature",
      "properties": {
        "cell_id": "r11_c5",
        "row": 11,
        "col": 5,
        "dominant_nbs": null,
        "dominant_nbs_score": null,
        "riverine": false,
        "pluvial": true,
        "low_lying": true,
        "flood_mechanism_type": "mixed",
        "flood_mechanism_code": 5,
        "flood_score": 0.21590909361839294,
        "risk_score": 0.18440359830856323,
        "dist_river_m": 1370.4714774252457,
        "hazard_valid": true,
        "is_interpolated": false
      },
      "geometry": {
        "type": "Polygon",
        "coordinates": [
          [
            [
              -93.30576277328441,
              44.8641110771392
            ],
            [
              -93.30576277328441,
              44.8663568653495
            ],
            [
              -93.3080085614947,
              44.8663568653495
            ],
            [
              -93.3080085614947,
              44.8641110771392
            ],
            [
              -93.30576277328441,
              44.8641110771392
            ]
          ]
        ]
      }
    },
    {
      "id": "360",
      "type": "Feature",
      "properties": {
        "cell_id": "r11_c6",
        "row": 11,
        "col": 6,
        "dominant_nbs": null,
        "dominant_nbs_score": null,
        "riverine": false,
        "pluvial": true,
        "low_lying": true,
        "flood_mechanism_type": "mixed",
        "flood_mechanism_code": 5,
        "flood_score": 0.21590909361839294,
        "risk_score": 0.18440359830856323,
        "dist_river_m": 1415.7735155329462,
        "hazard_valid": true,
        "is_interpolated": false
      },
      "geometry": {
        "type": "Polygon",
        "coordinates": [
          [
            [
              -93.30351698507411,
              44.8641110771392
            ],
            [
              -93.30351698507411,
              44.8663568653495
            ],
            [
              -93.30576277328441,
              44.8663568653495
            ],
            [
              -93.30576277328441,
              44.8641110771392
            ],
            [
              -93.30351698507411,
              44.8641110771392
            ]
          ]
        ]
      }
    },
    {
      "id": "361",
      "type": "Feature",
      "properties": {
        "cell_id": "r11_c7",
        "row": 11,
        "col": 7,
        "dominant_nbs": null,
        "dominant_nbs_score": null,
        "riverine": false,
        "pluvial": true,
        "low_lying": true,
        "flood_mechanism_type": "mixed",
        "flood_mechanism_code": 5,
        "flood_score": 0.21590909361839294,
        "risk_score": 0.18440359830856323,
        "dist_river_m": 1501.6393525458243,
        "hazard_valid": true,
        "is_interpolated": false
      },
      "geometry": {
        "type": "Polygon",
        "coordinates": [
          [
            [
              -93.30127119686381,
              44.8641110771392
            ],
            [
              -93.30127119686381,
              44.8663568653495
            ],
            [
              -93.30351698507411,
              44.8663568653495
            ],
            [
              -93.30351698507411,
              44.8641110771392
            ],
            [
              -93.30127119686381,
              44.8641110771392
            ]
          ]
        ]
      }
    },
    {
      "id": "362",
      "type": "Feature",
      "properties": {
        "cell_id": "r11_c8",
        "row": 11,
        "col": 8,
        "dominant_nbs": null,
        "dominant_nbs_score": null,
        "riverine": false,
        "pluvial": true,
        "low_lying": true,
        "flood_mechanism_type": "mixed",
        "flood_mechanism_code": 5,
        "flood_score": 0.21590909361839294,
        "risk_score": 0.18440359830856323,
        "dist_river_m": 1621.6381729365226,
        "hazard_valid": true,
        "is_interpolated": false
      },
      "geometry": {
        "type": "Polygon",
        "coordinates": [
          [
            [
              -93.2990254086535,
              44.8641110771392
            ],
            [
              -93.2990254086535,
              44.8663568653495
            ],
            [
              -93.30127119686381,
              44.8663568653495
            ],
            [
              -93.30127119686381,
              44.8641110771392
            ],
            [
              -93.2990254086535,
              44.8641110771392
            ]
          ]
        ]
      }
    },
    {
      "id": "363",
      "type": "Feature",
      "properties": {
        "cell_id": "r11_c9",
        "row": 11,
        "col": 9,
        "dominant_nbs": null,
        "dominant_nbs_score": null,
        "riverine": false,
        "pluvial": true,
        "low_lying": true,
        "flood_mechanism_type": "mixed",
        "flood_mechanism_code": 5,
        "flood_score": 0.21590909361839294,
        "risk_score": null,
        "dist_river_m": 1768.8367657059116,
        "hazard_valid": true,
        "is_interpolated": false
      },
      "geometry": {
        "type": "Polygon",
        "coordinates": [
          [
            [
              -93.29677962044322,
              44.8641110771392
            ],
            [
              -93.29677962044322,
              44.8663568653495
            ],
            [
              -93.2990254086535,
              44.8663568653495
            ],
            [
              -93.2990254086535,
              44.8641110771392
            ],
            [
              -93.29677962044322,
              44.8641110771392
            ]
          ]
        ]
      }
    },
    {
      "id": "364",
      "type": "Feature",
      "properties": {
        "cell_id": "r11_c10",
        "row": 11,
        "col": 10,
        "dominant_nbs": null,
        "dominant_nbs_score": null,
        "riverine": false,
        "pluvial": true,
        "low_lying": true,
        "flood_mechanism_type": "mixed",
        "flood_mechanism_code": 5,
        "flood_score": 0.21590909361839294,
        "risk_score": 0.21887272596359253,
        "dist_river_m": 1924.7182702478224,
        "hazard_valid": true,
        "is_interpolated": false
      },
      "geometry": {
        "type": "Polygon",
        "coordinates": [
          [
            [
              -93.29453383223291,
              44.8641110771392
            ],
            [
              -93.29453383223291,
              44.8663568653495
            ],
            [
              -93.29677962044322,
              44.8663568653495
            ],
            [
              -93.29677962044322,
              44.8641110771392
            ],
            [
              -93.29453383223291,
              44.8641110771392
            ]
          ]
        ]
      }
    },
    {
      "id": "365",
      "type": "Feature",
      "properties": {
        "cell_id": "r11_c11",
        "row": 11,
        "col": 11,
        "dominant_nbs": null,
        "dominant_nbs_score": null,
        "riverine": false,
        "pluvial": true,
        "low_lying": true,
        "flood_mechanism_type": "mixed",
        "flood_mechanism_code": 5,
        "flood_score": 0.21590909361839294,
        "risk_score": 0.21887272596359253,
        "dist_river_m": 2088.6057739821345,
        "hazard_valid": true,
        "is_interpolated": false
      },
      "geometry": {
        "type": "Polygon",
        "coordinates": [
          [
            [
              -93.29228804402261,
              44.8641110771392
            ],
            [
              -93.29228804402261,
              44.8663568653495
            ],
            [
              -93.29453383223291,
              44.8663568653495
            ],
            [
              -93.29453383223291,
              44.8641110771392
            ],
            [
              -93.29228804402261,
              44.8641110771392
            ]
          ]
        ]
      }
    },
    {
      "id": "366",
      "type": "Feature",
      "properties": {
        "cell_id": "r11_c12",
        "row": 11,
        "col": 12,
        "dominant_nbs": null,
        "dominant_nbs_score": null,
        "riverine": false,
        "pluvial": true,
        "low_lying": true,
        "flood_mechanism_type": "mixed",
        "flood_mechanism_code": 5,
        "flood_score": 0.21590909361839294,
        "risk_score": 0.21887272596359253,
        "dist_river_m": 2268.1030089875076,
        "hazard_valid": true,
        "is_interpolated": false
      },
      "geometry": {
        "type": "Polygon",
        "coordinates": [
          [
            [
              -93.29004225581232,
              44.8641110771392
            ],
            [
              -93.29004225581232,
              44.8663568653495
            ],
            [
              -93.29228804402261,
              44.8663568653495
            ],
            [
              -93.29228804402261,
              44.8641110771392
            ],
            [
              -93.29004225581232,
              44.8641110771392
            ]
          ]
        ]
      }
    },
    {
      "id": "367",
      "type": "Feature",
      "properties": {
        "cell_id": "r11_c13",
        "row": 11,
        "col": 13,
        "dominant_nbs": null,
        "dominant_nbs_score": null,
        "riverine": false,
        "pluvial": true,
        "low_lying": true,
        "flood_mechanism_type": "mixed",
        "flood_mechanism_code": 5,
        "flood_score": 0.21590909361839294,
        "risk_score": 0.21887272596359253,
        "dist_river_m": 2459.795105414203,
        "hazard_valid": true,
        "is_interpolated": false
      },
      "geometry": {
        "type": "Polygon",
        "coordinates": [
          [
            [
              -93.28779646760202,
              44.8641110771392
            ],
            [
              -93.28779646760202,
              44.8663568653495
            ],
            [
              -93.29004225581232,
              44.8663568653495
            ],
            [
              -93.29004225581232,
              44.8641110771392
            ],
            [
              -93.28779646760202,
              44.8641110771392
            ]
          ]
        ]
      }
    },
    {
      "id": "368",
      "type": "Feature",
      "properties": {
        "cell_id": "r11_c14",
        "row": 11,
        "col": 14,
        "dominant_nbs": null,
        "dominant_nbs_score": null,
        "riverine": false,
        "pluvial": true,
        "low_lying": true,
        "flood_mechanism_type": "mixed",
        "flood_mechanism_code": 5,
        "flood_score": 0.21590909361839294,
        "risk_score": 0.26651638746261597,
        "dist_river_m": 2661.0479482428414,
        "hazard_valid": true,
        "is_interpolated": false
      },
      "geometry": {
        "type": "Polygon",
        "coordinates": [
          [
            [
              -93.28555067939172,
              44.8641110771392
            ],
            [
              -93.28555067939172,
              44.8663568653495
            ],
            [
              -93.28779646760202,
              44.8663568653495
            ],
            [
              -93.28779646760202,
              44.8641110771392
            ],
            [
              -93.28555067939172,
              44.8641110771392
            ]
          ]
        ]
      }
    },
    {
      "id": "369",
      "type": "Feature",
      "properties": {
        "cell_id": "r11_c15",
        "row": 11,
        "col": 15,
        "dominant_nbs": null,
        "dominant_nbs_score": null,
        "riverine": false,
        "pluvial": true,
        "low_lying": true,
        "flood_mechanism_type": "mixed",
        "flood_mechanism_code": 5,
        "flood_score": 0.21590909361839294,
        "risk_score": 0.26651638746261597,
        "dist_river_m": 2869.850854322596,
        "hazard_valid": true,
        "is_interpolated": false
      },
      "geometry": {
        "type": "Polygon",
        "coordinates": [
          [
            [
              -93.28330489118142,
              44.8641110771392
            ],
            [
              -93.28330489118142,
              44.8663568653495
            ],
            [
              -93.28555067939172,
              44.8663568653495
            ],
            [
              -93.28555067939172,
              44.8641110771392
            ],
            [
              -93.28330489118142,
              44.8641110771392
            ]
          ]
        ]
      }
    },
    {
      "id": "370",
      "type": "Feature",
      "properties": {
        "cell_id": "r11_c16",
        "row": 11,
        "col": 16,
        "dominant_nbs": null,
        "dominant_nbs_score": null,
        "riverine": false,
        "pluvial": true,
        "low_lying": true,
        "flood_mechanism_type": "mixed",
        "flood_mechanism_code": 5,
        "flood_score": 0.21590909361839294,
        "risk_score": 0.26651638746261597,
        "dist_river_m": 3084.6710019458756,
        "hazard_valid": true,
        "is_interpolated": false
      },
      "geometry": {
        "type": "Polygon",
        "coordinates": [
          [
            [
              -93.28105910297113,
              44.8641110771392
            ],
            [
              -93.28105910297113,
              44.8663568653495
            ],
            [
              -93.28330489118142,
              44.8663568653495
            ],
            [
              -93.28330489118142,
              44.8641110771392
            ],
            [
              -93.28105910297113,
              44.8641110771392
            ]
          ]
        ]
      }
    },
    {
      "id": "371",
      "type": "Feature",
      "properties": {
        "cell_id": "r11_c17",
        "row": 11,
        "col": 17,
        "dominant_nbs": null,
        "dominant_nbs_score": null,
        "riverine": false,
        "pluvial": true,
        "low_lying": true,
        "flood_mechanism_type": "mixed",
        "flood_mechanism_code": 5,
        "flood_score": 0.21590909361839294,
        "risk_score": 0.26651638746261597,
        "dist_river_m": 3304.335027718447,
        "hazard_valid": true,
        "is_interpolated": false
      },
      "geometry": {
        "type": "Polygon",
        "coordinates": [
          [
            [
              -93.27881331476082,
              44.8641110771392
            ],
            [
              -93.27881331476082,
              44.8663568653495
            ],
            [
              -93.28105910297113,
              44.8663568653495
            ],
            [
              -93.28105910297113,
              44.8641110771392
            ],
            [
              -93.27881331476082,
              44.8641110771392
            ]
          ]
        ]
      }
    },
    {
      "id": "372",
      "type": "Feature",
      "properties": {
        "cell_id": "r11_c18",
        "row": 11,
        "col": 18,
        "dominant_nbs": null,
        "dominant_nbs_score": null,
        "riverine": false,
        "pluvial": true,
        "low_lying": true,
        "flood_mechanism_type": "mixed",
        "flood_mechanism_code": 5,
        "flood_score": 0.21590909361839294,
        "risk_score": 0.22748510539531708,
        "dist_river_m": 3527.9382479796604,
        "hazard_valid": true,
        "is_interpolated": false
      },
      "geometry": {
        "type": "Polygon",
        "coordinates": [
          [
            [
              -93.27656752655052,
              44.8641110771392
            ],
            [
              -93.27656752655052,
              44.8663568653495
            ],
            [
              -93.27881331476082,
              44.8663568653495
            ],
            [
              -93.27881331476082,
              44.8641110771392
            ],
            [
              -93.27656752655052,
              44.8641110771392
            ]
          ]
        ]
      }
    },
    {
      "id": "373",
      "type": "Feature",
      "properties": {
        "cell_id": "r11_c19",
        "row": 11,
        "col": 19,
        "dominant_nbs": null,
        "dominant_nbs_score": null,
        "riverine": false,
        "pluvial": true,
        "low_lying": true,
        "flood_mechanism_type": "mixed",
        "flood_mechanism_code": 5,
        "flood_score": 0.21590909361839294,
        "risk_score": 0.22748510539531708,
        "dist_river_m": 3754.776971897193,
        "hazard_valid": true,
        "is_interpolated": false
      },
      "geometry": {
        "type": "Polygon",
        "coordinates": [
          [
            [
              -93.27432173834022,
              44.8641110771392
            ],
            [
              -93.27432173834022,
              44.8663568653495
            ],
            [
              -93.27656752655052,
              44.8663568653495
            ],
            [
              -93.27656752655052,
              44.8641110771392
            ],
            [
              -93.27432173834022,
              44.8641110771392
            ]
          ]
        ]
      }
    },
    {
      "id": "374",
      "type": "Feature",
      "properties": {
        "cell_id": "r11_c20",
        "row": 11,
        "col": 20,
        "dominant_nbs": null,
        "dominant_nbs_score": null,
        "riverine": false,
        "pluvial": true,
        "low_lying": true,
        "flood_mechanism_type": "mixed",
        "flood_mechanism_code": 5,
        "flood_score": 0.21590909361839294,
        "risk_score": 0.13308556377887726,
        "dist_river_m": 3984.2986154140626,
        "hazard_valid": true,
        "is_interpolated": false
      },
      "geometry": {
        "type": "Polygon",
        "coordinates": [
          [
            [
              -93.27207595012993,
              44.8641110771392
            ],
            [
              -93.27207595012993,
              44.8663568653495
            ],
            [
              -93.27432173834022,
              44.8663568653495
            ],
            [
              -93.27432173834022,
              44.8641110771392
            ],
            [
              -93.27207595012993,
              44.8641110771392
            ]
          ]
        ]
      }
    },
    {
      "id": "375",
      "type": "Feature",
      "properties": {
        "cell_id": "r11_c21",
        "row": 11,
        "col": 21,
        "dominant_nbs": null,
        "dominant_nbs_score": null,
        "riverine": false,
        "pluvial": true,
        "low_lying": true,
        "flood_mechanism_type": "mixed",
        "flood_mechanism_code": 5,
        "flood_score": 0.21590909361839294,
        "risk_score": 0.13308556377887726,
        "dist_river_m": 4216.065028659207,
        "hazard_valid": true,
        "is_interpolated": false
      },
      "geometry": {
        "type": "Polygon",
        "coordinates": [
          [
            [
              -93.26983016191963,
              44.8641110771392
            ],
            [
              -93.26983016191963,
              44.8663568653495
            ],
            [
              -93.27207595012993,
              44.8663568653495
            ],
            [
              -93.27207595012993,
              44.8641110771392
            ],
            [
              -93.26983016191963,
              44.8641110771392
            ]
          ]
        ]
      }
    },
    {
      "id": "376",
      "type": "Feature",
      "properties": {
        "cell_id": "r11_c22",
        "row": 11,
        "col": 22,
        "dominant_nbs": null,
        "dominant_nbs_score": null,
        "riverine": false,
        "pluvial": true,
        "low_lying": true,
        "flood_mechanism_type": "mixed",
        "flood_mechanism_code": 5,
        "flood_score": 0.21590909361839294,
        "risk_score": 0.13308556377887726,
        "dist_river_m": 4449.725465234552,
        "hazard_valid": true,
        "is_interpolated": false
      },
      "geometry": {
        "type": "Polygon",
        "coordinates": [
          [
            [
              -93.26758437370933,
              44.8641110771392
            ],
            [
              -93.26758437370933,
              44.8663568653495
            ],
            [
              -93.26983016191963,
              44.8663568653495
            ],
            [
              -93.26983016191963,
              44.8641110771392
            ],
            [
              -93.26758437370933,
              44.8641110771392
            ]
          ]
        ]
      }
    },
    {
      "id": "377",
      "type": "Feature",
      "properties": {
        "cell_id": "r11_c23",
        "row": 11,
        "col": 23,
        "dominant_nbs": null,
        "dominant_nbs_score": null,
        "riverine": false,
        "pluvial": true,
        "low_lying": true,
        "flood_mechanism_type": "mixed",
        "flood_mechanism_code": 5,
        "flood_score": 0.21590909361839294,
        "risk_score": 0.21178904175758362,
        "dist_river_m": 4684.996545037303,
        "hazard_valid": true,
        "is_interpolated": false
      },
      "geometry": {
        "type": "Polygon",
        "coordinates": [
          [
            [
              -93.26533858549902,
              44.8641110771392
            ],
            [
              -93.26533858549902,
              44.8663568653495
            ],
            [
              -93.26758437370933,
              44.8663568653495
            ],
            [
              -93.26758437370933,
              44.8641110771392
            ],
            [
              -93.26533858549902,
              44.8641110771392
            ]
          ]
        ]
      }
    },
    {
      "id": "378",
      "type": "Feature",
      "properties": {
        "cell_id": "r11_c24",
        "row": 11,
        "col": 24,
        "dominant_nbs": null,
        "dominant_nbs_score": null,
        "riverine": false,
        "pluvial": true,
        "low_lying": true,
        "flood_mechanism_type": "mixed",
        "flood_mechanism_code": 5,
        "flood_score": 0.21590909361839294,
        "risk_score": 0.21178904175758362,
        "dist_river_m": 4824.991379742388,
        "hazard_valid": true,
        "is_interpolated": false
      },
      "geometry": {
        "type": "Polygon",
        "coordinates": [
          [
            [
              -93.26309279728873,
              44.8641110771392
            ],
            [
              -93.26309279728873,
              44.8663568653495
            ],
            [
              -93.26533858549902,
              44.8663568653495
            ],
            [
              -93.26533858549902,
              44.8641110771392
            ],
            [
              -93.26309279728873,
              44.8641110771392
            ]
          ]
        ]
      }
    },
    {
      "id": "379",
      "type": "Feature",
      "properties": {
        "cell_id": "r11_c25",
        "row": 11,
        "col": 25,
        "dominant_nbs": null,
        "dominant_nbs_score": null,
        "riverine": false,
        "pluvial": true,
        "low_lying": true,
        "flood_mechanism_type": "mixed",
        "flood_mechanism_code": 5,
        "flood_score": 0.21590909361839294,
        "risk_score": 0.21178904175758362,
        "dist_river_m": 4915.380802861253,
        "hazard_valid": true,
        "is_interpolated": false
      },
      "geometry": {
        "type": "Polygon",
        "coordinates": [
          [
            [
              -93.26084700907843,
              44.8641110771392
            ],
            [
              -93.26084700907843,
              44.8663568653495
            ],
            [
              -93.26309279728873,
              44.8663568653495
            ],
            [
              -93.26309279728873,
              44.8641110771392
            ],
            [
              -93.26084700907843,
              44.8641110771392
            ]
          ]
        ]
      }
    },
    {
      "id": "380",
      "type": "Feature",
      "properties": {
        "cell_id": "r11_c26",
        "row": 11,
        "col": 26,
        "dominant_nbs": null,
        "dominant_nbs_score": null,
        "riverine": false,
        "pluvial": true,
        "low_lying": true,
        "flood_mechanism_type": "mixed",
        "flood_mechanism_code": 5,
        "flood_score": 0.21590909361839294,
        "risk_score": 0.21178904175758362,
        "dist_river_m": 5016.540499255085,
        "hazard_valid": true,
        "is_interpolated": false
      },
      "geometry": {
        "type": "Polygon",
        "coordinates": [
          [
            [
              -93.25860122086813,
              44.8641110771392
            ],
            [
              -93.25860122086813,
              44.8663568653495
            ],
            [
              -93.26084700907843,
              44.8663568653495
            ],
            [
              -93.26084700907843,
              44.8641110771392
            ],
            [
              -93.25860122086813,
              44.8641110771392
            ]
          ]
        ]
      }
    },
    {
      "id": "381",
      "type": "Feature",
      "properties": {
        "cell_id": "r11_c27",
        "row": 11,
        "col": 27,
        "dominant_nbs": null,
        "dominant_nbs_score": null,
        "riverine": false,
        "pluvial": true,
        "low_lying": true,
        "flood_mechanism_type": "mixed",
        "flood_mechanism_code": 5,
        "flood_score": 0.21590909361839294,
        "risk_score": 0.23739036917686462,
        "dist_river_m": 5127.598804595995,
        "hazard_valid": true,
        "is_interpolated": false
      },
      "geometry": {
        "type": "Polygon",
        "coordinates": [
          [
            [
              -93.25635543265784,
              44.8641110771392
            ],
            [
              -93.25635543265784,
              44.8663568653495
            ],
            [
              -93.25860122086813,
              44.8663568653495
            ],
            [
              -93.25860122086813,
              44.8641110771392
            ],
            [
              -93.25635543265784,
              44.8641110771392
            ]
          ]
        ]
      }
    },
    {
      "id": "382",
      "type": "Feature",
      "properties": {
        "cell_id": "r11_c28",
        "row": 11,
        "col": 28,
        "dominant_nbs": null,
        "dominant_nbs_score": null,
        "riverine": false,
        "pluvial": true,
        "low_lying": true,
        "flood_mechanism_type": "mixed",
        "flood_mechanism_code": 5,
        "flood_score": 0.21590909361839294,
        "risk_score": 0.23739036917686462,
        "dist_river_m": 5164.089999249186,
        "hazard_valid": true,
        "is_interpolated": false
      },
      "geometry": {
        "type": "Polygon",
        "coordinates": [
          [
            [
              -93.25410964444754,
              44.8641110771392
            ],
            [
              -93.25410964444754,
              44.8663568653495
            ],
            [
              -93.25635543265784,
              44.8663568653495
            ],
            [
              -93.25635543265784,
              44.8641110771392
            ],
            [
              -93.25410964444754,
              44.8641110771392
            ]
          ]
        ]
      }
    },
    {
      "id": "383",
      "type": "Feature",
      "properties": {
        "cell_id": "r11_c29",
        "row": 11,
        "col": 29,
        "dominant_nbs": null,
        "dominant_nbs_score": null,
        "riverine": false,
        "pluvial": true,
        "low_lying": true,
        "flood_mechanism_type": "mixed",
        "flood_mechanism_code": 5,
        "flood_score": 0.21590909361839294,
        "risk_score": 0.23739036917686462,
        "dist_river_m": 5209.603960221626,
        "hazard_valid": true,
        "is_interpolated": false
      },
      "geometry": {
        "type": "Polygon",
        "coordinates": [
          [
            [
              -93.25186385623724,
              44.8641110771392
            ],
            [
              -93.25186385623724,
              44.8663568653495
            ],
            [
              -93.25410964444754,
              44.8663568653495
            ],
            [
              -93.25410964444754,
              44.8641110771392
            ],
            [
              -93.25186385623724,
              44.8641110771392
            ]
          ]
        ]
      }
    },
    {
      "id": "384",
      "type": "Feature",
      "properties": {
        "cell_id": "r11_c30",
        "row": 11,
        "col": 30,
        "dominant_nbs": null,
        "dominant_nbs_score": null,
        "riverine": false,
        "pluvial": true,
        "low_lying": true,
        "flood_mechanism_type": "mixed",
        "flood_mechanism_code": 5,
        "flood_score": 0.21590909361839294,
        "risk_score": 0.2637510895729065,
        "dist_river_m": 5266.53632336749,
        "hazard_valid": true,
        "is_interpolated": false
      },
      "geometry": {
        "type": "Polygon",
        "coordinates": [
          [
            [
              -93.24961806802693,
              44.8641110771392
            ],
            [
              -93.24961806802693,
              44.8663568653495
            ],
            [
              -93.25186385623724,
              44.8663568653495
            ],
            [
              -93.25186385623724,
              44.8641110771392
            ],
            [
              -93.24961806802693,
              44.8641110771392
            ]
          ]
        ]
      }
    },
    {
      "id": "385",
      "type": "Feature",
      "properties": {
        "cell_id": "r11_c31",
        "row": 11,
        "col": 31,
        "dominant_nbs": null,
        "dominant_nbs_score": null,
        "riverine": false,
        "pluvial": true,
        "low_lying": true,
        "flood_mechanism_type": "mixed",
        "flood_mechanism_code": 5,
        "flood_score": 0.24573862552642822,
        "risk_score": 0.275377482175827,
        "dist_river_m": 5334.52151456177,
        "hazard_valid": true,
        "is_interpolated": false
      },
      "geometry": {
        "type": "Polygon",
        "coordinates": [
          [
            [
              -93.24737227981664,
              44.8641110771392
            ],
            [
              -93.24737227981664,
              44.8663568653495
            ],
            [
              -93.24961806802693,
              44.8663568653495
            ],
            [
              -93.24961806802693,
              44.8641110771392
            ],
            [
              -93.24737227981664,
              44.8641110771392
            ]
          ]
        ]
      }
    },
    {
      "id": "386",
      "type": "Feature",
      "properties": {
        "cell_id": "r12_c0",
        "row": 12,
        "col": 0,
        "dominant_nbs": null,
        "dominant_nbs_score": null,
        "riverine": false,
        "pluvial": true,
        "low_lying": true,
        "flood_mechanism_type": "mixed",
        "flood_mechanism_code": 5,
        "flood_score": 0.28409090638160706,
        "risk_score": 0.38570863008499146,
        "dist_river_m": 1578.9921594005918,
        "hazard_valid": true,
        "is_interpolated": false
      },
      "geometry": {
        "type": "Polygon",
        "coordinates": [
          [
            [
              -93.3169917143359,
              44.861865288928904
            ],
            [
              -93.3169917143359,
              44.8641110771392
            ],
            [
              -93.3192375025462,
              44.8641110771392
            ],
            [
              -93.3192375025462,
              44.861865288928904
            ],
            [
              -93.3169917143359,
              44.861865288928904
            ]
          ]
        ]
      }
    },
    {
      "id": "387",
      "type": "Feature",
      "properties": {
        "cell_id": "r12_c1",
        "row": 12,
        "col": 1,
        "dominant_nbs": null,
        "dominant_nbs_score": null,
        "riverine": false,
        "pluvial": true,
        "low_lying": true,
        "flood_mechanism_type": "mixed",
        "flood_mechanism_code": 5,
        "flood_score": 0.28409090638160706,
        "risk_score": 0.38570863008499146,
        "dist_river_m": 1413.5137818196972,
        "hazard_valid": true,
        "is_interpolated": false
      },
      "geometry": {
        "type": "Polygon",
        "coordinates": [
          [
            [
              -93.31474592612561,
              44.861865288928904
            ],
            [
              -93.31474592612561,
              44.8641110771392
            ],
            [
              -93.3169917143359,
              44.8641110771392
            ],
            [
              -93.3169917143359,
              44.861865288928904
            ],
            [
              -93.31474592612561,
              44.861865288928904
            ]
          ]
        ]
      }
    },
    {
      "id": "388",
      "type": "Feature",
      "properties": {
        "cell_id": "r12_c2",
        "row": 12,
        "col": 2,
        "dominant_nbs": null,
        "dominant_nbs_score": null,
        "riverine": false,
        "pluvial": true,
        "low_lying": true,
        "flood_mechanism_type": "mixed",
        "flood_mechanism_code": 5,
        "flood_score": 0.28409090638160706,
        "risk_score": 0.38570863008499146,
        "dist_river_m": 1275.5821041088618,
        "hazard_valid": true,
        "is_interpolated": false
      },
      "geometry": {
        "type": "Polygon",
        "coordinates": [
          [
            [
              -93.31250013791531,
              44.861865288928904
            ],
            [
              -93.31250013791531,
              44.8641110771392
            ],
            [
              -93.31474592612561,
              44.8641110771392
            ],
            [
              -93.31474592612561,
              44.861865288928904
            ],
            [
              -93.31250013791531,
              44.861865288928904
            ]
          ]
        ]
      }
    },
    {
      "id": "389",
      "type": "Feature",
      "properties": {
        "cell_id": "r12_c3",
        "row": 12,
        "col": 3,
        "dominant_nbs": null,
        "dominant_nbs_score": null,
        "riverine": false,
        "pluvial": true,
        "low_lying": true,
        "flood_mechanism_type": "mixed",
        "flood_mechanism_code": 5,
        "flood_score": 0.28409090638160706,
        "risk_score": 0.38570863008499146,
        "dist_river_m": 1174.9390274518744,
        "hazard_valid": true,
        "is_interpolated": false
      },
      "geometry": {
        "type": "Polygon",
        "coordinates": [
          [
            [
              -93.310254349705,
              44.861865288928904
            ],
            [
              -93.310254349705,
              44.8641110771392
            ],
            [
              -93.31250013791531,
              44.8641110771392
            ],
            [
              -93.31250013791531,
              44.861865288928904
            ],
            [
              -93.310254349705,
              44.861865288928904
            ]
          ]
        ]
      }
    },
    {
      "id": "390",
      "type": "Feature",
      "properties": {
        "cell_id": "r12_c4",
        "row": 12,
        "col": 4,
        "dominant_nbs": null,
        "dominant_nbs_score": null,
        "riverine": false,
        "pluvial": true,
        "low_lying": true,
        "flood_mechanism_type": "mixed",
        "flood_mechanism_code": 5,
        "flood_score": 0.28409090638160706,
        "risk_score": 0.38570863008499146,
        "dist_river_m": 1121.667175733184,
        "hazard_valid": true,
        "is_interpolated": false
      },
      "geometry": {
        "type": "Polygon",
        "coordinates": [
          [
            [
              -93.3080085614947,
              44.861865288928904
            ],
            [
              -93.3080085614947,
              44.8641110771392
            ],
            [
              -93.310254349705,
              44.8641110771392
            ],
            [
              -93.310254349705,
              44.861865288928904
            ],
            [
              -93.3080085614947,
              44.861865288928904
            ]
          ]
        ]
      }
    },
    {
      "id": "391",
      "type": "Feature",
      "properties": {
        "cell_id": "r12_c5",
        "row": 12,
        "col": 5,
        "dominant_nbs": null,
        "dominant_nbs_score": null,
        "riverine": false,
        "pluvial": true,
        "low_lying": true,
        "flood_mechanism_type": "mixed",
        "flood_mechanism_code": 5,
        "flood_score": 0.28409090638160706,
        "risk_score": 0.2020682990550995,
        "dist_river_m": 1122.5312062414548,
        "hazard_valid": true,
        "is_interpolated": false
      },
      "geometry": {
        "type": "Polygon",
        "coordinates": [
          [
            [
              -93.30576277328441,
              44.861865288928904
            ],
            [
              -93.30576277328441,
              44.8641110771392
            ],
            [
              -93.3080085614947,
              44.8641110771392
            ],
            [
              -93.3080085614947,
              44.861865288928904
            ],
            [
              -93.30576277328441,
              44.861865288928904
            ]
          ]
        ]
      }
    },
    {
      "id": "392",
      "type": "Feature",
      "properties": {
        "cell_id": "r12_c6",
        "row": 12,
        "col": 6,
        "dominant_nbs": null,
        "dominant_nbs_score": null,
        "riverine": false,
        "pluvial": true,
        "low_lying": true,
        "flood_mechanism_type": "mixed",
        "flood_mechanism_code": 5,
        "flood_score": 0.28409090638160706,
        "risk_score": 0.2020682990550995,
        "dist_river_m": 1177.4119439831913,
        "hazard_valid": true,
        "is_interpolated": false
      },
      "geometry": {
        "type": "Polygon",
        "coordinates": [
          [
            [
              -93.30351698507411,
              44.861865288928904
            ],
            [
              -93.30351698507411,
              44.8641110771392
            ],
            [
              -93.30576277328441,
              44.8641110771392
            ],
            [
              -93.30576277328441,
              44.861865288928904
            ],
            [
              -93.30351698507411,
              44.861865288928904
            ]
          ]
        ]
      }
    },
    {
      "id": "393",
      "type": "Feature",
      "properties": {
        "cell_id": "r12_c7",
        "row": 12,
        "col": 7,
        "dominant_nbs": null,
        "dominant_nbs_score": null,
        "riverine": false,
        "pluvial": true,
        "low_lying": true,
        "flood_mechanism_type": "mixed",
        "flood_mechanism_code": 5,
        "flood_score": 0.28409090638160706,
        "risk_score": 0.2020682990550995,
        "dist_river_m": 1279.3767950310817,
        "hazard_valid": true,
        "is_interpolated": false
      },
      "geometry": {
        "type": "Polygon",
        "coordinates": [
          [
            [
              -93.30127119686381,
              44.861865288928904
            ],
            [
              -93.30127119686381,
              44.8641110771392
            ],
            [
              -93.30351698507411,
              44.8641110771392
            ],
            [
              -93.30351698507411,
              44.861865288928904
            ],
            [
              -93.30127119686381,
              44.861865288928904
            ]
          ]
        ]
      }
    },
    {
      "id": "394",
      "type": "Feature",
      "properties": {
        "cell_id": "r12_c8",
        "row": 12,
        "col": 8,
        "dominant_nbs": null,
        "dominant_nbs_score": null,
        "riverine": false,
        "pluvial": true,
        "low_lying": true,
        "flood_mechanism_type": "mixed",
        "flood_mechanism_code": 5,
        "flood_score": 0.28409090638160706,
        "risk_score": 0.2020682990550995,
        "dist_river_m": 1418.306949314803,
        "hazard_valid": true,
        "is_interpolated": false
      },
      "geometry": {
        "type": "Polygon",
        "coordinates": [
          [
            [
              -93.2990254086535,
              44.861865288928904
            ],
            [
              -93.2990254086535,
              44.8641110771392
            ],
            [
              -93.30127119686381,
              44.8641110771392
            ],
            [
              -93.30127119686381,
              44.861865288928904
            ],
            [
              -93.2990254086535,
              44.861865288928904
            ]
          ]
        ]
      }
    },
    {
      "id": "395",
      "type": "Feature",
      "properties": {
        "cell_id": "r12_c9",
        "row": 12,
        "col": 9,
        "dominant_nbs": null,
        "dominant_nbs_score": null,
        "riverine": false,
        "pluvial": true,
        "low_lying": true,
        "flood_mechanism_type": "mixed",
        "flood_mechanism_code": 5,
        "flood_score": 0.28409090638160706,
        "risk_score": null,
        "dist_river_m": 1575.0675860334034,
        "hazard_valid": true,
        "is_interpolated": false
      },
      "geometry": {
        "type": "Polygon",
        "coordinates": [
          [
            [
              -93.29677962044322,
              44.861865288928904
            ],
            [
              -93.29677962044322,
              44.8641110771392
            ],
            [
              -93.2990254086535,
              44.8641110771392
            ],
            [
              -93.2990254086535,
              44.861865288928904
            ],
            [
              -93.29677962044322,
              44.861865288928904
            ]
          ]
        ]
      }
    },
    {
      "id": "396",
      "type": "Feature",
      "properties": {
        "cell_id": "r12_c10",
        "row": 12,
        "col": 10,
        "dominant_nbs": null,
        "dominant_nbs_score": null,
        "riverine": false,
        "pluvial": true,
        "low_lying": true,
        "flood_mechanism_type": "mixed",
        "flood_mechanism_code": 5,
        "flood_score": 0.28409090638160706,
        "risk_score": null,
        "dist_river_m": 1736.1705097362692,
        "hazard_valid": true,
        "is_interpolated": false
      },
      "geometry": {
        "type": "Polygon",
        "coordinates": [
          [
            [
              -93.29453383223291,
              44.861865288928904
            ],
            [
              -93.29453383223291,
              44.8641110771392
            ],
            [
              -93.29677962044322,
              44.8641110771392
            ],
            [
              -93.29677962044322,
              44.861865288928904
            ],
            [
              -93.29453383223291,
              44.861865288928904
            ]
          ]
        ]
      }
    },
    {
      "id": "397",
      "type": "Feature",
      "properties": {
        "cell_id": "r12_c11",
        "row": 12,
        "col": 11,
        "dominant_nbs": null,
        "dominant_nbs_score": null,
        "riverine": false,
        "pluvial": true,
        "low_lying": true,
        "flood_mechanism_type": "mixed",
        "flood_mechanism_code": 5,
        "flood_score": 0.28805893659591675,
        "risk_score": null,
        "dist_river_m": 1916.251992344336,
        "hazard_valid": true,
        "is_interpolated": false
      },
      "geometry": {
        "type": "Polygon",
        "coordinates": [
          [
            [
              -93.29228804402261,
              44.861865288928904
            ],
            [
              -93.29228804402261,
              44.8641110771392
            ],
            [
              -93.29453383223291,
              44.8641110771392
            ],
            [
              -93.29453383223291,
              44.861865288928904
            ],
            [
              -93.29228804402261,
              44.861865288928904
            ]
          ]
        ]
      }
    },
    {
      "id": "398",
      "type": "Feature",
      "properties": {
        "cell_id": "r12_c12",
        "row": 12,
        "col": 12,
        "dominant_nbs": null,
        "dominant_nbs_score": null,
        "riverine": false,
        "pluvial": true,
        "low_lying": true,
        "flood_mechanism_type": "mixed",
        "flood_mechanism_code": 5,
        "flood_score": 0.3136218190193176,
        "risk_score": null,
        "dist_river_m": 2110.4593998535756,
        "hazard_valid": true,
        "is_interpolated": false
      },
      "geometry": {
        "type": "Polygon",
        "coordinates": [
          [
            [
              -93.29004225581232,
              44.861865288928904
            ],
            [
              -93.29004225581232,
              44.8641110771392
            ],
            [
              -93.29228804402261,
              44.8641110771392
            ],
            [
              -93.29228804402261,
              44.861865288928904
            ],
            [
              -93.29004225581232,
              44.861865288928904
            ]
          ]
        ]
      }
    },
    {
      "id": "399",
      "type": "Feature",
      "properties": {
        "cell_id": "r12_c13",
        "row": 12,
        "col": 13,
        "dominant_nbs": null,
        "dominant_nbs_score": null,
        "riverine": false,
        "pluvial": true,
        "low_lying": true,
        "flood_mechanism_type": "mixed",
        "flood_mechanism_code": 5,
        "flood_score": 0.31758978962898254,
        "risk_score": null,
        "dist_river_m": 2315.240717435619,
        "hazard_valid": true,
        "is_interpolated": false
      },
      "geometry": {
        "type": "Polygon",
        "coordinates": [
          [
            [
              -93.28779646760202,
              44.861865288928904
            ],
            [
              -93.28779646760202,
              44.8641110771392
            ],
            [
              -93.29004225581232,
              44.8641110771392
            ],
            [
              -93.29004225581232,
              44.861865288928904
            ],
            [
              -93.28779646760202,
              44.861865288928904
            ]
          ]
        ]
      }
    },
    {
      "id": "400",
      "type": "Feature",
      "properties": {
        "cell_id": "r12_c14",
        "row": 12,
        "col": 14,
        "dominant_nbs": null,
        "dominant_nbs_score": null,
        "riverine": false,
        "pluvial": true,
        "low_lying": true,
        "flood_mechanism_type": "mixed",
        "flood_mechanism_code": 5,
        "flood_score": 0.3136218190193176,
        "risk_score": 0.25763097405433655,
        "dist_river_m": 2528.027650540944,
        "hazard_valid": true,
        "is_interpolated": false
      },
      "geometry": {
        "type": "Polygon",
        "coordinates": [
          [
            [
              -93.28555067939172,
              44.861865288928904
            ],
            [
              -93.28555067939172,
              44.8641110771392
            ],
            [
              -93.28779646760202,
              44.8641110771392
            ],
            [
              -93.28779646760202,
              44.861865288928904
            ],
            [
              -93.28555067939172,
              44.861865288928904
            ]
          ]
        ]
      }
    },
    {
      "id": "401",
      "type": "Feature",
      "properties": {
        "cell_id": "r12_c15",
        "row": 12,
        "col": 15,
        "dominant_nbs": null,
        "dominant_nbs_score": null,
        "riverine": false,
        "pluvial": true,
        "low_lying": true,
        "flood_mechanism_type": "mixed",
        "flood_mechanism_code": 5,
        "flood_score": 0.28805893659591675,
        "risk_score": 0.25043198466300964,
        "dist_river_m": 2746.9604192831507,
        "hazard_valid": true,
        "is_interpolated": false
      },
      "geometry": {
        "type": "Polygon",
        "coordinates": [
          [
            [
              -93.28330489118142,
              44.861865288928904
            ],
            [
              -93.28330489118142,
              44.8641110771392
            ],
            [
              -93.28555067939172,
              44.8641110771392
            ],
            [
              -93.28555067939172,
              44.861865288928904
            ],
            [
              -93.28330489118142,
              44.861865288928904
            ]
          ]
        ]
      }
    },
    {
      "id": "402",
      "type": "Feature",
      "properties": {
        "cell_id": "r12_c16",
        "row": 12,
        "col": 16,
        "dominant_nbs": null,
        "dominant_nbs_score": null,
        "riverine": false,
        "pluvial": true,
        "low_lying": true,
        "flood_mechanism_type": "mixed",
        "flood_mechanism_code": 5,
        "flood_score": 0.28409090638160706,
        "risk_score": 0.2492767572402954,
        "dist_river_m": 2970.680529659475,
        "hazard_valid": true,
        "is_interpolated": false
      },
      "geometry": {
        "type": "Polygon",
        "coordinates": [
          [
            [
              -93.28105910297113,
              44.861865288928904
            ],
            [
              -93.28105910297113,
              44.8641110771392
            ],
            [
              -93.28330489118142,
              44.8641110771392
            ],
            [
              -93.28330489118142,
              44.861865288928904
            ],
            [
              -93.28105910297113,
              44.861865288928904
            ]
          ]
        ]
      }
    },
    {
      "id": "403",
      "type": "Feature",
      "properties": {
        "cell_id": "r12_c17",
        "row": 12,
        "col": 17,
        "dominant_nbs": null,
        "dominant_nbs_score": null,
        "riverine": false,
        "pluvial": true,
        "low_lying": true,
        "flood_mechanism_type": "mixed",
        "flood_mechanism_code": 5,
        "flood_score": 0.28409090638160706,
        "risk_score": 0.2492767572402954,
        "dist_river_m": 3198.183483551123,
        "hazard_valid": true,
        "is_interpolated": false
      },
      "geometry": {
        "type": "Polygon",
        "coordinates": [
          [
            [
              -93.27881331476082,
              44.861865288928904
            ],
            [
              -93.27881331476082,
              44.8641110771392
            ],
            [
              -93.28105910297113,
              44.8641110771392
            ],
            [
              -93.28105910297113,
              44.861865288928904
            ],
            [
              -93.27881331476082,
              44.861865288928904
            ]
          ]
        ]
      }
    },
    {
      "id": "404",
      "type": "Feature",
      "properties": {
        "cell_id": "r12_c18",
        "row": 12,
        "col": 18,
        "dominant_nbs": null,
        "dominant_nbs_score": null,
        "riverine": false,
        "pluvial": true,
        "low_lying": true,
        "flood_mechanism_type": "mixed",
        "flood_mechanism_code": 5,
        "flood_score": 0.28409090638160706,
        "risk_score": 0.2492767572402954,
        "dist_river_m": 3428.7163633946043,
        "hazard_valid": true,
        "is_interpolated": false
      },
      "geometry": {
        "type": "Polygon",
        "coordinates": [
          [
            [
              -93.27656752655052,
              44.861865288928904
            ],
            [
              -93.27656752655052,
              44.8641110771392
            ],
            [
              -93.27881331476082,
              44.8641110771392
            ],
            [
              -93.27881331476082,
              44.861865288928904
            ],
            [
              -93.27656752655052,
              44.861865288928904
            ]
          ]
        ]
      }
    },
    {
      "id": "405",
      "type": "Feature",
      "properties": {
        "cell_id": "r12_c19",
        "row": 12,
        "col": 19,
        "dominant_nbs": null,
        "dominant_nbs_score": null,
        "riverine": false,
        "pluvial": true,
        "low_lying": true,
        "flood_mechanism_type": "mixed",
        "flood_mechanism_code": 5,
        "flood_score": 0.28409090638160706,
        "risk_score": 0.2492767572402954,
        "dist_river_m": 3661.7069418157403,
        "hazard_valid": true,
        "is_interpolated": false
      },
      "geometry": {
        "type": "Polygon",
        "coordinates": [
          [
            [
              -93.27432173834022,
              44.861865288928904
            ],
            [
              -93.27432173834022,
              44.8641110771392
            ],
            [
              -93.27656752655052,
              44.8641110771392
            ],
            [
              -93.27656752655052,
              44.861865288928904
            ],
            [
              -93.27432173834022,
              44.861865288928904
            ]
          ]
        ]
      }
    },
    {
      "id": "406",
      "type": "Feature",
      "properties": {
        "cell_id": "r12_c20",
        "row": 12,
        "col": 20,
        "dominant_nbs": null,
        "dominant_nbs_score": null,
        "riverine": false,
        "pluvial": true,
        "low_lying": true,
        "flood_mechanism_type": "mixed",
        "flood_mechanism_code": 5,
        "flood_score": 0.28409090638160706,
        "risk_score": 0.46357518434524536,
        "dist_river_m": 3896.7143949541064,
        "hazard_valid": true,
        "is_interpolated": false
      },
      "geometry": {
        "type": "Polygon",
        "coordinates": [
          [
            [
              -93.27207595012993,
              44.861865288928904
            ],
            [
              -93.27207595012993,
              44.8641110771392
            ],
            [
              -93.27432173834022,
              44.8641110771392
            ],
            [
              -93.27432173834022,
              44.861865288928904
            ],
            [
              -93.27207595012993,
              44.861865288928904
            ]
          ]
        ]
      }
    },
    {
      "id": "407",
      "type": "Feature",
      "properties": {
        "cell_id": "r12_c21",
        "row": 12,
        "col": 21,
        "dominant_nbs": null,
        "dominant_nbs_score": null,
        "riverine": false,
        "pluvial": true,
        "low_lying": true,
        "flood_mechanism_type": "mixed",
        "flood_mechanism_code": 5,
        "flood_score": 0.28409090638160706,
        "risk_score": 0.46357518434524536,
        "dist_river_m": 4132.849090232796,
        "hazard_valid": true,
        "is_interpolated": false
      },
      "geometry": {
        "type": "Polygon",
        "coordinates": [
          [
            [
              -93.26983016191963,
              44.861865288928904
            ],
            [
              -93.26983016191963,
              44.8641110771392
            ],
            [
              -93.27207595012993,
              44.8641110771392
            ],
            [
              -93.27207595012993,
              44.861865288928904
            ],
            [
              -93.26983016191963,
              44.861865288928904
            ]
          ]
        ]
      }
    },
    {
      "id": "408",
      "type": "Feature",
      "properties": {
        "cell_id": "r12_c22",
        "row": 12,
        "col": 22,
        "dominant_nbs": null,
        "dominant_nbs_score": null,
        "riverine": false,
        "pluvial": true,
        "low_lying": true,
        "flood_mechanism_type": "mixed",
        "flood_mechanism_code": 5,
        "flood_score": 0.2873751223087311,
        "risk_score": 0.46535471081733704,
        "dist_river_m": 4369.004378617457,
        "hazard_valid": true,
        "is_interpolated": false
      },
      "geometry": {
        "type": "Polygon",
        "coordinates": [
          [
            [
              -93.26758437370933,
              44.861865288928904
            ],
            [
              -93.26758437370933,
              44.8641110771392
            ],
            [
              -93.26983016191963,
              44.8641110771392
            ],
            [
              -93.26983016191963,
              44.861865288928904
            ],
            [
              -93.26758437370933,
              44.861865288928904
            ]
          ]
        ]
      }
    },
    {
      "id": "409",
      "type": "Feature",
      "properties": {
        "cell_id": "r12_c23",
        "row": 12,
        "col": 23,
        "dominant_nbs": null,
        "dominant_nbs_score": null,
        "riverine": false,
        "pluvial": true,
        "low_lying": true,
        "flood_mechanism_type": "mixed",
        "flood_mechanism_code": 5,
        "flood_score": 0.30897581577301025,
        "risk_score": 0.4767337441444397,
        "dist_river_m": 4605.3685705545895,
        "hazard_valid": true,
        "is_interpolated": false
      },
      "geometry": {
        "type": "Polygon",
        "coordinates": [
          [
            [
              -93.26533858549902,
              44.861865288928904
            ],
            [
              -93.26533858549902,
              44.8641110771392
            ],
            [
              -93.26758437370933,
              44.8641110771392
            ],
            [
              -93.26758437370933,
              44.861865288928904
            ],
            [
              -93.26533858549902,
              44.861865288928904
            ]
          ]
        ]
      }
    },
    {
      "id": "410",
      "type": "Feature",
      "properties": {
        "cell_id": "r12_c24",
        "row": 12,
        "col": 24,
        "dominant_nbs": null,
        "dominant_nbs_score": null,
        "riverine": false,
        "pluvial": true,
        "low_lying": true,
        "flood_mechanism_type": "mixed",
        "flood_mechanism_code": 5,
        "flood_score": 0.28805893659591675,
        "risk_score": 0.46572351455688477,
        "dist_river_m": 4842.894823791887,
        "hazard_valid": true,
        "is_interpolated": false
      },
      "geometry": {
        "type": "Polygon",
        "coordinates": [
          [
            [
              -93.26309279728873,
              44.861865288928904
            ],
            [
              -93.26309279728873,
              44.8641110771392
            ],
            [
              -93.26533858549902,
              44.8641110771392
            ],
            [
              -93.26533858549902,
              44.861865288928904
            ],
            [
              -93.26309279728873,
              44.861865288928904
            ]
          ]
        ]
      }
    },
    {
      "id": "411",
      "type": "Feature",
      "properties": {
        "cell_id": "r12_c25",
        "row": 12,
        "col": 25,
        "dominant_nbs": null,
        "dominant_nbs_score": null,
        "riverine": false,
        "pluvial": true,
        "low_lying": true,
        "flood_mechanism_type": "mixed",
        "flood_mechanism_code": 5,
        "flood_score": 0.28409090638160706,
        "risk_score": 0.46357518434524536,
        "dist_river_m": 5081.547441376812,
        "hazard_valid": true,
        "is_interpolated": false
      },
      "geometry": {
        "type": "Polygon",
        "coordinates": [
          [
            [
              -93.26084700907843,
              44.861865288928904
            ],
            [
              -93.26084700907843,
              44.8641110771392
            ],
            [
              -93.26309279728873,
              44.8641110771392
            ],
            [
              -93.26309279728873,
              44.861865288928904
            ],
            [
              -93.26084700907843,
              44.861865288928904
            ]
          ]
        ]
      }
    },
    {
      "id": "412",
      "type": "Feature",
      "properties": {
        "cell_id": "r12_c26",
        "row": 12,
        "col": 26,
        "dominant_nbs": null,
        "dominant_nbs_score": null,
        "riverine": false,
        "pluvial": true,
        "low_lying": true,
        "flood_mechanism_type": "mixed",
        "flood_mechanism_code": 5,
        "flood_score": 0.28409090638160706,
        "risk_score": 0.46357518434524536,
        "dist_river_m": 5243.084968645639,
        "hazard_valid": true,
        "is_interpolated": false
      },
      "geometry": {
        "type": "Polygon",
        "coordinates": [
          [
            [
              -93.25860122086813,
              44.861865288928904
            ],
            [
              -93.25860122086813,
              44.8641110771392
            ],
            [
              -93.26084700907843,
              44.8641110771392
            ],
            [
              -93.26084700907843,
              44.861865288928904
            ],
            [
              -93.25860122086813,
              44.861865288928904
            ]
          ]
        ]
      }
    },
    {
      "id": "413",
      "type": "Feature",
      "properties": {
        "cell_id": "r12_c27",
        "row": 12,
        "col": 27,
        "dominant_nbs": null,
        "dominant_nbs_score": null,
        "riverine": false,
        "pluvial": true,
        "low_lying": true,
        "flood_mechanism_type": "mixed",
        "flood_mechanism_code": 5,
        "flood_score": 0.28873690962791443,
        "risk_score": 0.2615412771701813,
        "dist_river_m": 5349.663109218718,
        "hazard_valid": true,
        "is_interpolated": false
      },
      "geometry": {
        "type": "Polygon",
        "coordinates": [
          [
            [
              -93.25635543265784,
              44.861865288928904
            ],
            [
              -93.25635543265784,
              44.8641110771392
            ],
            [
              -93.25860122086813,
              44.8641110771392
            ],
            [
              -93.25860122086813,
              44.861865288928904
            ],
            [
              -93.25635543265784,
              44.861865288928904
            ]
          ]
        ]
      }
    },
    {
      "id": "414",
      "type": "Feature",
      "properties": {
        "cell_id": "r12_c28",
        "row": 12,
        "col": 28,
        "dominant_nbs": null,
        "dominant_nbs_score": null,
        "riverine": false,
        "pluvial": true,
        "low_lying": true,
        "flood_mechanism_type": "mixed",
        "flood_mechanism_code": 5,
        "flood_score": 0.3110214173793793,
        "risk_score": 0.2681037485599518,
        "dist_river_m": 5410.3369292111365,
        "hazard_valid": true,
        "is_interpolated": false
      },
      "geometry": {
        "type": "Polygon",
        "coordinates": [
          [
            [
              -93.25410964444754,
              44.861865288928904
            ],
            [
              -93.25410964444754,
              44.8641110771392
            ],
            [
              -93.25635543265784,
              44.8641110771392
            ],
            [
              -93.25635543265784,
              44.861865288928904
            ],
            [
              -93.25410964444754,
              44.861865288928904
            ]
          ]
        ]
      }
    },
    {
      "id": "415",
      "type": "Feature",
      "properties": {
        "cell_id": "r12_c29",
        "row": 12,
        "col": 29,
        "dominant_nbs": null,
        "dominant_nbs_score": null,
        "riverine": false,
        "pluvial": true,
        "low_lying": true,
        "flood_mechanism_type": "mixed",
        "flood_mechanism_code": 5,
        "flood_score": 0.28873884677886963,
        "risk_score": 0.26154184341430664,
        "dist_river_m": 5453.79625486662,
        "hazard_valid": true,
        "is_interpolated": false
      },
      "geometry": {
        "type": "Polygon",
        "coordinates": [
          [
            [
              -93.25186385623724,
              44.861865288928904
            ],
            [
              -93.25186385623724,
              44.8641110771392
            ],
            [
              -93.25410964444754,
              44.8641110771392
            ],
            [
              -93.25410964444754,
              44.861865288928904
            ],
            [
              -93.25186385623724,
              44.861865288928904
            ]
          ]
        ]
      }
    },
    {
      "id": "416",
      "type": "Feature",
      "properties": {
        "cell_id": "r12_c30",
        "row": 12,
        "col": 30,
        "dominant_nbs": null,
        "dominant_nbs_score": null,
        "riverine": false,
        "pluvial": true,
        "low_lying": true,
        "flood_mechanism_type": "mixed",
        "flood_mechanism_code": 5,
        "flood_score": 0.28409090638160706,
        "risk_score": 0.2601308822631836,
        "dist_river_m": 5508.205244232416,
        "hazard_valid": true,
        "is_interpolated": false
      },
      "geometry": {
        "type": "Polygon",
        "coordinates": [
          [
            [
              -93.24961806802693,
              44.861865288928904
            ],
            [
              -93.24961806802693,
              44.8641110771392
            ],
            [
              -93.25186385623724,
              44.8641110771392
            ],
            [
              -93.25186385623724,
              44.861865288928904
            ],
            [
              -93.24961806802693,
              44.861865288928904
            ]
          ]
        ]
      }
    },
    {
      "id": "417",
      "type": "Feature",
      "properties": {
        "cell_id": "r12_c31",
        "row": 12,
        "col": 31,
        "dominant_nbs": null,
        "dominant_nbs_score": null,
        "riverine": false,
        "pluvial": true,
        "low_lying": true,
        "flood_mechanism_type": "mixed",
        "flood_mechanism_code": 5,
        "flood_score": 0.30539771914482117,
        "risk_score": 0.266478031873703,
        "dist_river_m": 5573.243217065154,
        "hazard_valid": true,
        "is_interpolated": false
      },
      "geometry": {
        "type": "Polygon",
        "coordinates": [
          [
            [
              -93.24737227981664,
              44.861865288928904
            ],
            [
              -93.24737227981664,
              44.8641110771392
            ],
            [
              -93.24961806802693,
              44.8641110771392
            ],
            [
              -93.24961806802693,
              44.861865288928904
            ],
            [
              -93.24737227981664,
              44.861865288928904
            ]
          ]
        ]
      }
    }
  ]
}