{
  "type": "FeatureCollection",
  "properties": {
    "hazard": "heat",
    "aoi_label": "richfield",
    "cell_size_m": 249.28135106000718,
    "mechanism_summary": {
      "n_cells": 417,
      "pct_uhi_built_up": 19.4,
      "pct_shade_deficit": 43.4,
      "pct_high_daytime_lst": 100.0,
      "pct_limited_nocturnal_cooling": 0.0,
      "pct_high_social_exposure": 30.2,
      "count_uhi_built_up": 81,
      "count_shade_deficit": 181,
      "count_high_daytime_lst": 417,
      "count_limited_nocturnal_cooling": 0,
      "count_high_social_exposure": 126,
      "pct_multi_mechanism": 67.1,
      "count_multi_mechanism": 280,
      "dominant_mechanism_type_counts": {
        "mixed": 123,
        "high_daytime_lst": 280,
        "uhi_built_up": 8,
        "shade_deficit": 3,
        "without_clear_dominant": 3
      },
      "pct_by_dominant_type": {
        "high_daytime_lst": 67.1,
        "mixed": 29.5,
        "shade_deficit": 0.7,
        "uhi_built_up": 1.9,
        "without_clear_dominant": 0.7
      }
    },
    "layer": "richfield_heat_mechanism_type",
    "site": "richfield"
  },
  "features": [
    {
      "id": "0",
      "type": "Feature",
      "properties": {
        "cell_id": "r0_c0",
        "row": 0,
        "col": 0,
        "dominant_nbs": null,
        "dominant_nbs_score": null,
        "uhi_built_up": false,
        "shade_deficit": true,
        "high_daytime_lst": true,
        "limited_nocturnal_cooling": false,
        "high_social_exposure": false,
        "heat_mechanism_type": "mixed",
        "heat_mechanism_code": 6,
        "heat_score": 0.37257176637649536,
        "heat_risk_score": 0.225545734167099,
        "hazard_valid": true,
        "is_interpolated": false
      },
      "geometry": {
        "type": "Polygon",
        "coordinates": [
          [
            [
              -93.31659022206253,
              44.88855522206253
            ],
            [
              -93.31659022206253,
              44.890801
            ],
            [
              -93.318836,
              44.890801
            ],
            [
              -93.318836,
              44.88855522206253
            ],
            [
              -93.31659022206253,
              44.88855522206253
            ]
          ]
        ]
      }
    },
    {
      "id": "1",
      "type": "Feature",
      "properties": {
        "cell_id": "r0_c1",
        "row": 0,
        "col": 1,
        "dominant_nbs": null,
        "dominant_nbs_score": null,
        "uhi_built_up": true,
        "shade_deficit": true,
        "high_daytime_lst": true,
        "limited_nocturnal_cooling": false,
        "high_social_exposure": false,
        "heat_mechanism_type": "mixed",
        "heat_mechanism_code": 6,
        "heat_score": 0.3246414065361023,
        "heat_risk_score": 0.21542656421661377,
        "hazard_valid": true,
        "is_interpolated": false
      },
      "geometry": {
        "type": "Polygon",
        "coordinates": [
          [
            [
              -93.31434444412506,
              44.88855522206253
            ],
            [
              -93.31434444412506,
              44.890801
            ],
            [
              -93.31659022206253,
              44.890801
            ],
            [
              -93.31659022206253,
              44.88855522206253
            ],
            [
              -93.31434444412506,
              44.88855522206253
            ]
          ]
        ]
      }
    },
    {
      "id": "2",
      "type": "Feature",
      "properties": {
        "cell_id": "r0_c2",
        "row": 0,
        "col": 2,
        "dominant_nbs": null,
        "dominant_nbs_score": null,
        "uhi_built_up": true,
        "shade_deficit": false,
        "high_daytime_lst": true,
        "limited_nocturnal_cooling": false,
        "high_social_exposure": false,
        "heat_mechanism_type": "mixed",
        "heat_mechanism_code": 6,
        "heat_score": 0.34739431738853455,
        "heat_risk_score": 0.22034618258476257,
        "hazard_valid": true,
        "is_interpolated": false
      },
      "geometry": {
        "type": "Polygon",
        "coordinates": [
          [
            [
              -93.31209866618757,
              44.88855522206253
            ],
            [
              -93.31209866618757,
              44.890801
            ],
            [
              -93.31434444412506,
              44.890801
            ],
            [
              -93.31434444412506,
              44.88855522206253
            ],
            [
              -93.31209866618757,
              44.88855522206253
            ]
          ]
        ]
      }
    },
    {
      "id": "3",
      "type": "Feature",
      "properties": {
        "cell_id": "r0_c3",
        "row": 0,
        "col": 3,
        "dominant_nbs": null,
        "dominant_nbs_score": null,
        "uhi_built_up": true,
        "shade_deficit": true,
        "high_daytime_lst": true,
        "limited_nocturnal_cooling": false,
        "high_social_exposure": false,
        "heat_mechanism_type": "mixed",
        "heat_mechanism_code": 6,
        "heat_score": 0.3533843457698822,
        "heat_risk_score": 0.22160542011260986,
        "hazard_valid": true,
        "is_interpolated": false
      },
      "geometry": {
        "type": "Polygon",
        "coordinates": [
          [
            [
              -93.30985288825009,
              44.88855522206253
            ],
            [
              -93.30985288825009,
              44.890801
            ],
            [
              -93.31209866618757,
              44.890801
            ],
            [
              -93.31209866618757,
              44.88855522206253
            ],
            [
              -93.30985288825009,
              44.88855522206253
            ]
          ]
        ]
      }
    },
    {
      "id": "4",
      "type": "Feature",
      "properties": {
        "cell_id": "r0_c4",
        "row": 0,
        "col": 4,
        "dominant_nbs": null,
        "dominant_nbs_score": null,
        "uhi_built_up": true,
        "shade_deficit": false,
        "high_daytime_lst": true,
        "limited_nocturnal_cooling": false,
        "high_social_exposure": false,
        "heat_mechanism_type": "mixed",
        "heat_mechanism_code": 6,
        "heat_score": 0.35424432158470154,
        "heat_risk_score": 0.2217850387096405,
        "hazard_valid": true,
        "is_interpolated": false
      },
      "geometry": {
        "type": "Polygon",
        "coordinates": [
          [
            [
              -93.30760711031262,
              44.88855522206253
            ],
            [
              -93.30760711031262,
              44.890801
            ],
            [
              -93.30985288825009,
              44.890801
            ],
            [
              -93.30985288825009,
              44.88855522206253
            ],
            [
              -93.30760711031262,
              44.88855522206253
            ]
          ]
        ]
      }
    },
    {
      "id": "5",
      "type": "Feature",
      "properties": {
        "cell_id": "r0_c5",
        "row": 0,
        "col": 5,
        "dominant_nbs": null,
        "dominant_nbs_score": null,
        "uhi_built_up": false,
        "shade_deficit": true,
        "high_daytime_lst": true,
        "limited_nocturnal_cooling": false,
        "high_social_exposure": false,
        "heat_mechanism_type": "mixed",
        "heat_mechanism_code": 6,
        "heat_score": 0.3899504840373993,
        "heat_risk_score": 0.1974070519208908,
        "hazard_valid": true,
        "is_interpolated": false
      },
      "geometry": {
        "type": "Polygon",
        "coordinates": [
          [
            [
              -93.30536133237514,
              44.88855522206253
            ],
            [
              -93.30536133237514,
              44.890801
            ],
            [
              -93.30760711031262,
              44.890801
            ],
            [
              -93.30760711031262,
              44.88855522206253
            ],
            [
              -93.30536133237514,
              44.88855522206253
            ]
          ]
        ]
      }
    },
    {
      "id": "6",
      "type": "Feature",
      "properties": {
        "cell_id": "r0_c6",
        "row": 0,
        "col": 6,
        "dominant_nbs": null,
        "dominant_nbs_score": null,
        "uhi_built_up": true,
        "shade_deficit": true,
        "high_daytime_lst": true,
        "limited_nocturnal_cooling": false,
        "high_social_exposure": false,
        "heat_mechanism_type": "mixed",
        "heat_mechanism_code": 6,
        "heat_score": 0.3940529525279999,
        "heat_risk_score": 0.19809691607952118,
        "hazard_valid": true,
        "is_interpolated": false
      },
      "geometry": {
        "type": "Polygon",
        "coordinates": [
          [
            [
              -93.30311555443767,
              44.88855522206253
            ],
            [
              -93.30311555443767,
              44.890801
            ],
            [
              -93.30536133237514,
              44.890801
            ],
            [
              -93.30536133237514,
              44.88855522206253
            ],
            [
              -93.30311555443767,
              44.88855522206253
            ]
          ]
        ]
      }
    },
    {
      "id": "7",
      "type": "Feature",
      "properties": {
        "cell_id": "r0_c7",
        "row": 0,
        "col": 7,
        "dominant_nbs": null,
        "dominant_nbs_score": null,
        "uhi_built_up": false,
        "shade_deficit": false,
        "high_daytime_lst": true,
        "limited_nocturnal_cooling": false,
        "high_social_exposure": false,
        "heat_mechanism_type": "high_daytime_lst",
        "heat_mechanism_code": 3,
        "heat_score": 0.4039823114871979,
        "heat_risk_score": 0.1997470110654831,
        "hazard_valid": true,
        "is_interpolated": false
      },
      "geometry": {
        "type": "Polygon",
        "coordinates": [
          [
            [
              -93.30086977650018,
              44.88855522206253
            ],
            [
              -93.30086977650018,
              44.890801
            ],
            [
              -93.30311555443767,
              44.890801
            ],
            [
              -93.30311555443767,
              44.88855522206253
            ],
            [
              -93.30086977650018,
              44.88855522206253
            ]
          ]
        ]
      }
    },
    {
      "id": "8",
      "type": "Feature",
      "properties": {
        "cell_id": "r0_c8",
        "row": 0,
        "col": 8,
        "dominant_nbs": null,
        "dominant_nbs_score": null,
        "uhi_built_up": true,
        "shade_deficit": true,
        "high_daytime_lst": true,
        "limited_nocturnal_cooling": false,
        "high_social_exposure": false,
        "heat_mechanism_type": "mixed",
        "heat_mechanism_code": 6,
        "heat_score": 0.39462125301361084,
        "heat_risk_score": 0.19819210469722748,
        "hazard_valid": true,
        "is_interpolated": false
      },
      "geometry": {
        "type": "Polygon",
        "coordinates": [
          [
            [
              -93.2986239985627,
              44.88855522206253
            ],
            [
              -93.2986239985627,
              44.890801
            ],
            [
              -93.30086977650018,
              44.890801
            ],
            [
              -93.30086977650018,
              44.88855522206253
            ],
            [
              -93.2986239985627,
              44.88855522206253
            ]
          ]
        ]
      }
    },
    {
      "id": "9",
      "type": "Feature",
      "properties": {
        "cell_id": "r0_c9",
        "row": 0,
        "col": 9,
        "dominant_nbs": null,
        "dominant_nbs_score": null,
        "uhi_built_up": false,
        "shade_deficit": false,
        "high_daytime_lst": true,
        "limited_nocturnal_cooling": false,
        "high_social_exposure": false,
        "heat_mechanism_type": "high_daytime_lst",
        "heat_mechanism_code": 3,
        "heat_score": 0.3858124911785126,
        "heat_risk_score": 0.19670630991458893,
        "hazard_valid": true,
        "is_interpolated": false
      },
      "geometry": {
        "type": "Polygon",
        "coordinates": [
          [
            [
              -93.29637822062523,
              44.88855522206253
            ],
            [
              -93.29637822062523,
              44.890801
            ],
            [
              -93.2986239985627,
              44.890801
            ],
            [
              -93.2986239985627,
              44.88855522206253
            ],
            [
              -93.29637822062523,
              44.88855522206253
            ]
          ]
        ]
      }
    },
    {
      "id": "10",
      "type": "Feature",
      "properties": {
        "cell_id": "r0_c10",
        "row": 0,
        "col": 10,
        "dominant_nbs": null,
        "dominant_nbs_score": null,
        "uhi_built_up": false,
        "shade_deficit": false,
        "high_daytime_lst": true,
        "limited_nocturnal_cooling": false,
        "high_social_exposure": true,
        "heat_mechanism_type": "high_daytime_lst",
        "heat_mechanism_code": 3,
        "heat_score": 0.3928864896297455,
        "heat_risk_score": 0.4325159192085266,
        "hazard_valid": true,
        "is_interpolated": false
      },
      "geometry": {
        "type": "Polygon",
        "coordinates": [
          [
            [
              -93.29413244268775,
              44.88855522206253
            ],
            [
              -93.29413244268775,
              44.890801
            ],
            [
              -93.29637822062523,
              44.890801
            ],
            [
              -93.29637822062523,
              44.88855522206253
            ],
            [
              -93.29413244268775,
              44.88855522206253
            ]
          ]
        ]
      }
    },
    {
      "id": "11",
      "type": "Feature",
      "properties": {
        "cell_id": "r0_c11",
        "row": 0,
        "col": 11,
        "dominant_nbs": null,
        "dominant_nbs_score": null,
        "uhi_built_up": false,
        "shade_deficit": false,
        "high_daytime_lst": true,
        "limited_nocturnal_cooling": false,
        "high_social_exposure": true,
        "heat_mechanism_type": "high_daytime_lst",
        "heat_mechanism_code": 3,
        "heat_score": 0.38456991314888,
        "heat_risk_score": 0.4294423460960388,
        "hazard_valid": true,
        "is_interpolated": false
      },
      "geometry": {
        "type": "Polygon",
        "coordinates": [
          [
            [
              -93.29188666475028,
              44.88855522206253
            ],
            [
              -93.29188666475028,
              44.890801
            ],
            [
              -93.29413244268775,
              44.890801
            ],
            [
              -93.29413244268775,
              44.88855522206253
            ],
            [
              -93.29188666475028,
              44.88855522206253
            ]
          ]
        ]
      }
    },
    {
      "id": "12",
      "type": "Feature",
      "properties": {
        "cell_id": "r0_c12",
        "row": 0,
        "col": 12,
        "dominant_nbs": null,
        "dominant_nbs_score": null,
        "uhi_built_up": false,
        "shade_deficit": false,
        "high_daytime_lst": true,
        "limited_nocturnal_cooling": false,
        "high_social_exposure": true,
        "heat_mechanism_type": "high_daytime_lst",
        "heat_mechanism_code": 3,
        "heat_score": 0.39364004135131836,
        "heat_risk_score": 0.4327922761440277,
        "hazard_valid": true,
        "is_interpolated": false
      },
      "geometry": {
        "type": "Polygon",
        "coordinates": [
          [
            [
              -93.28964088681279,
              44.88855522206253
            ],
            [
              -93.28964088681279,
              44.890801
            ],
            [
              -93.29188666475028,
              44.890801
            ],
            [
              -93.29188666475028,
              44.88855522206253
            ],
            [
              -93.28964088681279,
              44.88855522206253
            ]
          ]
        ]
      }
    },
    {
      "id": "13",
      "type": "Feature",
      "properties": {
        "cell_id": "r0_c13",
        "row": 0,
        "col": 13,
        "dominant_nbs": null,
        "dominant_nbs_score": null,
        "uhi_built_up": false,
        "shade_deficit": false,
        "high_daytime_lst": true,
        "limited_nocturnal_cooling": false,
        "high_social_exposure": true,
        "heat_mechanism_type": "high_daytime_lst",
        "heat_mechanism_code": 3,
        "heat_score": 0.49451231956481934,
        "heat_risk_score": 0.4669876992702484,
        "hazard_valid": true,
        "is_interpolated": false
      },
      "geometry": {
        "type": "Polygon",
        "coordinates": [
          [
            [
              -93.28739510887532,
              44.88855522206253
            ],
            [
              -93.28739510887532,
              44.890801
            ],
            [
              -93.28964088681279,
              44.890801
            ],
            [
              -93.28964088681279,
              44.88855522206253
            ],
            [
              -93.28739510887532,
              44.88855522206253
            ]
          ]
        ]
      }
    },
    {
      "id": "14",
      "type": "Feature",
      "properties": {
        "cell_id": "r0_c14",
        "row": 0,
        "col": 14,
        "dominant_nbs": null,
        "dominant_nbs_score": null,
        "uhi_built_up": false,
        "shade_deficit": false,
        "high_daytime_lst": true,
        "limited_nocturnal_cooling": false,
        "high_social_exposure": false,
        "heat_mechanism_type": "high_daytime_lst",
        "heat_mechanism_code": 3,
        "heat_score": 0.4809204041957855,
        "heat_risk_score": 0.2613518536090851,
        "hazard_valid": true,
        "is_interpolated": false
      },
      "geometry": {
        "type": "Polygon",
        "coordinates": [
          [
            [
              -93.28514933093784,
              44.88855522206253
            ],
            [
              -93.28514933093784,
              44.890801
            ],
            [
              -93.28739510887532,
              44.890801
            ],
            [
              -93.28739510887532,
              44.88855522206253
            ],
            [
              -93.28514933093784,
              44.88855522206253
            ]
          ]
        ]
      }
    },
    {
      "id": "15",
      "type": "Feature",
      "properties": {
        "cell_id": "r0_c15",
        "row": 0,
        "col": 15,
        "dominant_nbs": null,
        "dominant_nbs_score": null,
        "uhi_built_up": false,
        "shade_deficit": false,
        "high_daytime_lst": true,
        "limited_nocturnal_cooling": false,
        "high_social_exposure": false,
        "heat_mechanism_type": "high_daytime_lst",
        "heat_mechanism_code": 3,
        "heat_score": 0.47571757435798645,
        "heat_risk_score": 0.26040592789649963,
        "hazard_valid": true,
        "is_interpolated": false
      },
      "geometry": {
        "type": "Polygon",
        "coordinates": [
          [
            [
              -93.28290355300037,
              44.88855522206253
            ],
            [
              -93.28290355300037,
              44.890801
            ],
            [
              -93.28514933093784,
              44.890801
            ],
            [
              -93.28514933093784,
              44.88855522206253
            ],
            [
              -93.28290355300037,
              44.88855522206253
            ]
          ]
        ]
      }
    },
    {
      "id": "16",
      "type": "Feature",
      "properties": {
        "cell_id": "r0_c16",
        "row": 0,
        "col": 16,
        "dominant_nbs": null,
        "dominant_nbs_score": null,
        "uhi_built_up": false,
        "shade_deficit": false,
        "high_daytime_lst": true,
        "limited_nocturnal_cooling": false,
        "high_social_exposure": false,
        "heat_mechanism_type": "high_daytime_lst",
        "heat_mechanism_code": 3,
        "heat_score": 0.4711683690547943,
        "heat_risk_score": 0.25957322120666504,
        "hazard_valid": true,
        "is_interpolated": false
      },
      "geometry": {
        "type": "Polygon",
        "coordinates": [
          [
            [
              -93.28065777506289,
              44.88855522206253
            ],
            [
              -93.28065777506289,
              44.890801
            ],
            [
              -93.28290355300037,
              44.890801
            ],
            [
              -93.28290355300037,
              44.88855522206253
            ],
            [
              -93.28065777506289,
              44.88855522206253
            ]
          ]
        ]
      }
    },
    {
      "id": "17",
      "type": "Feature",
      "properties": {
        "cell_id": "r0_c17",
        "row": 0,
        "col": 17,
        "dominant_nbs": null,
        "dominant_nbs_score": null,
        "uhi_built_up": false,
        "shade_deficit": false,
        "high_daytime_lst": true,
        "limited_nocturnal_cooling": false,
        "high_social_exposure": false,
        "heat_mechanism_type": "high_daytime_lst",
        "heat_mechanism_code": 3,
        "heat_score": 0.5322858691215515,
        "heat_risk_score": 0.2703436315059662,
        "hazard_valid": true,
        "is_interpolated": false
      },
      "geometry": {
        "type": "Polygon",
        "coordinates": [
          [
            [
              -93.2784119971254,
              44.88855522206253
            ],
            [
              -93.2784119971254,
              44.890801
            ],
            [
              -93.28065777506289,
              44.890801
            ],
            [
              -93.28065777506289,
              44.88855522206253
            ],
            [
              -93.2784119971254,
              44.88855522206253
            ]
          ]
        ]
      }
    },
    {
      "id": "18",
      "type": "Feature",
      "properties": {
        "cell_id": "r0_c18",
        "row": 0,
        "col": 18,
        "dominant_nbs": null,
        "dominant_nbs_score": null,
        "uhi_built_up": false,
        "shade_deficit": true,
        "high_daytime_lst": true,
        "limited_nocturnal_cooling": false,
        "high_social_exposure": false,
        "heat_mechanism_type": "high_daytime_lst",
        "heat_mechanism_code": 3,
        "heat_score": 0.5260217785835266,
        "heat_risk_score": 0.26927894353866577,
        "hazard_valid": true,
        "is_interpolated": false
      },
      "geometry": {
        "type": "Polygon",
        "coordinates": [
          [
            [
              -93.27616621918793,
              44.88855522206253
            ],
            [
              -93.27616621918793,
              44.890801
            ],
            [
              -93.2784119971254,
              44.890801
            ],
            [
              -93.2784119971254,
              44.88855522206253
            ],
            [
              -93.27616621918793,
              44.88855522206253
            ]
          ]
        ]
      }
    },
    {
      "id": "19",
      "type": "Feature",
      "properties": {
        "cell_id": "r0_c19",
        "row": 0,
        "col": 19,
        "dominant_nbs": null,
        "dominant_nbs_score": null,
        "uhi_built_up": false,
        "shade_deficit": false,
        "high_daytime_lst": true,
        "limited_nocturnal_cooling": false,
        "high_social_exposure": false,
        "heat_mechanism_type": "high_daytime_lst",
        "heat_mechanism_code": 3,
        "heat_score": 0.5201466083526611,
        "heat_risk_score": 0.26827266812324524,
        "hazard_valid": true,
        "is_interpolated": false
      },
      "geometry": {
        "type": "Polygon",
        "coordinates": [
          [
            [
              -93.27392044125045,
              44.88855522206253
            ],
            [
              -93.27392044125045,
              44.890801
            ],
            [
              -93.27616621918793,
              44.890801
            ],
            [
              -93.27616621918793,
              44.88855522206253
            ],
            [
              -93.27392044125045,
              44.88855522206253
            ]
          ]
        ]
      }
    },
    {
      "id": "20",
      "type": "Feature",
      "properties": {
        "cell_id": "r0_c20",
        "row": 0,
        "col": 20,
        "dominant_nbs": null,
        "dominant_nbs_score": null,
        "uhi_built_up": false,
        "shade_deficit": false,
        "high_daytime_lst": true,
        "limited_nocturnal_cooling": false,
        "high_social_exposure": false,
        "heat_mechanism_type": "high_daytime_lst",
        "heat_mechanism_code": 3,
        "heat_score": 0.5175970196723938,
        "heat_risk_score": 0.0,
        "hazard_valid": true,
        "is_interpolated": false
      },
      "geometry": {
        "type": "Polygon",
        "coordinates": [
          [
            [
              -93.27167466331298,
              44.88855522206253
            ],
            [
              -93.27167466331298,
              44.890801
            ],
            [
              -93.27392044125045,
              44.890801
            ],
            [
              -93.27392044125045,
              44.88855522206253
            ],
            [
              -93.27167466331298,
              44.88855522206253
            ]
          ]
        ]
      }
    },
    {
      "id": "21",
      "type": "Feature",
      "properties": {
        "cell_id": "r0_c21",
        "row": 0,
        "col": 21,
        "dominant_nbs": null,
        "dominant_nbs_score": null,
        "uhi_built_up": false,
        "shade_deficit": false,
        "high_daytime_lst": true,
        "limited_nocturnal_cooling": false,
        "high_social_exposure": false,
        "heat_mechanism_type": "high_daytime_lst",
        "heat_mechanism_code": 3,
        "heat_score": 0.44514498114585876,
        "heat_risk_score": 0.0,
        "hazard_valid": true,
        "is_interpolated": false
      },
      "geometry": {
        "type": "Polygon",
        "coordinates": [
          [
            [
              -93.2694288853755,
              44.88855522206253
            ],
            [
              -93.2694288853755,
              44.890801
            ],
            [
              -93.27167466331298,
              44.890801
            ],
            [
              -93.27167466331298,
              44.88855522206253
            ],
            [
              -93.2694288853755,
              44.88855522206253
            ]
          ]
        ]
      }
    },
    {
      "id": "22",
      "type": "Feature",
      "properties": {
        "cell_id": "r0_c22",
        "row": 0,
        "col": 22,
        "dominant_nbs": null,
        "dominant_nbs_score": null,
        "uhi_built_up": false,
        "shade_deficit": false,
        "high_daytime_lst": true,
        "limited_nocturnal_cooling": false,
        "high_social_exposure": false,
        "heat_mechanism_type": "high_daytime_lst",
        "heat_mechanism_code": 3,
        "heat_score": 0.4633601903915405,
        "heat_risk_score": 0.0,
        "hazard_valid": true,
        "is_interpolated": false
      },
      "geometry": {
        "type": "Polygon",
        "coordinates": [
          [
            [
              -93.26718310743802,
              44.88855522206253
            ],
            [
              -93.26718310743802,
              44.890801
            ],
            [
              -93.2694288853755,
              44.890801
            ],
            [
              -93.2694288853755,
              44.88855522206253
            ],
            [
              -93.26718310743802,
              44.88855522206253
            ]
          ]
        ]
      }
    },
    {
      "id": "23",
      "type": "Feature",
      "properties": {
        "cell_id": "r0_c23",
        "row": 0,
        "col": 23,
        "dominant_nbs": null,
        "dominant_nbs_score": null,
        "uhi_built_up": false,
        "shade_deficit": false,
        "high_daytime_lst": true,
        "limited_nocturnal_cooling": false,
        "high_social_exposure": false,
        "heat_mechanism_type": "high_daytime_lst",
        "heat_mechanism_code": 3,
        "heat_score": 0.4004400670528412,
        "heat_risk_score": 0.0,
        "hazard_valid": true,
        "is_interpolated": false
      },
      "geometry": {
        "type": "Polygon",
        "coordinates": [
          [
            [
              -93.26493732950054,
              44.88855522206253
            ],
            [
              -93.26493732950054,
              44.890801
            ],
            [
              -93.26718310743802,
              44.890801
            ],
            [
              -93.26718310743802,
              44.88855522206253
            ],
            [
              -93.26493732950054,
              44.88855522206253
            ]
          ]
        ]
      }
    },
    {
      "id": "24",
      "type": "Feature",
      "properties": {
        "cell_id": "r0_c24",
        "row": 0,
        "col": 24,
        "dominant_nbs": null,
        "dominant_nbs_score": null,
        "uhi_built_up": false,
        "shade_deficit": false,
        "high_daytime_lst": true,
        "limited_nocturnal_cooling": false,
        "high_social_exposure": false,
        "heat_mechanism_type": "high_daytime_lst",
        "heat_mechanism_code": 3,
        "heat_score": 0.3192712962627411,
        "heat_risk_score": 0.0,
        "hazard_valid": true,
        "is_interpolated": false
      },
      "geometry": {
        "type": "Polygon",
        "coordinates": [
          [
            [
              -93.26269155156307,
              44.88855522206253
            ],
            [
              -93.26269155156307,
              44.890801
            ],
            [
              -93.26493732950054,
              44.890801
            ],
            [
              -93.26493732950054,
              44.88855522206253
            ],
            [
              -93.26269155156307,
              44.88855522206253
            ]
          ]
        ]
      }
    },
    {
      "id": "25",
      "type": "Feature",
      "properties": {
        "cell_id": "r0_c25",
        "row": 0,
        "col": 25,
        "dominant_nbs": null,
        "dominant_nbs_score": null,
        "uhi_built_up": false,
        "shade_deficit": false,
        "high_daytime_lst": true,
        "limited_nocturnal_cooling": false,
        "high_social_exposure": false,
        "heat_mechanism_type": "high_daytime_lst",
        "heat_mechanism_code": 3,
        "heat_score": 0.24827873706817627,
        "heat_risk_score": 0.0,
        "hazard_valid": true,
        "is_interpolated": false
      },
      "geometry": {
        "type": "Polygon",
        "coordinates": [
          [
            [
              -93.26044577362559,
              44.88855522206253
            ],
            [
              -93.26044577362559,
              44.890801
            ],
            [
              -93.26269155156307,
              44.890801
            ],
            [
              -93.26269155156307,
              44.88855522206253
            ],
            [
              -93.26044577362559,
              44.88855522206253
            ]
          ]
        ]
      }
    },
    {
      "id": "26",
      "type": "Feature",
      "properties": {
        "cell_id": "r0_c26",
        "row": 0,
        "col": 26,
        "dominant_nbs": null,
        "dominant_nbs_score": null,
        "uhi_built_up": true,
        "shade_deficit": false,
        "high_daytime_lst": true,
        "limited_nocturnal_cooling": false,
        "high_social_exposure": false,
        "heat_mechanism_type": "uhi_built_up",
        "heat_mechanism_code": 1,
        "heat_score": 0.30722686648368835,
        "heat_risk_score": 0.0,
        "hazard_valid": true,
        "is_interpolated": false
      },
      "geometry": {
        "type": "Polygon",
        "coordinates": [
          [
            [
              -93.25819999568812,
              44.88855522206253
            ],
            [
              -93.25819999568812,
              44.890801
            ],
            [
              -93.26044577362559,
              44.890801
            ],
            [
              -93.26044577362559,
              44.88855522206253
            ],
            [
              -93.25819999568812,
              44.88855522206253
            ]
          ]
        ]
      }
    },
    {
      "id": "27",
      "type": "Feature",
      "properties": {
        "cell_id": "r0_c27",
        "row": 0,
        "col": 27,
        "dominant_nbs": null,
        "dominant_nbs_score": null,
        "uhi_built_up": false,
        "shade_deficit": false,
        "high_daytime_lst": true,
        "limited_nocturnal_cooling": false,
        "high_social_exposure": false,
        "heat_mechanism_type": "high_daytime_lst",
        "heat_mechanism_code": 3,
        "heat_score": 0.3445328176021576,
        "heat_risk_score": 0.15154795348644257,
        "hazard_valid": true,
        "is_interpolated": false
      },
      "geometry": {
        "type": "Polygon",
        "coordinates": [
          [
            [
              -93.25595421775063,
              44.88855522206253
            ],
            [
              -93.25595421775063,
              44.890801
            ],
            [
              -93.25819999568812,
              44.890801
            ],
            [
              -93.25819999568812,
              44.88855522206253
            ],
            [
              -93.25595421775063,
              44.88855522206253
            ]
          ]
        ]
      }
    },
    {
      "id": "28",
      "type": "Feature",
      "properties": {
        "cell_id": "r0_c28",
        "row": 0,
        "col": 28,
        "dominant_nbs": null,
        "dominant_nbs_score": null,
        "uhi_built_up": true,
        "shade_deficit": false,
        "high_daytime_lst": true,
        "limited_nocturnal_cooling": false,
        "high_social_exposure": false,
        "heat_mechanism_type": "uhi_built_up",
        "heat_mechanism_code": 1,
        "heat_score": 0.34932318329811096,
        "heat_risk_score": 0.1522471010684967,
        "hazard_valid": true,
        "is_interpolated": false
      },
      "geometry": {
        "type": "Polygon",
        "coordinates": [
          [
            [
              -93.25370843981315,
              44.88855522206253
            ],
            [
              -93.25370843981315,
              44.890801
            ],
            [
              -93.25595421775063,
              44.890801
            ],
            [
              -93.25595421775063,
              44.88855522206253
            ],
            [
              -93.25370843981315,
              44.88855522206253
            ]
          ]
        ]
      }
    },
    {
      "id": "29",
      "type": "Feature",
      "properties": {
        "cell_id": "r0_c29",
        "row": 0,
        "col": 29,
        "dominant_nbs": null,
        "dominant_nbs_score": null,
        "uhi_built_up": false,
        "shade_deficit": true,
        "high_daytime_lst": true,
        "limited_nocturnal_cooling": false,
        "high_social_exposure": false,
        "heat_mechanism_type": "mixed",
        "heat_mechanism_code": 6,
        "heat_score": 0.3540619909763336,
        "heat_risk_score": 0.15293245017528534,
        "hazard_valid": true,
        "is_interpolated": false
      },
      "geometry": {
        "type": "Polygon",
        "coordinates": [
          [
            [
              -93.25146266187568,
              44.88855522206253
            ],
            [
              -93.25146266187568,
              44.890801
            ],
            [
              -93.25370843981315,
              44.890801
            ],
            [
              -93.25370843981315,
              44.88855522206253
            ],
            [
              -93.25146266187568,
              44.88855522206253
            ]
          ]
        ]
      }
    },
    {
      "id": "30",
      "type": "Feature",
      "properties": {
        "cell_id": "r0_c30",
        "row": 0,
        "col": 30,
        "dominant_nbs": null,
        "dominant_nbs_score": null,
        "uhi_built_up": false,
        "shade_deficit": false,
        "high_daytime_lst": true,
        "limited_nocturnal_cooling": false,
        "high_social_exposure": false,
        "heat_mechanism_type": "high_daytime_lst",
        "heat_mechanism_code": 3,
        "heat_score": 0.3646876811981201,
        "heat_risk_score": 0.1544472724199295,
        "hazard_valid": true,
        "is_interpolated": false
      },
      "geometry": {
        "type": "Polygon",
        "coordinates": [
          [
            [
              -93.2492168839382,
              44.88855522206253
            ],
            [
              -93.2492168839382,
              44.890801
            ],
            [
              -93.25146266187568,
              44.890801
            ],
            [
              -93.25146266187568,
              44.88855522206253
            ],
            [
              -93.2492168839382,
              44.88855522206253
            ]
          ]
        ]
      }
    },
    {
      "id": "31",
      "type": "Feature",
      "properties": {
        "cell_id": "r0_c31",
        "row": 0,
        "col": 31,
        "dominant_nbs": null,
        "dominant_nbs_score": null,
        "uhi_built_up": false,
        "shade_deficit": false,
        "high_daytime_lst": true,
        "limited_nocturnal_cooling": false,
        "high_social_exposure": false,
        "heat_mechanism_type": "high_daytime_lst",
        "heat_mechanism_code": 3,
        "heat_score": 0.398782342672348,
        "heat_risk_score": 0.1591177135705948,
        "hazard_valid": true,
        "is_interpolated": false
      },
      "geometry": {
        "type": "Polygon",
        "coordinates": [
          [
            [
              -93.24697110600073,
              44.88855522206253
            ],
            [
              -93.24697110600073,
              44.890801
            ],
            [
              -93.2492168839382,
              44.890801
            ],
            [
              -93.2492168839382,
              44.88855522206253
            ],
            [
              -93.24697110600073,
              44.88855522206253
            ]
          ]
        ]
      }
    },
    {
      "id": "32",
      "type": "Feature",
      "properties": {
        "cell_id": "r1_c0",
        "row": 1,
        "col": 0,
        "dominant_nbs": null,
        "dominant_nbs_score": null,
        "uhi_built_up": false,
        "shade_deficit": false,
        "high_daytime_lst": true,
        "limited_nocturnal_cooling": false,
        "high_social_exposure": false,
        "heat_mechanism_type": "high_daytime_lst",
        "heat_mechanism_code": 3,
        "heat_score": 0.5332165360450745,
        "heat_risk_score": 0.2541747987270355,
        "hazard_valid": true,
        "is_interpolated": false
      },
      "geometry": {
        "type": "Polygon",
        "coordinates": [
          [
            [
              -93.31659022206253,
              44.88630944412505
            ],
            [
              -93.31659022206253,
              44.88855522206253
            ],
            [
              -93.318836,
              44.88855522206253
            ],
            [
              -93.318836,
              44.88630944412505
            ],
            [
              -93.31659022206253,
              44.88630944412505
            ]
          ]
        ]
      }
    },
    {
      "id": "33",
      "type": "Feature",
      "properties": {
        "cell_id": "r1_c1",
        "row": 1,
        "col": 1,
        "dominant_nbs": null,
        "dominant_nbs_score": null,
        "uhi_built_up": false,
        "shade_deficit": false,
        "high_daytime_lst": true,
        "limited_nocturnal_cooling": false,
        "high_social_exposure": false,
        "heat_mechanism_type": "high_daytime_lst",
        "heat_mechanism_code": 3,
        "heat_score": 0.5601704120635986,
        "heat_risk_score": 0.25838741660118103,
        "hazard_valid": true,
        "is_interpolated": false
      },
      "geometry": {
        "type": "Polygon",
        "coordinates": [
          [
            [
              -93.31434444412506,
              44.88630944412505
            ],
            [
              -93.31434444412506,
              44.88855522206253
            ],
            [
              -93.31659022206253,
              44.88855522206253
            ],
            [
              -93.31659022206253,
              44.88630944412505
            ],
            [
              -93.31434444412506,
              44.88630944412505
            ]
          ]
        ]
      }
    },
    {
      "id": "34",
      "type": "Feature",
      "properties": {
        "cell_id": "r1_c2",
        "row": 1,
        "col": 2,
        "dominant_nbs": null,
        "dominant_nbs_score": null,
        "uhi_built_up": false,
        "shade_deficit": true,
        "high_daytime_lst": true,
        "limited_nocturnal_cooling": false,
        "high_social_exposure": false,
        "heat_mechanism_type": "mixed",
        "heat_mechanism_code": 6,
        "heat_score": 0.5898504257202148,
        "heat_risk_score": 0.2628725469112396,
        "hazard_valid": true,
        "is_interpolated": false
      },
      "geometry": {
        "type": "Polygon",
        "coordinates": [
          [
            [
              -93.31209866618757,
              44.88630944412505
            ],
            [
              -93.31209866618757,
              44.88855522206253
            ],
            [
              -93.31434444412506,
              44.88855522206253
            ],
            [
              -93.31434444412506,
              44.88630944412505
            ],
            [
              -93.31209866618757,
              44.88630944412505
            ]
          ]
        ]
      }
    },
    {
      "id": "35",
      "type": "Feature",
      "properties": {
        "cell_id": "r1_c3",
        "row": 1,
        "col": 3,
        "dominant_nbs": null,
        "dominant_nbs_score": null,
        "uhi_built_up": false,
        "shade_deficit": true,
        "high_daytime_lst": true,
        "limited_nocturnal_cooling": false,
        "high_social_exposure": false,
        "heat_mechanism_type": "mixed",
        "heat_mechanism_code": 6,
        "heat_score": 0.6028998494148254,
        "heat_risk_score": 0.2647969722747803,
        "hazard_valid": true,
        "is_interpolated": false
      },
      "geometry": {
        "type": "Polygon",
        "coordinates": [
          [
            [
              -93.30985288825009,
              44.88630944412505
            ],
            [
              -93.30985288825009,
              44.88855522206253
            ],
            [
              -93.31209866618757,
              44.88855522206253
            ],
            [
              -93.31209866618757,
              44.88630944412505
            ],
            [
              -93.30985288825009,
              44.88630944412505
            ]
          ]
        ]
      }
    },
    {
      "id": "36",
      "type": "Feature",
      "properties": {
        "cell_id": "r1_c4",
        "row": 1,
        "col": 4,
        "dominant_nbs": null,
        "dominant_nbs_score": null,
        "uhi_built_up": true,
        "shade_deficit": false,
        "high_daytime_lst": true,
        "limited_nocturnal_cooling": false,
        "high_social_exposure": false,
        "heat_mechanism_type": "mixed",
        "heat_mechanism_code": 6,
        "heat_score": 0.6050502061843872,
        "heat_risk_score": 0.26511141657829285,
        "hazard_valid": true,
        "is_interpolated": false
      },
      "geometry": {
        "type": "Polygon",
        "coordinates": [
          [
            [
              -93.30760711031262,
              44.88630944412505
            ],
            [
              -93.30760711031262,
              44.88855522206253
            ],
            [
              -93.30985288825009,
              44.88855522206253
            ],
            [
              -93.30985288825009,
              44.88630944412505
            ],
            [
              -93.30760711031262,
              44.88630944412505
            ]
          ]
        ]
      }
    },
    {
      "id": "37",
      "type": "Feature",
      "properties": {
        "cell_id": "r1_c5",
        "row": 1,
        "col": 5,
        "dominant_nbs": null,
        "dominant_nbs_score": null,
        "uhi_built_up": false,
        "shade_deficit": false,
        "high_daytime_lst": true,
        "limited_nocturnal_cooling": false,
        "high_social_exposure": false,
        "heat_mechanism_type": "high_daytime_lst",
        "heat_mechanism_code": 3,
        "heat_score": 0.5339762568473816,
        "heat_risk_score": 0.30054596066474915,
        "hazard_valid": true,
        "is_interpolated": false
      },
      "geometry": {
        "type": "Polygon",
        "coordinates": [
          [
            [
              -93.30536133237514,
              44.88630944412505
            ],
            [
              -93.30536133237514,
              44.88855522206253
            ],
            [
              -93.30760711031262,
              44.88855522206253
            ],
            [
              -93.30760711031262,
              44.88630944412505
            ],
            [
              -93.30536133237514,
              44.88630944412505
            ]
          ]
        ]
      }
    },
    {
      "id": "38",
      "type": "Feature",
      "properties": {
        "cell_id": "r1_c6",
        "row": 1,
        "col": 6,
        "dominant_nbs": null,
        "dominant_nbs_score": null,
        "uhi_built_up": false,
        "shade_deficit": false,
        "high_daytime_lst": true,
        "limited_nocturnal_cooling": false,
        "high_social_exposure": false,
        "heat_mechanism_type": "high_daytime_lst",
        "heat_mechanism_code": 3,
        "heat_score": 0.5022519826889038,
        "heat_risk_score": 0.2944720983505249,
        "hazard_valid": true,
        "is_interpolated": false
      },
      "geometry": {
        "type": "Polygon",
        "coordinates": [
          [
            [
              -93.30311555443767,
              44.88630944412505
            ],
            [
              -93.30311555443767,
              44.88855522206253
            ],
            [
              -93.30536133237514,
              44.88855522206253
            ],
            [
              -93.30536133237514,
              44.88630944412505
            ],
            [
              -93.30311555443767,
              44.88630944412505
            ]
          ]
        ]
      }
    },
    {
      "id": "39",
      "type": "Feature",
      "properties": {
        "cell_id": "r1_c7",
        "row": 1,
        "col": 7,
        "dominant_nbs": null,
        "dominant_nbs_score": null,
        "uhi_built_up": false,
        "shade_deficit": true,
        "high_daytime_lst": true,
        "limited_nocturnal_cooling": false,
        "high_social_exposure": false,
        "heat_mechanism_type": "high_daytime_lst",
        "heat_mechanism_code": 3,
        "heat_score": 0.5159814953804016,
        "heat_risk_score": 0.297131210565567,
        "hazard_valid": true,
        "is_interpolated": false
      },
      "geometry": {
        "type": "Polygon",
        "coordinates": [
          [
            [
              -93.30086977650018,
              44.88630944412505
            ],
            [
              -93.30086977650018,
              44.88855522206253
            ],
            [
              -93.30311555443767,
              44.88855522206253
            ],
            [
              -93.30311555443767,
              44.88630944412505
            ],
            [
              -93.30086977650018,
              44.88630944412505
            ]
          ]
        ]
      }
    },
    {
      "id": "40",
      "type": "Feature",
      "properties": {
        "cell_id": "r1_c8",
        "row": 1,
        "col": 8,
        "dominant_nbs": null,
        "dominant_nbs_score": null,
        "uhi_built_up": true,
        "shade_deficit": true,
        "high_daytime_lst": true,
        "limited_nocturnal_cooling": false,
        "high_social_exposure": false,
        "heat_mechanism_type": "mixed",
        "heat_mechanism_code": 6,
        "heat_score": 0.5328246355056763,
        "heat_risk_score": 0.21905556321144104,
        "hazard_valid": true,
        "is_interpolated": false
      },
      "geometry": {
        "type": "Polygon",
        "coordinates": [
          [
            [
              -93.2986239985627,
              44.88630944412505
            ],
            [
              -93.2986239985627,
              44.88855522206253
            ],
            [
              -93.30086977650018,
              44.88855522206253
            ],
            [
              -93.30086977650018,
              44.88630944412505
            ],
            [
              -93.2986239985627,
              44.88630944412505
            ]
          ]
        ]
      }
    },
    {
      "id": "41",
      "type": "Feature",
      "properties": {
        "cell_id": "r1_c9",
        "row": 1,
        "col": 9,
        "dominant_nbs": null,
        "dominant_nbs_score": null,
        "uhi_built_up": false,
        "shade_deficit": false,
        "high_daytime_lst": true,
        "limited_nocturnal_cooling": false,
        "high_social_exposure": false,
        "heat_mechanism_type": "high_daytime_lst",
        "heat_mechanism_code": 3,
        "heat_score": 0.5978531837463379,
        "heat_risk_score": 0.22762730717658997,
        "hazard_valid": true,
        "is_interpolated": false
      },
      "geometry": {
        "type": "Polygon",
        "coordinates": [
          [
            [
              -93.29637822062523,
              44.88630944412505
            ],
            [
              -93.29637822062523,
              44.88855522206253
            ],
            [
              -93.2986239985627,
              44.88855522206253
            ],
            [
              -93.2986239985627,
              44.88630944412505
            ],
            [
              -93.29637822062523,
              44.88630944412505
            ]
          ]
        ]
      }
    },
    {
      "id": "42",
      "type": "Feature",
      "properties": {
        "cell_id": "r1_c10",
        "row": 1,
        "col": 10,
        "dominant_nbs": null,
        "dominant_nbs_score": null,
        "uhi_built_up": false,
        "shade_deficit": false,
        "high_daytime_lst": true,
        "limited_nocturnal_cooling": false,
        "high_social_exposure": true,
        "heat_mechanism_type": "high_daytime_lst",
        "heat_mechanism_code": 3,
        "heat_score": 0.586094319820404,
        "heat_risk_score": 0.4941994249820709,
        "hazard_valid": true,
        "is_interpolated": false
      },
      "geometry": {
        "type": "Polygon",
        "coordinates": [
          [
            [
              -93.29413244268775,
              44.88630944412505
            ],
            [
              -93.29413244268775,
              44.88855522206253
            ],
            [
              -93.29637822062523,
              44.88855522206253
            ],
            [
              -93.29637822062523,
              44.88630944412505
            ],
            [
              -93.29413244268775,
              44.88630944412505
            ]
          ]
        ]
      }
    },
    {
      "id": "43",
      "type": "Feature",
      "properties": {
        "cell_id": "r1_c11",
        "row": 1,
        "col": 11,
        "dominant_nbs": null,
        "dominant_nbs_score": null,
        "uhi_built_up": false,
        "shade_deficit": true,
        "high_daytime_lst": true,
        "limited_nocturnal_cooling": false,
        "high_social_exposure": true,
        "heat_mechanism_type": "mixed",
        "heat_mechanism_code": 6,
        "heat_score": 0.5050216317176819,
        "heat_risk_score": 0.4702726900577545,
        "hazard_valid": true,
        "is_interpolated": false
      },
      "geometry": {
        "type": "Polygon",
        "coordinates": [
          [
            [
              -93.29188666475028,
              44.88630944412505
            ],
            [
              -93.29188666475028,
              44.88855522206253
            ],
            [
              -93.29413244268775,
              44.88855522206253
            ],
            [
              -93.29413244268775,
              44.88630944412505
            ],
            [
              -93.29188666475028,
              44.88630944412505
            ]
          ]
        ]
      }
    },
    {
      "id": "44",
      "type": "Feature",
      "properties": {
        "cell_id": "r1_c12",
        "row": 1,
        "col": 12,
        "dominant_nbs": null,
        "dominant_nbs_score": null,
        "uhi_built_up": false,
        "shade_deficit": true,
        "high_daytime_lst": true,
        "limited_nocturnal_cooling": false,
        "high_social_exposure": true,
        "heat_mechanism_type": "high_daytime_lst",
        "heat_mechanism_code": 3,
        "heat_score": 0.5196473598480225,
        "heat_risk_score": 0.47476932406425476,
        "hazard_valid": true,
        "is_interpolated": false
      },
      "geometry": {
        "type": "Polygon",
        "coordinates": [
          [
            [
              -93.28964088681279,
              44.88630944412505
            ],
            [
              -93.28964088681279,
              44.88855522206253
            ],
            [
              -93.29188666475028,
              44.88855522206253
            ],
            [
              -93.29188666475028,
              44.88630944412505
            ],
            [
              -93.28964088681279,
              44.88630944412505
            ]
          ]
        ]
      }
    },
    {
      "id": "45",
      "type": "Feature",
      "properties": {
        "cell_id": "r1_c13",
        "row": 1,
        "col": 13,
        "dominant_nbs": null,
        "dominant_nbs_score": null,
        "uhi_built_up": false,
        "shade_deficit": false,
        "high_daytime_lst": true,
        "limited_nocturnal_cooling": false,
        "high_social_exposure": true,
        "heat_mechanism_type": "high_daytime_lst",
        "heat_mechanism_code": 3,
        "heat_score": 0.5958751440048218,
        "heat_risk_score": 0.4969334006309509,
        "hazard_valid": true,
        "is_interpolated": false
      },
      "geometry": {
        "type": "Polygon",
        "coordinates": [
          [
            [
              -93.28739510887532,
              44.88630944412505
            ],
            [
              -93.28739510887532,
              44.88855522206253
            ],
            [
              -93.28964088681279,
              44.88855522206253
            ],
            [
              -93.28964088681279,
              44.88630944412505
            ],
            [
              -93.28739510887532,
              44.88630944412505
            ]
          ]
        ]
      }
    },
    {
      "id": "46",
      "type": "Feature",
      "properties": {
        "cell_id": "r1_c14",
        "row": 1,
        "col": 14,
        "dominant_nbs": null,
        "dominant_nbs_score": null,
        "uhi_built_up": false,
        "shade_deficit": false,
        "high_daytime_lst": true,
        "limited_nocturnal_cooling": false,
        "high_social_exposure": false,
        "heat_mechanism_type": "high_daytime_lst",
        "heat_mechanism_code": 3,
        "heat_score": 0.5999621152877808,
        "heat_risk_score": 0.2813470959663391,
        "hazard_valid": true,
        "is_interpolated": false
      },
      "geometry": {
        "type": "Polygon",
        "coordinates": [
          [
            [
              -93.28514933093784,
              44.88630944412505
            ],
            [
              -93.28514933093784,
              44.88855522206253
            ],
            [
              -93.28739510887532,
              44.88855522206253
            ],
            [
              -93.28739510887532,
              44.88630944412505
            ],
            [
              -93.28514933093784,
              44.88630944412505
            ]
          ]
        ]
      }
    },
    {
      "id": "47",
      "type": "Feature",
      "properties": {
        "cell_id": "r1_c15",
        "row": 1,
        "col": 15,
        "dominant_nbs": null,
        "dominant_nbs_score": null,
        "uhi_built_up": false,
        "shade_deficit": true,
        "high_daytime_lst": true,
        "limited_nocturnal_cooling": false,
        "high_social_exposure": false,
        "heat_mechanism_type": "high_daytime_lst",
        "heat_mechanism_code": 3,
        "heat_score": 0.5752586126327515,
        "heat_risk_score": 0.27743133902549744,
        "hazard_valid": true,
        "is_interpolated": false
      },
      "geometry": {
        "type": "Polygon",
        "coordinates": [
          [
            [
              -93.28290355300037,
              44.88630944412505
            ],
            [
              -93.28290355300037,
              44.88855522206253
            ],
            [
              -93.28514933093784,
              44.88855522206253
            ],
            [
              -93.28514933093784,
              44.88630944412505
            ],
            [
              -93.28290355300037,
              44.88630944412505
            ]
          ]
        ]
      }
    },
    {
      "id": "48",
      "type": "Feature",
      "properties": {
        "cell_id": "r1_c16",
        "row": 1,
        "col": 16,
        "dominant_nbs": null,
        "dominant_nbs_score": null,
        "uhi_built_up": false,
        "shade_deficit": true,
        "high_daytime_lst": true,
        "limited_nocturnal_cooling": false,
        "high_social_exposure": false,
        "heat_mechanism_type": "high_daytime_lst",
        "heat_mechanism_code": 3,
        "heat_score": 0.5706139802932739,
        "heat_risk_score": 0.27668267488479614,
        "hazard_valid": true,
        "is_interpolated": false
      },
      "geometry": {
        "type": "Polygon",
        "coordinates": [
          [
            [
              -93.28065777506289,
              44.88630944412505
            ],
            [
              -93.28065777506289,
              44.88855522206253
            ],
            [
              -93.28290355300037,
              44.88855522206253
            ],
            [
              -93.28290355300037,
              44.88630944412505
            ],
            [
              -93.28065777506289,
              44.88630944412505
            ]
          ]
        ]
      }
    },
    {
      "id": "49",
      "type": "Feature",
      "properties": {
        "cell_id": "r1_c17",
        "row": 1,
        "col": 17,
        "dominant_nbs": null,
        "dominant_nbs_score": null,
        "uhi_built_up": false,
        "shade_deficit": true,
        "high_daytime_lst": true,
        "limited_nocturnal_cooling": false,
        "high_social_exposure": false,
        "heat_mechanism_type": "high_daytime_lst",
        "heat_mechanism_code": 3,
        "heat_score": 0.5904386043548584,
        "heat_risk_score": 0.27985048294067383,
        "hazard_valid": true,
        "is_interpolated": false
      },
      "geometry": {
        "type": "Polygon",
        "coordinates": [
          [
            [
              -93.2784119971254,
              44.88630944412505
            ],
            [
              -93.2784119971254,
              44.88855522206253
            ],
            [
              -93.28065777506289,
              44.88855522206253
            ],
            [
              -93.28065777506289,
              44.88630944412505
            ],
            [
              -93.2784119971254,
              44.88630944412505
            ]
          ]
        ]
      }
    },
    {
      "id": "50",
      "type": "Feature",
      "properties": {
        "cell_id": "r1_c18",
        "row": 1,
        "col": 18,
        "dominant_nbs": null,
        "dominant_nbs_score": null,
        "uhi_built_up": false,
        "shade_deficit": true,
        "high_daytime_lst": true,
        "limited_nocturnal_cooling": false,
        "high_social_exposure": false,
        "heat_mechanism_type": "high_daytime_lst",
        "heat_mechanism_code": 3,
        "heat_score": 0.5907585024833679,
        "heat_risk_score": 0.27990102767944336,
        "hazard_valid": true,
        "is_interpolated": false
      },
      "geometry": {
        "type": "Polygon",
        "coordinates": [
          [
            [
              -93.27616621918793,
              44.88630944412505
            ],
            [
              -93.27616621918793,
              44.88855522206253
            ],
            [
              -93.2784119971254,
              44.88855522206253
            ],
            [
              -93.2784119971254,
              44.88630944412505
            ],
            [
              -93.27616621918793,
              44.88630944412505
            ]
          ]
        ]
      }
    },
    {
      "id": "51",
      "type": "Feature",
      "properties": {
        "cell_id": "r1_c19",
        "row": 1,
        "col": 19,
        "dominant_nbs": null,
        "dominant_nbs_score": null,
        "uhi_built_up": false,
        "shade_deficit": false,
        "high_daytime_lst": true,
        "limited_nocturnal_cooling": false,
        "high_social_exposure": false,
        "heat_mechanism_type": "high_daytime_lst",
        "heat_mechanism_code": 3,
        "heat_score": 0.5471477508544922,
        "heat_risk_score": 0.2728366553783417,
        "hazard_valid": true,
        "is_interpolated": false
      },
      "geometry": {
        "type": "Polygon",
        "coordinates": [
          [
            [
              -93.27392044125045,
              44.88630944412505
            ],
            [
              -93.27392044125045,
              44.88855522206253
            ],
            [
              -93.27616621918793,
              44.88855522206253
            ],
            [
              -93.27616621918793,
              44.88630944412505
            ],
            [
              -93.27392044125045,
              44.88630944412505
            ]
          ]
        ]
      }
    },
    {
      "id": "52",
      "type": "Feature",
      "properties": {
        "cell_id": "r1_c20",
        "row": 1,
        "col": 20,
        "dominant_nbs": null,
        "dominant_nbs_score": null,
        "uhi_built_up": false,
        "shade_deficit": false,
        "high_daytime_lst": true,
        "limited_nocturnal_cooling": false,
        "high_social_exposure": false,
        "heat_mechanism_type": "high_daytime_lst",
        "heat_mechanism_code": 3,
        "heat_score": 0.540795087814331,
        "heat_risk_score": 0.0,
        "hazard_valid": true,
        "is_interpolated": false
      },
      "geometry": {
        "type": "Polygon",
        "coordinates": [
          [
            [
              -93.27167466331298,
              44.88630944412505
            ],
            [
              -93.27167466331298,
              44.88855522206253
            ],
            [
              -93.27392044125045,
              44.88855522206253
            ],
            [
              -93.27392044125045,
              44.88630944412505
            ],
            [
              -93.27167466331298,
              44.88630944412505
            ]
          ]
        ]
      }
    },
    {
      "id": "53",
      "type": "Feature",
      "properties": {
        "cell_id": "r1_c21",
        "row": 1,
        "col": 21,
        "dominant_nbs": null,
        "dominant_nbs_score": null,
        "uhi_built_up": true,
        "shade_deficit": true,
        "high_daytime_lst": true,
        "limited_nocturnal_cooling": false,
        "high_social_exposure": false,
        "heat_mechanism_type": "mixed",
        "heat_mechanism_code": 6,
        "heat_score": 0.541251003742218,
        "heat_risk_score": 0.0,
        "hazard_valid": true,
        "is_interpolated": false
      },
      "geometry": {
        "type": "Polygon",
        "coordinates": [
          [
            [
              -93.2694288853755,
              44.88630944412505
            ],
            [
              -93.2694288853755,
              44.88855522206253
            ],
            [
              -93.27167466331298,
              44.88855522206253
            ],
            [
              -93.27167466331298,
              44.88630944412505
            ],
            [
              -93.2694288853755,
              44.88630944412505
            ]
          ]
        ]
      }
    },
    {
      "id": "54",
      "type": "Feature",
      "properties": {
        "cell_id": "r1_c22",
        "row": 1,
        "col": 22,
        "dominant_nbs": null,
        "dominant_nbs_score": null,
        "uhi_built_up": false,
        "shade_deficit": true,
        "high_daytime_lst": true,
        "limited_nocturnal_cooling": false,
        "high_social_exposure": false,
        "heat_mechanism_type": "high_daytime_lst",
        "heat_mechanism_code": 3,
        "heat_score": 0.5757529139518738,
        "heat_risk_score": 0.0,
        "hazard_valid": true,
        "is_interpolated": false
      },
      "geometry": {
        "type": "Polygon",
        "coordinates": [
          [
            [
              -93.26718310743802,
              44.88630944412505
            ],
            [
              -93.26718310743802,
              44.88855522206253
            ],
            [
              -93.2694288853755,
              44.88855522206253
            ],
            [
              -93.2694288853755,
              44.88630944412505
            ],
            [
              -93.26718310743802,
              44.88630944412505
            ]
          ]
        ]
      }
    },
    {
      "id": "55",
      "type": "Feature",
      "properties": {
        "cell_id": "r1_c23",
        "row": 1,
        "col": 23,
        "dominant_nbs": null,
        "dominant_nbs_score": null,
        "uhi_built_up": false,
        "shade_deficit": false,
        "high_daytime_lst": true,
        "limited_nocturnal_cooling": false,
        "high_social_exposure": false,
        "heat_mechanism_type": "high_daytime_lst",
        "heat_mechanism_code": 3,
        "heat_score": 0.5525117516517639,
        "heat_risk_score": 0.0,
        "hazard_valid": true,
        "is_interpolated": false
      },
      "geometry": {
        "type": "Polygon",
        "coordinates": [
          [
            [
              -93.26493732950054,
              44.88630944412505
            ],
            [
              -93.26493732950054,
              44.88855522206253
            ],
            [
              -93.26718310743802,
              44.88855522206253
            ],
            [
              -93.26718310743802,
              44.88630944412505
            ],
            [
              -93.26493732950054,
              44.88630944412505
            ]
          ]
        ]
      }
    },
    {
      "id": "56",
      "type": "Feature",
      "properties": {
        "cell_id": "r1_c24",
        "row": 1,
        "col": 24,
        "dominant_nbs": null,
        "dominant_nbs_score": null,
        "uhi_built_up": false,
        "shade_deficit": true,
        "high_daytime_lst": true,
        "limited_nocturnal_cooling": false,
        "high_social_exposure": false,
        "heat_mechanism_type": "shade_deficit",
        "heat_mechanism_code": 2,
        "heat_score": 0.45182573795318604,
        "heat_risk_score": 0.0,
        "hazard_valid": true,
        "is_interpolated": false
      },
      "geometry": {
        "type": "Polygon",
        "coordinates": [
          [
            [
              -93.26269155156307,
              44.88630944412505
            ],
            [
              -93.26269155156307,
              44.88855522206253
            ],
            [
              -93.26493732950054,
              44.88855522206253
            ],
            [
              -93.26493732950054,
              44.88630944412505
            ],
            [
              -93.26269155156307,
              44.88630944412505
            ]
          ]
        ]
      }
    },
    {
      "id": "57",
      "type": "Feature",
      "properties": {
        "cell_id": "r1_c25",
        "row": 1,
        "col": 25,
        "dominant_nbs": null,
        "dominant_nbs_score": null,
        "uhi_built_up": false,
        "shade_deficit": false,
        "high_daytime_lst": true,
        "limited_nocturnal_cooling": false,
        "high_social_exposure": false,
        "heat_mechanism_type": "high_daytime_lst",
        "heat_mechanism_code": 3,
        "heat_score": 0.4110879898071289,
        "heat_risk_score": 0.0,
        "hazard_valid": true,
        "is_interpolated": false
      },
      "geometry": {
        "type": "Polygon",
        "coordinates": [
          [
            [
              -93.26044577362559,
              44.88630944412505
            ],
            [
              -93.26044577362559,
              44.88855522206253
            ],
            [
              -93.26269155156307,
              44.88855522206253
            ],
            [
              -93.26269155156307,
              44.88630944412505
            ],
            [
              -93.26044577362559,
              44.88630944412505
            ]
          ]
        ]
      }
    },
    {
      "id": "58",
      "type": "Feature",
      "properties": {
        "cell_id": "r1_c26",
        "row": 1,
        "col": 26,
        "dominant_nbs": null,
        "dominant_nbs_score": null,
        "uhi_built_up": false,
        "shade_deficit": false,
        "high_daytime_lst": true,
        "limited_nocturnal_cooling": false,
        "high_social_exposure": false,
        "heat_mechanism_type": "high_daytime_lst",
        "heat_mechanism_code": 3,
        "heat_score": 0.4958724081516266,
        "heat_risk_score": 0.0,
        "hazard_valid": true,
        "is_interpolated": false
      },
      "geometry": {
        "type": "Polygon",
        "coordinates": [
          [
            [
              -93.25819999568812,
              44.88630944412505
            ],
            [
              -93.25819999568812,
              44.88855522206253
            ],
            [
              -93.26044577362559,
              44.88855522206253
            ],
            [
              -93.26044577362559,
              44.88630944412505
            ],
            [
              -93.25819999568812,
              44.88630944412505
            ]
          ]
        ]
      }
    },
    {
      "id": "59",
      "type": "Feature",
      "properties": {
        "cell_id": "r1_c27",
        "row": 1,
        "col": 27,
        "dominant_nbs": null,
        "dominant_nbs_score": null,
        "uhi_built_up": false,
        "shade_deficit": true,
        "high_daytime_lst": true,
        "limited_nocturnal_cooling": false,
        "high_social_exposure": false,
        "heat_mechanism_type": "high_daytime_lst",
        "heat_mechanism_code": 3,
        "heat_score": 0.5432531833648682,
        "heat_risk_score": 0.17639000713825226,
        "hazard_valid": true,
        "is_interpolated": false
      },
      "geometry": {
        "type": "Polygon",
        "coordinates": [
          [
            [
              -93.25595421775063,
              44.88630944412505
            ],
            [
              -93.25595421775063,
              44.88855522206253
            ],
            [
              -93.25819999568812,
              44.88855522206253
            ],
            [
              -93.25819999568812,
              44.88630944412505
            ],
            [
              -93.25595421775063,
              44.88630944412505
            ]
          ]
        ]
      }
    },
    {
      "id": "60",
      "type": "Feature",
      "properties": {
        "cell_id": "r1_c28",
        "row": 1,
        "col": 28,
        "dominant_nbs": null,
        "dominant_nbs_score": null,
        "uhi_built_up": true,
        "shade_deficit": true,
        "high_daytime_lst": true,
        "limited_nocturnal_cooling": false,
        "high_social_exposure": false,
        "heat_mechanism_type": "mixed",
        "heat_mechanism_code": 6,
        "heat_score": 0.5436069369316101,
        "heat_risk_score": 0.17642828822135925,
        "hazard_valid": true,
        "is_interpolated": false
      },
      "geometry": {
        "type": "Polygon",
        "coordinates": [
          [
            [
              -93.25370843981315,
              44.88630944412505
            ],
            [
              -93.25370843981315,
              44.88855522206253
            ],
            [
              -93.25595421775063,
              44.88855522206253
            ],
            [
              -93.25595421775063,
              44.88630944412505
            ],
            [
              -93.25370843981315,
              44.88630944412505
            ]
          ]
        ]
      }
    },
    {
      "id": "61",
      "type": "Feature",
      "properties": {
        "cell_id": "r1_c29",
        "row": 1,
        "col": 29,
        "dominant_nbs": null,
        "dominant_nbs_score": null,
        "uhi_built_up": true,
        "shade_deficit": true,
        "high_daytime_lst": true,
        "limited_nocturnal_cooling": false,
        "high_social_exposure": false,
        "heat_mechanism_type": "mixed",
        "heat_mechanism_code": 6,
        "heat_score": 0.4854079782962799,
        "heat_risk_score": 0.16989301145076752,
        "hazard_valid": true,
        "is_interpolated": false
      },
      "geometry": {
        "type": "Polygon",
        "coordinates": [
          [
            [
              -93.25146266187568,
              44.88630944412505
            ],
            [
              -93.25146266187568,
              44.88855522206253
            ],
            [
              -93.25370843981315,
              44.88855522206253
            ],
            [
              -93.25370843981315,
              44.88630944412505
            ],
            [
              -93.25146266187568,
              44.88630944412505
            ]
          ]
        ]
      }
    },
    {
      "id": "62",
      "type": "Feature",
      "properties": {
        "cell_id": "r1_c30",
        "row": 1,
        "col": 30,
        "dominant_nbs": null,
        "dominant_nbs_score": null,
        "uhi_built_up": false,
        "shade_deficit": false,
        "high_daytime_lst": true,
        "limited_nocturnal_cooling": false,
        "high_social_exposure": false,
        "heat_mechanism_type": "high_daytime_lst",
        "heat_mechanism_code": 3,
        "heat_score": 0.5278945565223694,
        "heat_risk_score": 0.17471180856227875,
        "hazard_valid": true,
        "is_interpolated": false
      },
      "geometry": {
        "type": "Polygon",
        "coordinates": [
          [
            [
              -93.2492168839382,
              44.88630944412505
            ],
            [
              -93.2492168839382,
              44.88855522206253
            ],
            [
              -93.25146266187568,
              44.88855522206253
            ],
            [
              -93.25146266187568,
              44.88630944412505
            ],
            [
              -93.2492168839382,
              44.88630944412505
            ]
          ]
        ]
      }
    },
    {
      "id": "63",
      "type": "Feature",
      "properties": {
        "cell_id": "r1_c31",
        "row": 1,
        "col": 31,
        "dominant_nbs": null,
        "dominant_nbs_score": null,
        "uhi_built_up": true,
        "shade_deficit": false,
        "high_daytime_lst": true,
        "limited_nocturnal_cooling": false,
        "high_social_exposure": false,
        "heat_mechanism_type": "mixed",
        "heat_mechanism_code": 6,
        "heat_score": 0.5514705777168274,
        "heat_risk_score": 0.1772749274969101,
        "hazard_valid": true,
        "is_interpolated": false
      },
      "geometry": {
        "type": "Polygon",
        "coordinates": [
          [
            [
              -93.24697110600073,
              44.88630944412505
            ],
            [
              -93.24697110600073,
              44.88855522206253
            ],
            [
              -93.2492168839382,
              44.88855522206253
            ],
            [
              -93.2492168839382,
              44.88630944412505
            ],
            [
              -93.24697110600073,
              44.88630944412505
            ]
          ]
        ]
      }
    },
    {
      "id": "64",
      "type": "Feature",
      "properties": {
        "cell_id": "r2_c0",
        "row": 2,
        "col": 0,
        "dominant_nbs": null,
        "dominant_nbs_score": null,
        "uhi_built_up": true,
        "shade_deficit": false,
        "high_daytime_lst": true,
        "limited_nocturnal_cooling": false,
        "high_social_exposure": false,
        "heat_mechanism_type": "mixed",
        "heat_mechanism_code": 6,
        "heat_score": 0.6165564656257629,
        "heat_risk_score": 0.26678141951560974,
        "hazard_valid": true,
        "is_interpolated": false
      },
      "geometry": {
        "type": "Polygon",
        "coordinates": [
          [
            [
              -93.31659022206253,
              44.88406366618757
            ],
            [
              -93.31659022206253,
              44.88630944412505
            ],
            [
              -93.318836,
              44.88630944412505
            ],
            [
              -93.318836,
              44.88406366618757
            ],
            [
              -93.31659022206253,
              44.88406366618757
            ]
          ]
        ]
      }
    },
    {
      "id": "65",
      "type": "Feature",
      "properties": {
        "cell_id": "r2_c1",
        "row": 2,
        "col": 1,
        "dominant_nbs": null,
        "dominant_nbs_score": null,
        "uhi_built_up": false,
        "shade_deficit": false,
        "high_daytime_lst": true,
        "limited_nocturnal_cooling": false,
        "high_social_exposure": false,
        "heat_mechanism_type": "high_daytime_lst",
        "heat_mechanism_code": 3,
        "heat_score": 0.5738130211830139,
        "heat_risk_score": 0.2604682445526123,
        "hazard_valid": true,
        "is_interpolated": false
      },
      "geometry": {
        "type": "Polygon",
        "coordinates": [
          [
            [
              -93.31434444412506,
              44.88406366618757
            ],
            [
              -93.31434444412506,
              44.88630944412505
            ],
            [
              -93.31659022206253,
              44.88630944412505
            ],
            [
              -93.31659022206253,
              44.88406366618757
            ],
            [
              -93.31434444412506,
              44.88406366618757
            ]
          ]
        ]
      }
    },
    {
      "id": "66",
      "type": "Feature",
      "properties": {
        "cell_id": "r2_c2",
        "row": 2,
        "col": 2,
        "dominant_nbs": null,
        "dominant_nbs_score": null,
        "uhi_built_up": false,
        "shade_deficit": false,
        "high_daytime_lst": true,
        "limited_nocturnal_cooling": false,
        "high_social_exposure": false,
        "heat_mechanism_type": "high_daytime_lst",
        "heat_mechanism_code": 3,
        "heat_score": 0.5495333075523376,
        "heat_risk_score": 0.2567414343357086,
        "hazard_valid": true,
        "is_interpolated": false
      },
      "geometry": {
        "type": "Polygon",
        "coordinates": [
          [
            [
              -93.31209866618757,
              44.88406366618757
            ],
            [
              -93.31209866618757,
              44.88630944412505
            ],
            [
              -93.31434444412506,
              44.88630944412505
            ],
            [
              -93.31434444412506,
              44.88406366618757
            ],
            [
              -93.31209866618757,
              44.88406366618757
            ]
          ]
        ]
      }
    },
    {
      "id": "67",
      "type": "Feature",
      "properties": {
        "cell_id": "r2_c3",
        "row": 2,
        "col": 3,
        "dominant_nbs": null,
        "dominant_nbs_score": null,
        "uhi_built_up": false,
        "shade_deficit": false,
        "high_daytime_lst": true,
        "limited_nocturnal_cooling": false,
        "high_social_exposure": false,
        "heat_mechanism_type": "high_daytime_lst",
        "heat_mechanism_code": 3,
        "heat_score": 0.5771873593330383,
        "heat_risk_score": 0.2609778046607971,
        "hazard_valid": true,
        "is_interpolated": false
      },
      "geometry": {
        "type": "Polygon",
        "coordinates": [
          [
            [
              -93.30985288825009,
              44.88406366618757
            ],
            [
              -93.30985288825009,
              44.88630944412505
            ],
            [
              -93.31209866618757,
              44.88630944412505
            ],
            [
              -93.31209866618757,
              44.88406366618757
            ],
            [
              -93.30985288825009,
              44.88406366618757
            ]
          ]
        ]
      }
    },
    {
      "id": "68",
      "type": "Feature",
      "properties": {
        "cell_id": "r2_c4",
        "row": 2,
        "col": 4,
        "dominant_nbs": null,
        "dominant_nbs_score": null,
        "uhi_built_up": false,
        "shade_deficit": false,
        "high_daytime_lst": true,
        "limited_nocturnal_cooling": false,
        "high_social_exposure": false,
        "heat_mechanism_type": "high_daytime_lst",
        "heat_mechanism_code": 3,
        "heat_score": 0.6103110909461975,
        "heat_risk_score": 0.2658775746822357,
        "hazard_valid": true,
        "is_interpolated": false
      },
      "geometry": {
        "type": "Polygon",
        "coordinates": [
          [
            [
              -93.30760711031262,
              44.88406366618757
            ],
            [
              -93.30760711031262,
              44.88630944412505
            ],
            [
              -93.30985288825009,
              44.88630944412505
            ],
            [
              -93.30985288825009,
              44.88406366618757
            ],
            [
              -93.30760711031262,
              44.88406366618757
            ]
          ]
        ]
      }
    },
    {
      "id": "69",
      "type": "Feature",
      "properties": {
        "cell_id": "r2_c5",
        "row": 2,
        "col": 5,
        "dominant_nbs": null,
        "dominant_nbs_score": null,
        "uhi_built_up": false,
        "shade_deficit": true,
        "high_daytime_lst": true,
        "limited_nocturnal_cooling": false,
        "high_social_exposure": false,
        "heat_mechanism_type": "mixed",
        "heat_mechanism_code": 6,
        "heat_score": 0.544134795665741,
        "heat_risk_score": 0.3024398982524872,
        "hazard_valid": true,
        "is_interpolated": false
      },
      "geometry": {
        "type": "Polygon",
        "coordinates": [
          [
            [
              -93.30536133237514,
              44.88406366618757
            ],
            [
              -93.30536133237514,
              44.88630944412505
            ],
            [
              -93.30760711031262,
              44.88630944412505
            ],
            [
              -93.30760711031262,
              44.88406366618757
            ],
            [
              -93.30536133237514,
              44.88406366618757
            ]
          ]
        ]
      }
    },
    {
      "id": "70",
      "type": "Feature",
      "properties": {
        "cell_id": "r2_c6",
        "row": 2,
        "col": 6,
        "dominant_nbs": null,
        "dominant_nbs_score": null,
        "uhi_built_up": false,
        "shade_deficit": true,
        "high_daytime_lst": true,
        "limited_nocturnal_cooling": false,
        "high_social_exposure": false,
        "heat_mechanism_type": "high_daytime_lst",
        "heat_mechanism_code": 3,
        "heat_score": 0.5110870003700256,
        "heat_risk_score": 0.29618874192237854,
        "hazard_valid": true,
        "is_interpolated": false
      },
      "geometry": {
        "type": "Polygon",
        "coordinates": [
          [
            [
              -93.30311555443767,
              44.88406366618757
            ],
            [
              -93.30311555443767,
              44.88630944412505
            ],
            [
              -93.30536133237514,
              44.88630944412505
            ],
            [
              -93.30536133237514,
              44.88406366618757
            ],
            [
              -93.30311555443767,
              44.88406366618757
            ]
          ]
        ]
      }
    },
    {
      "id": "71",
      "type": "Feature",
      "properties": {
        "cell_id": "r2_c7",
        "row": 2,
        "col": 7,
        "dominant_nbs": null,
        "dominant_nbs_score": null,
        "uhi_built_up": true,
        "shade_deficit": true,
        "high_daytime_lst": true,
        "limited_nocturnal_cooling": false,
        "high_social_exposure": false,
        "heat_mechanism_type": "uhi_built_up",
        "heat_mechanism_code": 1,
        "heat_score": 0.5115886926651001,
        "heat_risk_score": 0.29628559947013855,
        "hazard_valid": true,
        "is_interpolated": false
      },
      "geometry": {
        "type": "Polygon",
        "coordinates": [
          [
            [
              -93.30086977650018,
              44.88406366618757
            ],
            [
              -93.30086977650018,
              44.88630944412505
            ],
            [
              -93.30311555443767,
              44.88630944412505
            ],
            [
              -93.30311555443767,
              44.88406366618757
            ],
            [
              -93.30086977650018,
              44.88406366618757
            ]
          ]
        ]
      }
    },
    {
      "id": "72",
      "type": "Feature",
      "properties": {
        "cell_id": "r2_c8",
        "row": 2,
        "col": 8,
        "dominant_nbs": null,
        "dominant_nbs_score": null,
        "uhi_built_up": true,
        "shade_deficit": false,
        "high_daytime_lst": true,
        "limited_nocturnal_cooling": false,
        "high_social_exposure": false,
        "heat_mechanism_type": "mixed",
        "heat_mechanism_code": 6,
        "heat_score": 0.5257833003997803,
        "heat_risk_score": 0.2180863320827484,
        "hazard_valid": true,
        "is_interpolated": false
      },
      "geometry": {
        "type": "Polygon",
        "coordinates": [
          [
            [
              -93.2986239985627,
              44.88406366618757
            ],
            [
              -93.2986239985627,
              44.88630944412505
            ],
            [
              -93.30086977650018,
              44.88630944412505
            ],
            [
              -93.30086977650018,
              44.88406366618757
            ],
            [
              -93.2986239985627,
              44.88406366618757
            ]
          ]
        ]
      }
    },
    {
      "id": "73",
      "type": "Feature",
      "properties": {
        "cell_id": "r2_c9",
        "row": 2,
        "col": 9,
        "dominant_nbs": null,
        "dominant_nbs_score": null,
        "uhi_built_up": false,
        "shade_deficit": false,
        "high_daytime_lst": true,
        "limited_nocturnal_cooling": false,
        "high_social_exposure": false,
        "heat_mechanism_type": "high_daytime_lst",
        "heat_mechanism_code": 3,
        "heat_score": 0.5811817049980164,
        "heat_risk_score": 0.2254914939403534,
        "hazard_valid": true,
        "is_interpolated": false
      },
      "geometry": {
        "type": "Polygon",
        "coordinates": [
          [
            [
              -93.29637822062523,
              44.88406366618757
            ],
            [
              -93.29637822062523,
              44.88630944412505
            ],
            [
              -93.2986239985627,
              44.88630944412505
            ],
            [
              -93.2986239985627,
              44.88406366618757
            ],
            [
              -93.29637822062523,
              44.88406366618757
            ]
          ]
        ]
      }
    },
    {
      "id": "74",
      "type": "Feature",
      "properties": {
        "cell_id": "r2_c10",
        "row": 2,
        "col": 10,
        "dominant_nbs": null,
        "dominant_nbs_score": null,
        "uhi_built_up": false,
        "shade_deficit": false,
        "high_daytime_lst": true,
        "limited_nocturnal_cooling": false,
        "high_social_exposure": true,
        "heat_mechanism_type": "high_daytime_lst",
        "heat_mechanism_code": 3,
        "heat_score": 0.571809709072113,
        "heat_risk_score": 0.49015140533447266,
        "hazard_valid": true,
        "is_interpolated": false
      },
      "geometry": {
        "type": "Polygon",
        "coordinates": [
          [
            [
              -93.29413244268775,
              44.88406366618757
            ],
            [
              -93.29413244268775,
              44.88630944412505
            ],
            [
              -93.29637822062523,
              44.88630944412505
            ],
            [
              -93.29637822062523,
              44.88406366618757
            ],
            [
              -93.29413244268775,
              44.88406366618757
            ]
          ]
        ]
      }
    },
    {
      "id": "75",
      "type": "Feature",
      "properties": {
        "cell_id": "r2_c11",
        "row": 2,
        "col": 11,
        "dominant_nbs": null,
        "dominant_nbs_score": null,
        "uhi_built_up": false,
        "shade_deficit": false,
        "high_daytime_lst": true,
        "limited_nocturnal_cooling": false,
        "high_social_exposure": true,
        "heat_mechanism_type": "mixed",
        "heat_mechanism_code": 6,
        "heat_score": 0.5083455443382263,
        "heat_risk_score": 0.4713021516799927,
        "hazard_valid": true,
        "is_interpolated": false
      },
      "geometry": {
        "type": "Polygon",
        "coordinates": [
          [
            [
              -93.29188666475028,
              44.88406366618757
            ],
            [
              -93.29188666475028,
              44.88630944412505
            ],
            [
              -93.29413244268775,
              44.88630944412505
            ],
            [
              -93.29413244268775,
              44.88406366618757
            ],
            [
              -93.29188666475028,
              44.88406366618757
            ]
          ]
        ]
      }
    },
    {
      "id": "76",
      "type": "Feature",
      "properties": {
        "cell_id": "r2_c12",
        "row": 2,
        "col": 12,
        "dominant_nbs": null,
        "dominant_nbs_score": null,
        "uhi_built_up": false,
        "shade_deficit": false,
        "high_daytime_lst": true,
        "limited_nocturnal_cooling": false,
        "high_social_exposure": true,
        "heat_mechanism_type": "mixed",
        "heat_mechanism_code": 6,
        "heat_score": 0.4884994924068451,
        "heat_risk_score": 0.46508726477622986,
        "hazard_valid": true,
        "is_interpolated": false
      },
      "geometry": {
        "type": "Polygon",
        "coordinates": [
          [
            [
              -93.28964088681279,
              44.88406366618757
            ],
            [
              -93.28964088681279,
              44.88630944412505
            ],
            [
              -93.29188666475028,
              44.88630944412505
            ],
            [
              -93.29188666475028,
              44.88406366618757
            ],
            [
              -93.28964088681279,
              44.88406366618757
            ]
          ]
        ]
      }
    },
    {
      "id": "77",
      "type": "Feature",
      "properties": {
        "cell_id": "r2_c13",
        "row": 2,
        "col": 13,
        "dominant_nbs": null,
        "dominant_nbs_score": null,
        "uhi_built_up": false,
        "shade_deficit": true,
        "high_daytime_lst": true,
        "limited_nocturnal_cooling": false,
        "high_social_exposure": true,
        "heat_mechanism_type": "high_daytime_lst",
        "heat_mechanism_code": 3,
        "heat_score": 0.5646360516548157,
        "heat_risk_score": 0.4880930483341217,
        "hazard_valid": true,
        "is_interpolated": false
      },
      "geometry": {
        "type": "Polygon",
        "coordinates": [
          [
            [
              -93.28739510887532,
              44.88406366618757
            ],
            [
              -93.28739510887532,
              44.88630944412505
            ],
            [
              -93.28964088681279,
              44.88630944412505
            ],
            [
              -93.28964088681279,
              44.88406366618757
            ],
            [
              -93.28739510887532,
              44.88406366618757
            ]
          ]
        ]
      }
    },
    {
      "id": "78",
      "type": "Feature",
      "properties": {
        "cell_id": "r2_c14",
        "row": 2,
        "col": 14,
        "dominant_nbs": null,
        "dominant_nbs_score": null,
        "uhi_built_up": false,
        "shade_deficit": false,
        "high_daytime_lst": true,
        "limited_nocturnal_cooling": false,
        "high_social_exposure": true,
        "heat_mechanism_type": "high_daytime_lst",
        "heat_mechanism_code": 3,
        "heat_score": 0.6349405646324158,
        "heat_risk_score": 0.5075639486312866,
        "hazard_valid": true,
        "is_interpolated": false
      },
      "geometry": {
        "type": "Polygon",
        "coordinates": [
          [
            [
              -93.28514933093784,
              44.88406366618757
            ],
            [
              -93.28514933093784,
              44.88630944412505
            ],
            [
              -93.28739510887532,
              44.88630944412505
            ],
            [
              -93.28739510887532,
              44.88406366618757
            ],
            [
              -93.28514933093784,
              44.88406366618757
            ]
          ]
        ]
      }
    },
    {
      "id": "79",
      "type": "Feature",
      "properties": {
        "cell_id": "r2_c15",
        "row": 2,
        "col": 15,
        "dominant_nbs": null,
        "dominant_nbs_score": null,
        "uhi_built_up": false,
        "shade_deficit": false,
        "high_daytime_lst": true,
        "limited_nocturnal_cooling": false,
        "high_social_exposure": false,
        "heat_mechanism_type": "high_daytime_lst",
        "heat_mechanism_code": 3,
        "heat_score": 0.6360179781913757,
        "heat_risk_score": 0.28687384724617004,
        "hazard_valid": true,
        "is_interpolated": false
      },
      "geometry": {
        "type": "Polygon",
        "coordinates": [
          [
            [
              -93.28290355300037,
              44.88406366618757
            ],
            [
              -93.28290355300037,
              44.88630944412505
            ],
            [
              -93.28514933093784,
              44.88630944412505
            ],
            [
              -93.28514933093784,
              44.88406366618757
            ],
            [
              -93.28290355300037,
              44.88406366618757
            ]
          ]
        ]
      }
    },
    {
      "id": "80",
      "type": "Feature",
      "properties": {
        "cell_id": "r2_c16",
        "row": 2,
        "col": 16,
        "dominant_nbs": null,
        "dominant_nbs_score": null,
        "uhi_built_up": true,
        "shade_deficit": false,
        "high_daytime_lst": true,
        "limited_nocturnal_cooling": false,
        "high_social_exposure": false,
        "heat_mechanism_type": "mixed",
        "heat_mechanism_code": 6,
        "heat_score": 0.6657572388648987,
        "heat_risk_score": 0.2912771701812744,
        "hazard_valid": true,
        "is_interpolated": false
      },
      "geometry": {
        "type": "Polygon",
        "coordinates": [
          [
            [
              -93.28065777506289,
              44.88406366618757
            ],
            [
              -93.28065777506289,
              44.88630944412505
            ],
            [
              -93.28290355300037,
              44.88630944412505
            ],
            [
              -93.28290355300037,
              44.88406366618757
            ],
            [
              -93.28065777506289,
              44.88406366618757
            ]
          ]
        ]
      }
    },
    {
      "id": "81",
      "type": "Feature",
      "properties": {
        "cell_id": "r2_c17",
        "row": 2,
        "col": 17,
        "dominant_nbs": null,
        "dominant_nbs_score": null,
        "uhi_built_up": true,
        "shade_deficit": false,
        "high_daytime_lst": true,
        "limited_nocturnal_cooling": false,
        "high_social_exposure": false,
        "heat_mechanism_type": "mixed",
        "heat_mechanism_code": 6,
        "heat_score": 0.676876962184906,
        "heat_risk_score": 0.29288992285728455,
        "hazard_valid": true,
        "is_interpolated": false
      },
      "geometry": {
        "type": "Polygon",
        "coordinates": [
          [
            [
              -93.2784119971254,
              44.88406366618757
            ],
            [
              -93.2784119971254,
              44.88630944412505
            ],
            [
              -93.28065777506289,
              44.88630944412505
            ],
            [
              -93.28065777506289,
              44.88406366618757
            ],
            [
              -93.2784119971254,
              44.88406366618757
            ]
          ]
        ]
      }
    },
    {
      "id": "82",
      "type": "Feature",
      "properties": {
        "cell_id": "r2_c18",
        "row": 2,
        "col": 18,
        "dominant_nbs": null,
        "dominant_nbs_score": null,
        "uhi_built_up": true,
        "shade_deficit": false,
        "high_daytime_lst": true,
        "limited_nocturnal_cooling": false,
        "high_social_exposure": false,
        "heat_mechanism_type": "mixed",
        "heat_mechanism_code": 6,
        "heat_score": 0.641444206237793,
        "heat_risk_score": 0.28768736124038696,
        "hazard_valid": true,
        "is_interpolated": false
      },
      "geometry": {
        "type": "Polygon",
        "coordinates": [
          [
            [
              -93.27616621918793,
              44.88406366618757
            ],
            [
              -93.27616621918793,
              44.88630944412505
            ],
            [
              -93.2784119971254,
              44.88630944412505
            ],
            [
              -93.2784119971254,
              44.88406366618757
            ],
            [
              -93.27616621918793,
              44.88406366618757
            ]
          ]
        ]
      }
    },
    {
      "id": "83",
      "type": "Feature",
      "properties": {
        "cell_id": "r2_c19",
        "row": 2,
        "col": 19,
        "dominant_nbs": null,
        "dominant_nbs_score": null,
        "uhi_built_up": false,
        "shade_deficit": true,
        "high_daytime_lst": true,
        "limited_nocturnal_cooling": false,
        "high_social_exposure": false,
        "heat_mechanism_type": "high_daytime_lst",
        "heat_mechanism_code": 3,
        "heat_score": 0.5620335936546326,
        "heat_risk_score": 0.27528882026672363,
        "hazard_valid": true,
        "is_interpolated": false
      },
      "geometry": {
        "type": "Polygon",
        "coordinates": [
          [
            [
              -93.27392044125045,
              44.88406366618757
            ],
            [
              -93.27392044125045,
              44.88630944412505
            ],
            [
              -93.27616621918793,
              44.88630944412505
            ],
            [
              -93.27616621918793,
              44.88406366618757
            ],
            [
              -93.27392044125045,
              44.88406366618757
            ]
          ]
        ]
      }
    },
    {
      "id": "84",
      "type": "Feature",
      "properties": {
        "cell_id": "r2_c20",
        "row": 2,
        "col": 20,
        "dominant_nbs": null,
        "dominant_nbs_score": null,
        "uhi_built_up": false,
        "shade_deficit": true,
        "high_daytime_lst": true,
        "limited_nocturnal_cooling": false,
        "high_social_exposure": false,
        "heat_mechanism_type": "high_daytime_lst",
        "heat_mechanism_code": 3,
        "heat_score": 0.5315024852752686,
        "heat_risk_score": 0.0,
        "hazard_valid": true,
        "is_interpolated": false
      },
      "geometry": {
        "type": "Polygon",
        "coordinates": [
          [
            [
              -93.27167466331298,
              44.88406366618757
            ],
            [
              -93.27167466331298,
              44.88630944412505
            ],
            [
              -93.27392044125045,
              44.88630944412505
            ],
            [
              -93.27392044125045,
              44.88406366618757
            ],
            [
              -93.27167466331298,
              44.88406366618757
            ]
          ]
        ]
      }
    },
    {
      "id": "85",
      "type": "Feature",
      "properties": {
        "cell_id": "r2_c21",
        "row": 2,
        "col": 21,
        "dominant_nbs": null,
        "dominant_nbs_score": null,
        "uhi_built_up": false,
        "shade_deficit": false,
        "high_daytime_lst": true,
        "limited_nocturnal_cooling": false,
        "high_social_exposure": false,
        "heat_mechanism_type": "high_daytime_lst",
        "heat_mechanism_code": 3,
        "heat_score": 0.502079427242279,
        "heat_risk_score": 0.0,
        "hazard_valid": true,
        "is_interpolated": false
      },
      "geometry": {
        "type": "Polygon",
        "coordinates": [
          [
            [
              -93.2694288853755,
              44.88406366618757
            ],
            [
              -93.2694288853755,
              44.88630944412505
            ],
            [
              -93.27167466331298,
              44.88630944412505
            ],
            [
              -93.27167466331298,
              44.88406366618757
            ],
            [
              -93.2694288853755,
              44.88406366618757
            ]
          ]
        ]
      }
    },
    {
      "id": "86",
      "type": "Feature",
      "properties": {
        "cell_id": "r2_c22",
        "row": 2,
        "col": 22,
        "dominant_nbs": null,
        "dominant_nbs_score": null,
        "uhi_built_up": false,
        "shade_deficit": true,
        "high_daytime_lst": true,
        "limited_nocturnal_cooling": false,
        "high_social_exposure": false,
        "heat_mechanism_type": "high_daytime_lst",
        "heat_mechanism_code": 3,
        "heat_score": 0.5549752116203308,
        "heat_risk_score": 0.0,
        "hazard_valid": true,
        "is_interpolated": false
      },
      "geometry": {
        "type": "Polygon",
        "coordinates": [
          [
            [
              -93.26718310743802,
              44.88406366618757
            ],
            [
              -93.26718310743802,
              44.88630944412505
            ],
            [
              -93.2694288853755,
              44.88630944412505
            ],
            [
              -93.2694288853755,
              44.88406366618757
            ],
            [
              -93.26718310743802,
              44.88406366618757
            ]
          ]
        ]
      }
    },
    {
      "id": "87",
      "type": "Feature",
      "properties": {
        "cell_id": "r2_c23",
        "row": 2,
        "col": 23,
        "dominant_nbs": null,
        "dominant_nbs_score": null,
        "uhi_built_up": false,
        "shade_deficit": false,
        "high_daytime_lst": true,
        "limited_nocturnal_cooling": false,
        "high_social_exposure": false,
        "heat_mechanism_type": "high_daytime_lst",
        "heat_mechanism_code": 3,
        "heat_score": 0.6008716225624084,
        "heat_risk_score": 0.0,
        "hazard_valid": true,
        "is_interpolated": false
      },
      "geometry": {
        "type": "Polygon",
        "coordinates": [
          [
            [
              -93.26493732950054,
              44.88406366618757
            ],
            [
              -93.26493732950054,
              44.88630944412505
            ],
            [
              -93.26718310743802,
              44.88630944412505
            ],
            [
              -93.26718310743802,
              44.88406366618757
            ],
            [
              -93.26493732950054,
              44.88406366618757
            ]
          ]
        ]
      }
    },
    {
      "id": "88",
      "type": "Feature",
      "properties": {
        "cell_id": "r2_c24",
        "row": 2,
        "col": 24,
        "dominant_nbs": null,
        "dominant_nbs_score": null,
        "uhi_built_up": false,
        "shade_deficit": true,
        "high_daytime_lst": true,
        "limited_nocturnal_cooling": false,
        "high_social_exposure": false,
        "heat_mechanism_type": "high_daytime_lst",
        "heat_mechanism_code": 3,
        "heat_score": 0.5270488262176514,
        "heat_risk_score": 0.0,
        "hazard_valid": true,
        "is_interpolated": false
      },
      "geometry": {
        "type": "Polygon",
        "coordinates": [
          [
            [
              -93.26269155156307,
              44.88406366618757
            ],
            [
              -93.26269155156307,
              44.88630944412505
            ],
            [
              -93.26493732950054,
              44.88630944412505
            ],
            [
              -93.26493732950054,
              44.88406366618757
            ],
            [
              -93.26269155156307,
              44.88406366618757
            ]
          ]
        ]
      }
    },
    {
      "id": "89",
      "type": "Feature",
      "properties": {
        "cell_id": "r2_c25",
        "row": 2,
        "col": 25,
        "dominant_nbs": null,
        "dominant_nbs_score": null,
        "uhi_built_up": false,
        "shade_deficit": false,
        "high_daytime_lst": true,
        "limited_nocturnal_cooling": false,
        "high_social_exposure": false,
        "heat_mechanism_type": "high_daytime_lst",
        "heat_mechanism_code": 3,
        "heat_score": 0.43951138854026794,
        "heat_risk_score": 0.0,
        "hazard_valid": true,
        "is_interpolated": false
      },
      "geometry": {
        "type": "Polygon",
        "coordinates": [
          [
            [
              -93.26044577362559,
              44.88406366618757
            ],
            [
              -93.26044577362559,
              44.88630944412505
            ],
            [
              -93.26269155156307,
              44.88630944412505
            ],
            [
              -93.26269155156307,
              44.88406366618757
            ],
            [
              -93.26044577362559,
              44.88406366618757
            ]
          ]
        ]
      }
    },
    {
      "id": "90",
      "type": "Feature",
      "properties": {
        "cell_id": "r2_c26",
        "row": 2,
        "col": 26,
        "dominant_nbs": null,
        "dominant_nbs_score": null,
        "uhi_built_up": false,
        "shade_deficit": false,
        "high_daytime_lst": true,
        "limited_nocturnal_cooling": false,
        "high_social_exposure": false,
        "heat_mechanism_type": "high_daytime_lst",
        "heat_mechanism_code": 3,
        "heat_score": 0.5114278197288513,
        "heat_risk_score": 0.0,
        "hazard_valid": true,
        "is_interpolated": false
      },
      "geometry": {
        "type": "Polygon",
        "coordinates": [
          [
            [
              -93.25819999568812,
              44.88406366618757
            ],
            [
              -93.25819999568812,
              44.88630944412505
            ],
            [
              -93.26044577362559,
              44.88630944412505
            ],
            [
              -93.26044577362559,
              44.88406366618757
            ],
            [
              -93.25819999568812,
              44.88406366618757
            ]
          ]
        ]
      }
    },
    {
      "id": "91",
      "type": "Feature",
      "properties": {
        "cell_id": "r2_c27",
        "row": 2,
        "col": 27,
        "dominant_nbs": null,
        "dominant_nbs_score": null,
        "uhi_built_up": true,
        "shade_deficit": true,
        "high_daytime_lst": true,
        "limited_nocturnal_cooling": false,
        "high_social_exposure": false,
        "heat_mechanism_type": "mixed",
        "heat_mechanism_code": 6,
        "heat_score": 0.5561442375183105,
        "heat_risk_score": 0.1777743250131607,
        "hazard_valid": true,
        "is_interpolated": false
      },
      "geometry": {
        "type": "Polygon",
        "coordinates": [
          [
            [
              -93.25595421775063,
              44.88406366618757
            ],
            [
              -93.25595421775063,
              44.88630944412505
            ],
            [
              -93.25819999568812,
              44.88630944412505
            ],
            [
              -93.25819999568812,
              44.88406366618757
            ],
            [
              -93.25595421775063,
              44.88406366618757
            ]
          ]
        ]
      }
    },
    {
      "id": "92",
      "type": "Feature",
      "properties": {
        "cell_id": "r2_c28",
        "row": 2,
        "col": 28,
        "dominant_nbs": null,
        "dominant_nbs_score": null,
        "uhi_built_up": false,
        "shade_deficit": true,
        "high_daytime_lst": true,
        "limited_nocturnal_cooling": false,
        "high_social_exposure": false,
        "heat_mechanism_type": "high_daytime_lst",
        "heat_mechanism_code": 3,
        "heat_score": 0.5646211504936218,
        "heat_risk_score": 0.17867299914360046,
        "hazard_valid": true,
        "is_interpolated": false
      },
      "geometry": {
        "type": "Polygon",
        "coordinates": [
          [
            [
              -93.25370843981315,
              44.88406366618757
            ],
            [
              -93.25370843981315,
              44.88630944412505
            ],
            [
              -93.25595421775063,
              44.88630944412505
            ],
            [
              -93.25595421775063,
              44.88406366618757
            ],
            [
              -93.25370843981315,
              44.88406366618757
            ]
          ]
        ]
      }
    },
    {
      "id": "93",
      "type": "Feature",
      "properties": {
        "cell_id": "r2_c29",
        "row": 2,
        "col": 29,
        "dominant_nbs": null,
        "dominant_nbs_score": null,
        "uhi_built_up": false,
        "shade_deficit": true,
        "high_daytime_lst": true,
        "limited_nocturnal_cooling": false,
        "high_social_exposure": false,
        "heat_mechanism_type": "high_daytime_lst",
        "heat_mechanism_code": 3,
        "heat_score": 0.5045419335365295,
        "heat_risk_score": 0.1720966100692749,
        "hazard_valid": true,
        "is_interpolated": false
      },
      "geometry": {
        "type": "Polygon",
        "coordinates": [
          [
            [
              -93.25146266187568,
              44.88406366618757
            ],
            [
              -93.25146266187568,
              44.88630944412505
            ],
            [
              -93.25370843981315,
              44.88630944412505
            ],
            [
              -93.25370843981315,
              44.88406366618757
            ],
            [
              -93.25146266187568,
              44.88406366618757
            ]
          ]
        ]
      }
    },
    {
      "id": "94",
      "type": "Feature",
      "properties": {
        "cell_id": "r2_c30",
        "row": 2,
        "col": 30,
        "dominant_nbs": null,
        "dominant_nbs_score": null,
        "uhi_built_up": false,
        "shade_deficit": false,
        "high_daytime_lst": true,
        "limited_nocturnal_cooling": false,
        "high_social_exposure": false,
        "heat_mechanism_type": "high_daytime_lst",
        "heat_mechanism_code": 3,
        "heat_score": 0.5411397814750671,
        "heat_risk_score": 0.17616097629070282,
        "hazard_valid": true,
        "is_interpolated": false
      },
      "geometry": {
        "type": "Polygon",
        "coordinates": [
          [
            [
              -93.2492168839382,
              44.88406366618757
            ],
            [
              -93.2492168839382,
              44.88630944412505
            ],
            [
              -93.25146266187568,
              44.88630944412505
            ],
            [
              -93.25146266187568,
              44.88406366618757
            ],
            [
              -93.2492168839382,
              44.88406366618757
            ]
          ]
        ]
      }
    },
    {
      "id": "95",
      "type": "Feature",
      "properties": {
        "cell_id": "r2_c31",
        "row": 2,
        "col": 31,
        "dominant_nbs": null,
        "dominant_nbs_score": null,
        "uhi_built_up": true,
        "shade_deficit": false,
        "high_daytime_lst": true,
        "limited_nocturnal_cooling": false,
        "high_social_exposure": false,
        "heat_mechanism_type": "mixed",
        "heat_mechanism_code": 6,
        "heat_score": 0.5631277561187744,
        "heat_risk_score": 0.17851534485816956,
        "hazard_valid": true,
        "is_interpolated": false
      },
      "geometry": {
        "type": "Polygon",
        "coordinates": [
          [
            [
              -93.24697110600073,
              44.88406366618757
            ],
            [
              -93.24697110600073,
              44.88630944412505
            ],
            [
              -93.2492168839382,
              44.88630944412505
            ],
            [
              -93.2492168839382,
              44.88406366618757
            ],
            [
              -93.24697110600073,
              44.88406366618757
            ]
          ]
        ]
      }
    },
    {
      "id": "96",
      "type": "Feature",
      "properties": {
        "cell_id": "r3_c0",
        "row": 3,
        "col": 0,
        "dominant_nbs": null,
        "dominant_nbs_score": null,
        "uhi_built_up": false,
        "shade_deficit": false,
        "high_daytime_lst": true,
        "limited_nocturnal_cooling": false,
        "high_social_exposure": true,
        "heat_mechanism_type": "high_daytime_lst",
        "heat_mechanism_code": 3,
        "heat_score": 0.5530069470405579,
        "heat_risk_score": 0.42159304022789,
        "hazard_valid": true,
        "is_interpolated": false
      },
      "geometry": {
        "type": "Polygon",
        "coordinates": [
          [
            [
              -93.31659022206253,
              44.88181788825009
            ],
            [
              -93.31659022206253,
              44.88406366618757
            ],
            [
              -93.318836,
              44.88406366618757
            ],
            [
              -93.318836,
              44.88181788825009
            ],
            [
              -93.31659022206253,
              44.88181788825009
            ]
          ]
        ]
      }
    },
    {
      "id": "97",
      "type": "Feature",
      "properties": {
        "cell_id": "r3_c1",
        "row": 3,
        "col": 1,
        "dominant_nbs": null,
        "dominant_nbs_score": null,
        "uhi_built_up": false,
        "shade_deficit": true,
        "high_daytime_lst": true,
        "limited_nocturnal_cooling": false,
        "high_social_exposure": true,
        "heat_mechanism_type": "high_daytime_lst",
        "heat_mechanism_code": 3,
        "heat_score": 0.5469081401824951,
        "heat_risk_score": 0.4200374484062195,
        "hazard_valid": true,
        "is_interpolated": false
      },
      "geometry": {
        "type": "Polygon",
        "coordinates": [
          [
            [
              -93.31434444412506,
              44.88181788825009
            ],
            [
              -93.31434444412506,
              44.88406366618757
            ],
            [
              -93.31659022206253,
              44.88406366618757
            ],
            [
              -93.31659022206253,
              44.88181788825009
            ],
            [
              -93.31434444412506,
              44.88181788825009
            ]
          ]
        ]
      }
    },
    {
      "id": "98",
      "type": "Feature",
      "properties": {
        "cell_id": "r3_c2",
        "row": 3,
        "col": 2,
        "dominant_nbs": null,
        "dominant_nbs_score": null,
        "uhi_built_up": false,
        "shade_deficit": true,
        "high_daytime_lst": true,
        "limited_nocturnal_cooling": false,
        "high_social_exposure": true,
        "heat_mechanism_type": "mixed",
        "heat_mechanism_code": 6,
        "heat_score": 0.5310420393943787,
        "heat_risk_score": 0.4159357249736786,
        "hazard_valid": true,
        "is_interpolated": false
      },
      "geometry": {
        "type": "Polygon",
        "coordinates": [
          [
            [
              -93.31209866618757,
              44.88181788825009
            ],
            [
              -93.31209866618757,
              44.88406366618757
            ],
            [
              -93.31434444412506,
              44.88406366618757
            ],
            [
              -93.31434444412506,
              44.88181788825009
            ],
            [
              -93.31209866618757,
              44.88181788825009
            ]
          ]
        ]
      }
    },
    {
      "id": "99",
      "type": "Feature",
      "properties": {
        "cell_id": "r3_c3",
        "row": 3,
        "col": 3,
        "dominant_nbs": null,
        "dominant_nbs_score": null,
        "uhi_built_up": false,
        "shade_deficit": true,
        "high_daytime_lst": true,
        "limited_nocturnal_cooling": false,
        "high_social_exposure": true,
        "heat_mechanism_type": "high_daytime_lst",
        "heat_mechanism_code": 3,
        "heat_score": 0.5619960427284241,
        "heat_risk_score": 0.42386507987976074,
        "hazard_valid": true,
        "is_interpolated": false
      },
      "geometry": {
        "type": "Polygon",
        "coordinates": [
          [
            [
              -93.30985288825009,
              44.88181788825009
            ],
            [
              -93.30985288825009,
              44.88406366618757
            ],
            [
              -93.31209866618757,
              44.88406366618757
            ],
            [
              -93.31209866618757,
              44.88181788825009
            ],
            [
              -93.30985288825009,
              44.88181788825009
            ]
          ]
        ]
      }
    },
    {
      "id": "100",
      "type": "Feature",
      "properties": {
        "cell_id": "r3_c4",
        "row": 3,
        "col": 4,
        "dominant_nbs": null,
        "dominant_nbs_score": null,
        "uhi_built_up": false,
        "shade_deficit": false,
        "high_daytime_lst": true,
        "limited_nocturnal_cooling": false,
        "high_social_exposure": true,
        "heat_mechanism_type": "high_daytime_lst",
        "heat_mechanism_code": 3,
        "heat_score": 0.589560329914093,
        "heat_risk_score": 0.4306845963001251,
        "hazard_valid": true,
        "is_interpolated": false
      },
      "geometry": {
        "type": "Polygon",
        "coordinates": [
          [
            [
              -93.30760711031262,
              44.88181788825009
            ],
            [
              -93.30760711031262,
              44.88406366618757
            ],
            [
              -93.30985288825009,
              44.88406366618757
            ],
            [
              -93.30985288825009,
              44.88181788825009
            ],
            [
              -93.30760711031262,
              44.88181788825009
            ]
          ]
        ]
      }
    },
    {
      "id": "101",
      "type": "Feature",
      "properties": {
        "cell_id": "r3_c5",
        "row": 3,
        "col": 5,
        "dominant_nbs": null,
        "dominant_nbs_score": null,
        "uhi_built_up": false,
        "shade_deficit": false,
        "high_daytime_lst": true,
        "limited_nocturnal_cooling": false,
        "high_social_exposure": true,
        "heat_mechanism_type": "high_daytime_lst",
        "heat_mechanism_code": 3,
        "heat_score": 0.5256170630455017,
        "heat_risk_score": 0.4145145118236542,
        "hazard_valid": true,
        "is_interpolated": false
      },
      "geometry": {
        "type": "Polygon",
        "coordinates": [
          [
            [
              -93.30536133237514,
              44.88181788825009
            ],
            [
              -93.30536133237514,
              44.88406366618757
            ],
            [
              -93.30760711031262,
              44.88406366618757
            ],
            [
              -93.30760711031262,
              44.88181788825009
            ],
            [
              -93.30536133237514,
              44.88181788825009
            ]
          ]
        ]
      }
    },
    {
      "id": "102",
      "type": "Feature",
      "properties": {
        "cell_id": "r3_c6",
        "row": 3,
        "col": 6,
        "dominant_nbs": null,
        "dominant_nbs_score": null,
        "uhi_built_up": false,
        "shade_deficit": true,
        "high_daytime_lst": true,
        "limited_nocturnal_cooling": false,
        "high_social_exposure": true,
        "heat_mechanism_type": "high_daytime_lst",
        "heat_mechanism_code": 3,
        "heat_score": 0.5072361826896667,
        "heat_risk_score": 0.40962517261505127,
        "hazard_valid": true,
        "is_interpolated": false
      },
      "geometry": {
        "type": "Polygon",
        "coordinates": [
          [
            [
              -93.30311555443767,
              44.88181788825009
            ],
            [
              -93.30311555443767,
              44.88406366618757
            ],
            [
              -93.30536133237514,
              44.88406366618757
            ],
            [
              -93.30536133237514,
              44.88181788825009
            ],
            [
              -93.30311555443767,
              44.88181788825009
            ]
          ]
        ]
      }
    },
    {
      "id": "103",
      "type": "Feature",
      "properties": {
        "cell_id": "r3_c7",
        "row": 3,
        "col": 7,
        "dominant_nbs": null,
        "dominant_nbs_score": null,
        "uhi_built_up": false,
        "shade_deficit": false,
        "high_daytime_lst": true,
        "limited_nocturnal_cooling": false,
        "high_social_exposure": true,
        "heat_mechanism_type": "high_daytime_lst",
        "heat_mechanism_code": 3,
        "heat_score": 0.5045122504234314,
        "heat_risk_score": 0.40889060497283936,
        "hazard_valid": true,
        "is_interpolated": false
      },
      "geometry": {
        "type": "Polygon",
        "coordinates": [
          [
            [
              -93.30086977650018,
              44.88181788825009
            ],
            [
              -93.30086977650018,
              44.88406366618757
            ],
            [
              -93.30311555443767,
              44.88406366618757
            ],
            [
              -93.30311555443767,
              44.88181788825009
            ],
            [
              -93.30086977650018,
              44.88181788825009
            ]
          ]
        ]
      }
    },
    {
      "id": "104",
      "type": "Feature",
      "properties": {
        "cell_id": "r3_c8",
        "row": 3,
        "col": 8,
        "dominant_nbs": null,
        "dominant_nbs_score": null,
        "uhi_built_up": false,
        "shade_deficit": true,
        "high_daytime_lst": true,
        "limited_nocturnal_cooling": false,
        "high_social_exposure": true,
        "heat_mechanism_type": "high_daytime_lst",
        "heat_mechanism_code": 3,
        "heat_score": 0.5232071280479431,
        "heat_risk_score": 0.41388002038002014,
        "hazard_valid": true,
        "is_interpolated": false
      },
      "geometry": {
        "type": "Polygon",
        "coordinates": [
          [
            [
              -93.2986239985627,
              44.88181788825009
            ],
            [
              -93.2986239985627,
              44.88406366618757
            ],
            [
              -93.30086977650018,
              44.88406366618757
            ],
            [
              -93.30086977650018,
              44.88181788825009
            ],
            [
              -93.2986239985627,
              44.88181788825009
            ]
          ]
        ]
      }
    },
    {
      "id": "105",
      "type": "Feature",
      "properties": {
        "cell_id": "r3_c9",
        "row": 3,
        "col": 9,
        "dominant_nbs": null,
        "dominant_nbs_score": null,
        "uhi_built_up": false,
        "shade_deficit": true,
        "high_daytime_lst": true,
        "limited_nocturnal_cooling": false,
        "high_social_exposure": true,
        "heat_mechanism_type": "high_daytime_lst",
        "heat_mechanism_code": 3,
        "heat_score": 0.5787959098815918,
        "heat_risk_score": 0.4280472695827484,
        "hazard_valid": true,
        "is_interpolated": false
      },
      "geometry": {
        "type": "Polygon",
        "coordinates": [
          [
            [
              -93.29637822062523,
              44.88181788825009
            ],
            [
              -93.29637822062523,
              44.88406366618757
            ],
            [
              -93.2986239985627,
              44.88406366618757
            ],
            [
              -93.2986239985627,
              44.88181788825009
            ],
            [
              -93.29637822062523,
              44.88181788825009
            ]
          ]
        ]
      }
    },
    {
      "id": "106",
      "type": "Feature",
      "properties": {
        "cell_id": "r3_c10",
        "row": 3,
        "col": 10,
        "dominant_nbs": null,
        "dominant_nbs_score": null,
        "uhi_built_up": false,
        "shade_deficit": false,
        "high_daytime_lst": true,
        "limited_nocturnal_cooling": false,
        "high_social_exposure": false,
        "heat_mechanism_type": "high_daytime_lst",
        "heat_mechanism_code": 3,
        "heat_score": 0.5747303366661072,
        "heat_risk_score": 0.14782971143722534,
        "hazard_valid": true,
        "is_interpolated": false
      },
      "geometry": {
        "type": "Polygon",
        "coordinates": [
          [
            [
              -93.29413244268775,
              44.88181788825009
            ],
            [
              -93.29413244268775,
              44.88406366618757
            ],
            [
              -93.29637822062523,
              44.88406366618757
            ],
            [
              -93.29637822062523,
              44.88181788825009
            ],
            [
              -93.29413244268775,
              44.88181788825009
            ]
          ]
        ]
      }
    },
    {
      "id": "107",
      "type": "Feature",
      "properties": {
        "cell_id": "r3_c11",
        "row": 3,
        "col": 11,
        "dominant_nbs": null,
        "dominant_nbs_score": null,
        "uhi_built_up": false,
        "shade_deficit": false,
        "high_daytime_lst": true,
        "limited_nocturnal_cooling": false,
        "high_social_exposure": false,
        "heat_mechanism_type": "high_daytime_lst",
        "heat_mechanism_code": 3,
        "heat_score": 0.5554685592651367,
        "heat_risk_score": 0.14615942537784576,
        "hazard_valid": true,
        "is_interpolated": false
      },
      "geometry": {
        "type": "Polygon",
        "coordinates": [
          [
            [
              -93.29188666475028,
              44.88181788825009
            ],
            [
              -93.29188666475028,
              44.88406366618757
            ],
            [
              -93.29413244268775,
              44.88406366618757
            ],
            [
              -93.29413244268775,
              44.88181788825009
            ],
            [
              -93.29188666475028,
              44.88181788825009
            ]
          ]
        ]
      }
    },
    {
      "id": "108",
      "type": "Feature",
      "properties": {
        "cell_id": "r3_c12",
        "row": 3,
        "col": 12,
        "dominant_nbs": null,
        "dominant_nbs_score": null,
        "uhi_built_up": false,
        "shade_deficit": false,
        "high_daytime_lst": true,
        "limited_nocturnal_cooling": false,
        "high_social_exposure": true,
        "heat_mechanism_type": "high_daytime_lst",
        "heat_mechanism_code": 3,
        "heat_score": 0.5593885779380798,
        "heat_risk_score": 0.48657628893852234,
        "hazard_valid": true,
        "is_interpolated": false
      },
      "geometry": {
        "type": "Polygon",
        "coordinates": [
          [
            [
              -93.28964088681279,
              44.88181788825009
            ],
            [
              -93.28964088681279,
              44.88406366618757
            ],
            [
              -93.29188666475028,
              44.88406366618757
            ],
            [
              -93.29188666475028,
              44.88181788825009
            ],
            [
              -93.28964088681279,
              44.88181788825009
            ]
          ]
        ]
      }
    },
    {
      "id": "109",
      "type": "Feature",
      "properties": {
        "cell_id": "r3_c13",
        "row": 3,
        "col": 13,
        "dominant_nbs": null,
        "dominant_nbs_score": null,
        "uhi_built_up": false,
        "shade_deficit": false,
        "high_daytime_lst": true,
        "limited_nocturnal_cooling": false,
        "high_social_exposure": true,
        "heat_mechanism_type": "high_daytime_lst",
        "heat_mechanism_code": 3,
        "heat_score": 0.5828078389167786,
        "heat_risk_score": 0.4717787802219391,
        "hazard_valid": true,
        "is_interpolated": false
      },
      "geometry": {
        "type": "Polygon",
        "coordinates": [
          [
            [
              -93.28739510887532,
              44.88181788825009
            ],
            [
              -93.28739510887532,
              44.88406366618757
            ],
            [
              -93.28964088681279,
              44.88406366618757
            ],
            [
              -93.28964088681279,
              44.88181788825009
            ],
            [
              -93.28739510887532,
              44.88181788825009
            ]
          ]
        ]
      }
    },
    {
      "id": "110",
      "type": "Feature",
      "properties": {
        "cell_id": "r3_c14",
        "row": 3,
        "col": 14,
        "dominant_nbs": null,
        "dominant_nbs_score": null,
        "uhi_built_up": true,
        "shade_deficit": false,
        "high_daytime_lst": true,
        "limited_nocturnal_cooling": false,
        "high_social_exposure": true,
        "heat_mechanism_type": "mixed",
        "heat_mechanism_code": 6,
        "heat_score": 0.623327374458313,
        "heat_risk_score": 0.4824681878089905,
        "hazard_valid": true,
        "is_interpolated": false
      },
      "geometry": {
        "type": "Polygon",
        "coordinates": [
          [
            [
              -93.28514933093784,
              44.88181788825009
            ],
            [
              -93.28514933093784,
              44.88406366618757
            ],
            [
              -93.28739510887532,
              44.88406366618757
            ],
            [
              -93.28739510887532,
              44.88181788825009
            ],
            [
              -93.28514933093784,
              44.88181788825009
            ]
          ]
        ]
      }
    },
    {
      "id": "111",
      "type": "Feature",
      "properties": {
        "cell_id": "r3_c15",
        "row": 3,
        "col": 15,
        "dominant_nbs": null,
        "dominant_nbs_score": null,
        "uhi_built_up": false,
        "shade_deficit": false,
        "high_daytime_lst": true,
        "limited_nocturnal_cooling": false,
        "high_social_exposure": true,
        "heat_mechanism_type": "high_daytime_lst",
        "heat_mechanism_code": 3,
        "heat_score": 0.637800395488739,
        "heat_risk_score": 0.4861737787723541,
        "hazard_valid": true,
        "is_interpolated": false
      },
      "geometry": {
        "type": "Polygon",
        "coordinates": [
          [
            [
              -93.28290355300037,
              44.88181788825009
            ],
            [
              -93.28290355300037,
              44.88406366618757
            ],
            [
              -93.28514933093784,
              44.88406366618757
            ],
            [
              -93.28514933093784,
              44.88181788825009
            ],
            [
              -93.28290355300037,
              44.88181788825009
            ]
          ]
        ]
      }
    },
    {
      "id": "112",
      "type": "Feature",
      "properties": {
        "cell_id": "r3_c16",
        "row": 3,
        "col": 16,
        "dominant_nbs": null,
        "dominant_nbs_score": null,
        "uhi_built_up": false,
        "shade_deficit": false,
        "high_daytime_lst": true,
        "limited_nocturnal_cooling": false,
        "high_social_exposure": true,
        "heat_mechanism_type": "high_daytime_lst",
        "heat_mechanism_code": 3,
        "heat_score": 0.669396162033081,
        "heat_risk_score": 0.49407288432121277,
        "hazard_valid": true,
        "is_interpolated": false
      },
      "geometry": {
        "type": "Polygon",
        "coordinates": [
          [
            [
              -93.28065777506289,
              44.88181788825009
            ],
            [
              -93.28065777506289,
              44.88406366618757
            ],
            [
              -93.28290355300037,
              44.88406366618757
            ],
            [
              -93.28290355300037,
              44.88181788825009
            ],
            [
              -93.28065777506289,
              44.88181788825009
            ]
          ]
        ]
      }
    },
    {
      "id": "113",
      "type": "Feature",
      "properties": {
        "cell_id": "r3_c17",
        "row": 3,
        "col": 17,
        "dominant_nbs": null,
        "dominant_nbs_score": null,
        "uhi_built_up": false,
        "shade_deficit": false,
        "high_daytime_lst": true,
        "limited_nocturnal_cooling": false,
        "high_social_exposure": true,
        "heat_mechanism_type": "high_daytime_lst",
        "heat_mechanism_code": 3,
        "heat_score": 0.6574341654777527,
        "heat_risk_score": 0.4911121726036072,
        "hazard_valid": true,
        "is_interpolated": false
      },
      "geometry": {
        "type": "Polygon",
        "coordinates": [
          [
            [
              -93.2784119971254,
              44.88181788825009
            ],
            [
              -93.2784119971254,
              44.88406366618757
            ],
            [
              -93.28065777506289,
              44.88406366618757
            ],
            [
              -93.28065777506289,
              44.88181788825009
            ],
            [
              -93.2784119971254,
              44.88181788825009
            ]
          ]
        ]
      }
    },
    {
      "id": "114",
      "type": "Feature",
      "properties": {
        "cell_id": "r3_c18",
        "row": 3,
        "col": 18,
        "dominant_nbs": null,
        "dominant_nbs_score": null,
        "uhi_built_up": false,
        "shade_deficit": false,
        "high_daytime_lst": true,
        "limited_nocturnal_cooling": false,
        "high_social_exposure": true,
        "heat_mechanism_type": "high_daytime_lst",
        "heat_mechanism_code": 3,
        "heat_score": 0.6162543296813965,
        "heat_risk_score": 0.480636328458786,
        "hazard_valid": true,
        "is_interpolated": false
      },
      "geometry": {
        "type": "Polygon",
        "coordinates": [
          [
            [
              -93.27616621918793,
              44.88181788825009
            ],
            [
              -93.27616621918793,
              44.88406366618757
            ],
            [
              -93.2784119971254,
              44.88406366618757
            ],
            [
              -93.2784119971254,
              44.88181788825009
            ],
            [
              -93.27616621918793,
              44.88181788825009
            ]
          ]
        ]
      }
    },
    {
      "id": "115",
      "type": "Feature",
      "properties": {
        "cell_id": "r3_c19",
        "row": 3,
        "col": 19,
        "dominant_nbs": null,
        "dominant_nbs_score": null,
        "uhi_built_up": false,
        "shade_deficit": false,
        "high_daytime_lst": true,
        "limited_nocturnal_cooling": false,
        "high_social_exposure": true,
        "heat_mechanism_type": "high_daytime_lst",
        "heat_mechanism_code": 3,
        "heat_score": 0.5587905645370483,
        "heat_risk_score": 0.4652070701122284,
        "hazard_valid": true,
        "is_interpolated": false
      },
      "geometry": {
        "type": "Polygon",
        "coordinates": [
          [
            [
              -93.27392044125045,
              44.88181788825009
            ],
            [
              -93.27392044125045,
              44.88406366618757
            ],
            [
              -93.27616621918793,
              44.88406366618757
            ],
            [
              -93.27616621918793,
              44.88181788825009
            ],
            [
              -93.27392044125045,
              44.88181788825009
            ]
          ]
        ]
      }
    },
    {
      "id": "116",
      "type": "Feature",
      "properties": {
        "cell_id": "r3_c20",
        "row": 3,
        "col": 20,
        "dominant_nbs": null,
        "dominant_nbs_score": null,
        "uhi_built_up": false,
        "shade_deficit": true,
        "high_daytime_lst": true,
        "limited_nocturnal_cooling": false,
        "high_social_exposure": true,
        "heat_mechanism_type": "high_daytime_lst",
        "heat_mechanism_code": 3,
        "heat_score": 0.5340344309806824,
        "heat_risk_score": 0.3464495837688446,
        "hazard_valid": true,
        "is_interpolated": false
      },
      "geometry": {
        "type": "Polygon",
        "coordinates": [
          [
            [
              -93.27167466331298,
              44.88181788825009
            ],
            [
              -93.27167466331298,
              44.88406366618757
            ],
            [
              -93.27392044125045,
              44.88406366618757
            ],
            [
              -93.27392044125045,
              44.88181788825009
            ],
            [
              -93.27167466331298,
              44.88181788825009
            ]
          ]
        ]
      }
    },
    {
      "id": "117",
      "type": "Feature",
      "properties": {
        "cell_id": "r3_c21",
        "row": 3,
        "col": 21,
        "dominant_nbs": null,
        "dominant_nbs_score": null,
        "uhi_built_up": false,
        "shade_deficit": true,
        "high_daytime_lst": true,
        "limited_nocturnal_cooling": false,
        "high_social_exposure": true,
        "heat_mechanism_type": "high_daytime_lst",
        "heat_mechanism_code": 3,
        "heat_score": 0.5509812831878662,
        "heat_risk_score": 0.35007616877555847,
        "hazard_valid": true,
        "is_interpolated": false
      },
      "geometry": {
        "type": "Polygon",
        "coordinates": [
          [
            [
              -93.2694288853755,
              44.88181788825009
            ],
            [
              -93.2694288853755,
              44.88406366618757
            ],
            [
              -93.27167466331298,
              44.88406366618757
            ],
            [
              -93.27167466331298,
              44.88181788825009
            ],
            [
              -93.2694288853755,
              44.88181788825009
            ]
          ]
        ]
      }
    },
    {
      "id": "118",
      "type": "Feature",
      "properties": {
        "cell_id": "r3_c22",
        "row": 3,
        "col": 22,
        "dominant_nbs": null,
        "dominant_nbs_score": null,
        "uhi_built_up": false,
        "shade_deficit": false,
        "high_daytime_lst": true,
        "limited_nocturnal_cooling": false,
        "high_social_exposure": true,
        "heat_mechanism_type": "high_daytime_lst",
        "heat_mechanism_code": 3,
        "heat_score": 0.5869526267051697,
        "heat_risk_score": 0.3575344979763031,
        "hazard_valid": true,
        "is_interpolated": false
      },
      "geometry": {
        "type": "Polygon",
        "coordinates": [
          [
            [
              -93.26718310743802,
              44.88181788825009
            ],
            [
              -93.26718310743802,
              44.88406366618757
            ],
            [
              -93.2694288853755,
              44.88406366618757
            ],
            [
              -93.2694288853755,
              44.88181788825009
            ],
            [
              -93.26718310743802,
              44.88181788825009
            ]
          ]
        ]
      }
    },
    {
      "id": "119",
      "type": "Feature",
      "properties": {
        "cell_id": "r3_c23",
        "row": 3,
        "col": 23,
        "dominant_nbs": null,
        "dominant_nbs_score": null,
        "uhi_built_up": false,
        "shade_deficit": true,
        "high_daytime_lst": true,
        "limited_nocturnal_cooling": false,
        "high_social_exposure": false,
        "heat_mechanism_type": "high_daytime_lst",
        "heat_mechanism_code": 3,
        "heat_score": 0.5799369812011719,
        "heat_risk_score": 0.31595465540885925,
        "hazard_valid": true,
        "is_interpolated": false
      },
      "geometry": {
        "type": "Polygon",
        "coordinates": [
          [
            [
              -93.26493732950054,
              44.88181788825009
            ],
            [
              -93.26493732950054,
              44.88406366618757
            ],
            [
              -93.26718310743802,
              44.88406366618757
            ],
            [
              -93.26718310743802,
              44.88181788825009
            ],
            [
              -93.26493732950054,
              44.88181788825009
            ]
          ]
        ]
      }
    },
    {
      "id": "120",
      "type": "Feature",
      "properties": {
        "cell_id": "r3_c24",
        "row": 3,
        "col": 24,
        "dominant_nbs": null,
        "dominant_nbs_score": null,
        "uhi_built_up": false,
        "shade_deficit": true,
        "high_daytime_lst": true,
        "limited_nocturnal_cooling": false,
        "high_social_exposure": false,
        "heat_mechanism_type": "high_daytime_lst",
        "heat_mechanism_code": 3,
        "heat_score": 0.5753576755523682,
        "heat_risk_score": 0.3151208460330963,
        "hazard_valid": true,
        "is_interpolated": false
      },
      "geometry": {
        "type": "Polygon",
        "coordinates": [
          [
            [
              -93.26269155156307,
              44.88181788825009
            ],
            [
              -93.26269155156307,
              44.88406366618757
            ],
            [
              -93.26493732950054,
              44.88406366618757
            ],
            [
              -93.26493732950054,
              44.88181788825009
            ],
            [
              -93.26269155156307,
              44.88181788825009
            ]
          ]
        ]
      }
    },
    {
      "id": "121",
      "type": "Feature",
      "properties": {
        "cell_id": "r3_c25",
        "row": 3,
        "col": 25,
        "dominant_nbs": null,
        "dominant_nbs_score": null,
        "uhi_built_up": false,
        "shade_deficit": false,
        "high_daytime_lst": true,
        "limited_nocturnal_cooling": false,
        "high_social_exposure": false,
        "heat_mechanism_type": "high_daytime_lst",
        "heat_mechanism_code": 3,
        "heat_score": 0.556525468826294,
        "heat_risk_score": 0.28187865018844604,
        "hazard_valid": true,
        "is_interpolated": false
      },
      "geometry": {
        "type": "Polygon",
        "coordinates": [
          [
            [
              -93.26044577362559,
              44.88181788825009
            ],
            [
              -93.26044577362559,
              44.88406366618757
            ],
            [
              -93.26269155156307,
              44.88406366618757
            ],
            [
              -93.26269155156307,
              44.88181788825009
            ],
            [
              -93.26044577362559,
              44.88181788825009
            ]
          ]
        ]
      }
    },
    {
      "id": "122",
      "type": "Feature",
      "properties": {
        "cell_id": "r3_c26",
        "row": 3,
        "col": 26,
        "dominant_nbs": null,
        "dominant_nbs_score": null,
        "uhi_built_up": false,
        "shade_deficit": false,
        "high_daytime_lst": true,
        "limited_nocturnal_cooling": false,
        "high_social_exposure": false,
        "heat_mechanism_type": "high_daytime_lst",
        "heat_mechanism_code": 3,
        "heat_score": 0.5621551871299744,
        "heat_risk_score": 0.28282594680786133,
        "hazard_valid": true,
        "is_interpolated": false
      },
      "geometry": {
        "type": "Polygon",
        "coordinates": [
          [
            [
              -93.25819999568812,
              44.88181788825009
            ],
            [
              -93.25819999568812,
              44.88406366618757
            ],
            [
              -93.26044577362559,
              44.88406366618757
            ],
            [
              -93.26044577362559,
              44.88181788825009
            ],
            [
              -93.25819999568812,
              44.88181788825009
            ]
          ]
        ]
      }
    },
    {
      "id": "123",
      "type": "Feature",
      "properties": {
        "cell_id": "r3_c27",
        "row": 3,
        "col": 27,
        "dominant_nbs": null,
        "dominant_nbs_score": null,
        "uhi_built_up": false,
        "shade_deficit": true,
        "high_daytime_lst": true,
        "limited_nocturnal_cooling": false,
        "high_social_exposure": false,
        "heat_mechanism_type": "mixed",
        "heat_mechanism_code": 6,
        "heat_score": 0.5669048428535461,
        "heat_risk_score": 0.3061133623123169,
        "hazard_valid": true,
        "is_interpolated": false
      },
      "geometry": {
        "type": "Polygon",
        "coordinates": [
          [
            [
              -93.25595421775063,
              44.88181788825009
            ],
            [
              -93.25595421775063,
              44.88406366618757
            ],
            [
              -93.25819999568812,
              44.88406366618757
            ],
            [
              -93.25819999568812,
              44.88181788825009
            ],
            [
              -93.25595421775063,
              44.88181788825009
            ]
          ]
        ]
      }
    },
    {
      "id": "124",
      "type": "Feature",
      "properties": {
        "cell_id": "r3_c28",
        "row": 3,
        "col": 28,
        "dominant_nbs": null,
        "dominant_nbs_score": null,
        "uhi_built_up": false,
        "shade_deficit": true,
        "high_daytime_lst": true,
        "limited_nocturnal_cooling": false,
        "high_social_exposure": false,
        "heat_mechanism_type": "high_daytime_lst",
        "heat_mechanism_code": 3,
        "heat_score": 0.5786562561988831,
        "heat_risk_score": 0.30821406841278076,
        "hazard_valid": true,
        "is_interpolated": false
      },
      "geometry": {
        "type": "Polygon",
        "coordinates": [
          [
            [
              -93.25370843981315,
              44.88181788825009
            ],
            [
              -93.25370843981315,
              44.88406366618757
            ],
            [
              -93.25595421775063,
              44.88406366618757
            ],
            [
              -93.25595421775063,
              44.88181788825009
            ],
            [
              -93.25370843981315,
              44.88181788825009
            ]
          ]
        ]
      }
    },
    {
      "id": "125",
      "type": "Feature",
      "properties": {
        "cell_id": "r3_c29",
        "row": 3,
        "col": 29,
        "dominant_nbs": null,
        "dominant_nbs_score": null,
        "uhi_built_up": false,
        "shade_deficit": true,
        "high_daytime_lst": true,
        "limited_nocturnal_cooling": false,
        "high_social_exposure": false,
        "heat_mechanism_type": "high_daytime_lst",
        "heat_mechanism_code": 3,
        "heat_score": 0.5157317519187927,
        "heat_risk_score": 0.2966107130050659,
        "hazard_valid": true,
        "is_interpolated": false
      },
      "geometry": {
        "type": "Polygon",
        "coordinates": [
          [
            [
              -93.25146266187568,
              44.88181788825009
            ],
            [
              -93.25146266187568,
              44.88406366618757
            ],
            [
              -93.25370843981315,
              44.88406366618757
            ],
            [
              -93.25370843981315,
              44.88181788825009
            ],
            [
              -93.25146266187568,
              44.88181788825009
            ]
          ]
        ]
      }
    },
    {
      "id": "126",
      "type": "Feature",
      "properties": {
        "cell_id": "r3_c30",
        "row": 3,
        "col": 30,
        "dominant_nbs": null,
        "dominant_nbs_score": null,
        "uhi_built_up": false,
        "shade_deficit": false,
        "high_daytime_lst": true,
        "limited_nocturnal_cooling": false,
        "high_social_exposure": false,
        "heat_mechanism_type": "high_daytime_lst",
        "heat_mechanism_code": 3,
        "heat_score": 0.5235579609870911,
        "heat_risk_score": 0.29810354113578796,
        "hazard_valid": true,
        "is_interpolated": false
      },
      "geometry": {
        "type": "Polygon",
        "coordinates": [
          [
            [
              -93.2492168839382,
              44.88181788825009
            ],
            [
              -93.2492168839382,
              44.88406366618757
            ],
            [
              -93.25146266187568,
              44.88406366618757
            ],
            [
              -93.25146266187568,
              44.88181788825009
            ],
            [
              -93.2492168839382,
              44.88181788825009
            ]
          ]
        ]
      }
    },
    {
      "id": "127",
      "type": "Feature",
      "properties": {
        "cell_id": "r3_c31",
        "row": 3,
        "col": 31,
        "dominant_nbs": null,
        "dominant_nbs_score": null,
        "uhi_built_up": false,
        "shade_deficit": false,
        "high_daytime_lst": true,
        "limited_nocturnal_cooling": false,
        "high_social_exposure": false,
        "heat_mechanism_type": "high_daytime_lst",
        "heat_mechanism_code": 3,
        "heat_score": 0.5363786220550537,
        "heat_risk_score": 0.3005172312259674,
        "hazard_valid": true,
        "is_interpolated": false
      },
      "geometry": {
        "type": "Polygon",
        "coordinates": [
          [
            [
              -93.24697110600073,
              44.88181788825009
            ],
            [
              -93.24697110600073,
              44.88406366618757
            ],
            [
              -93.2492168839382,
              44.88406366618757
            ],
            [
              -93.2492168839382,
              44.88181788825009
            ],
            [
              -93.24697110600073,
              44.88181788825009
            ]
          ]
        ]
      }
    },
    {
      "id": "128",
      "type": "Feature",
      "properties": {
        "cell_id": "r3_c32",
        "row": 3,
        "col": 32,
        "dominant_nbs": null,
        "dominant_nbs_score": null,
        "uhi_built_up": false,
        "shade_deficit": false,
        "high_daytime_lst": true,
        "limited_nocturnal_cooling": false,
        "high_social_exposure": false,
        "heat_mechanism_type": "high_daytime_lst",
        "heat_mechanism_code": 3,
        "heat_score": 0.5465158820152283,
        "heat_risk_score": 0.3023986220359802,
        "hazard_valid": true,
        "is_interpolated": false
      },
      "geometry": {
        "type": "Polygon",
        "coordinates": [
          [
            [
              -93.24472532806324,
              44.88181788825009
            ],
            [
              -93.24472532806324,
              44.88406366618757
            ],
            [
              -93.24697110600073,
              44.88406366618757
            ],
            [
              -93.24697110600073,
              44.88181788825009
            ],
            [
              -93.24472532806324,
              44.88181788825009
            ]
          ]
        ]
      }
    },
    {
      "id": "129",
      "type": "Feature",
      "properties": {
        "cell_id": "r4_c0",
        "row": 4,
        "col": 0,
        "dominant_nbs": null,
        "dominant_nbs_score": null,
        "uhi_built_up": false,
        "shade_deficit": true,
        "high_daytime_lst": true,
        "limited_nocturnal_cooling": false,
        "high_social_exposure": false,
        "heat_mechanism_type": "mixed",
        "heat_mechanism_code": 6,
        "heat_score": 0.46898671984672546,
        "heat_risk_score": 0.24422256648540497,
        "hazard_valid": true,
        "is_interpolated": false
      },
      "geometry": {
        "type": "Polygon",
        "coordinates": [
          [
            [
              -93.31659022206253,
              44.879572110312616
            ],
            [
              -93.31659022206253,
              44.88181788825009
            ],
            [
              -93.318836,
              44.88181788825009
            ],
            [
              -93.318836,
              44.879572110312616
            ],
            [
              -93.31659022206253,
              44.879572110312616
            ]
          ]
        ]
      }
    },
    {
      "id": "130",
      "type": "Feature",
      "properties": {
        "cell_id": "r4_c1",
        "row": 4,
        "col": 1,
        "dominant_nbs": null,
        "dominant_nbs_score": null,
        "uhi_built_up": true,
        "shade_deficit": false,
        "high_daytime_lst": true,
        "limited_nocturnal_cooling": false,
        "high_social_exposure": false,
        "heat_mechanism_type": "mixed",
        "heat_mechanism_code": 6,
        "heat_score": 0.5174494981765747,
        "heat_risk_score": 0.25236064195632935,
        "hazard_valid": true,
        "is_interpolated": false
      },
      "geometry": {
        "type": "Polygon",
        "coordinates": [
          [
            [
              -93.31434444412506,
              44.879572110312616
            ],
            [
              -93.31434444412506,
              44.88181788825009
            ],
            [
              -93.31659022206253,
              44.88181788825009
            ],
            [
              -93.31659022206253,
              44.879572110312616
            ],
            [
              -93.31434444412506,
              44.879572110312616
            ]
          ]
        ]
      }
    },
    {
      "id": "131",
      "type": "Feature",
      "properties": {
        "cell_id": "r4_c2",
        "row": 4,
        "col": 2,
        "dominant_nbs": null,
        "dominant_nbs_score": null,
        "uhi_built_up": false,
        "shade_deficit": true,
        "high_daytime_lst": true,
        "limited_nocturnal_cooling": false,
        "high_social_exposure": false,
        "heat_mechanism_type": "mixed",
        "heat_mechanism_code": 6,
        "heat_score": 0.5166448950767517,
        "heat_risk_score": 0.2522297501564026,
        "hazard_valid": true,
        "is_interpolated": false
      },
      "geometry": {
        "type": "Polygon",
        "coordinates": [
          [
            [
              -93.31209866618757,
              44.879572110312616
            ],
            [
              -93.31209866618757,
              44.88181788825009
            ],
            [
              -93.31434444412506,
              44.88181788825009
            ],
            [
              -93.31434444412506,
              44.879572110312616
            ],
            [
              -93.31209866618757,
              44.879572110312616
            ]
          ]
        ]
      }
    },
    {
      "id": "132",
      "type": "Feature",
      "properties": {
        "cell_id": "r4_c3",
        "row": 4,
        "col": 3,
        "dominant_nbs": null,
        "dominant_nbs_score": null,
        "uhi_built_up": false,
        "shade_deficit": true,
        "high_daytime_lst": true,
        "limited_nocturnal_cooling": false,
        "high_social_exposure": false,
        "heat_mechanism_type": "high_daytime_lst",
        "heat_mechanism_code": 3,
        "heat_score": 0.5157288908958435,
        "heat_risk_score": 0.25208061933517456,
        "hazard_valid": true,
        "is_interpolated": false
      },
      "geometry": {
        "type": "Polygon",
        "coordinates": [
          [
            [
              -93.30985288825009,
              44.879572110312616
            ],
            [
              -93.30985288825009,
              44.88181788825009
            ],
            [
              -93.31209866618757,
              44.88181788825009
            ],
            [
              -93.31209866618757,
              44.879572110312616
            ],
            [
              -93.30985288825009,
              44.879572110312616
            ]
          ]
        ]
      }
    },
    {
      "id": "133",
      "type": "Feature",
      "properties": {
        "cell_id": "r4_c4",
        "row": 4,
        "col": 4,
        "dominant_nbs": null,
        "dominant_nbs_score": null,
        "uhi_built_up": true,
        "shade_deficit": false,
        "high_daytime_lst": true,
        "limited_nocturnal_cooling": false,
        "high_social_exposure": false,
        "heat_mechanism_type": "mixed",
        "heat_mechanism_code": 6,
        "heat_score": 0.5312843918800354,
        "heat_risk_score": 0.2545899748802185,
        "hazard_valid": true,
        "is_interpolated": false
      },
      "geometry": {
        "type": "Polygon",
        "coordinates": [
          [
            [
              -93.30760711031262,
              44.879572110312616
            ],
            [
              -93.30760711031262,
              44.88181788825009
            ],
            [
              -93.30985288825009,
              44.88181788825009
            ],
            [
              -93.30985288825009,
              44.879572110312616
            ],
            [
              -93.30760711031262,
              44.879572110312616
            ]
          ]
        ]
      }
    },
    {
      "id": "134",
      "type": "Feature",
      "properties": {
        "cell_id": "r4_c5",
        "row": 4,
        "col": 5,
        "dominant_nbs": null,
        "dominant_nbs_score": null,
        "uhi_built_up": false,
        "shade_deficit": false,
        "high_daytime_lst": true,
        "limited_nocturnal_cooling": false,
        "high_social_exposure": false,
        "heat_mechanism_type": "high_daytime_lst",
        "heat_mechanism_code": 3,
        "heat_score": 0.48596706986427307,
        "heat_risk_score": 0.19962139427661896,
        "hazard_valid": true,
        "is_interpolated": false
      },
      "geometry": {
        "type": "Polygon",
        "coordinates": [
          [
            [
              -93.30536133237514,
              44.879572110312616
            ],
            [
              -93.30536133237514,
              44.88181788825009
            ],
            [
              -93.30760711031262,
              44.88181788825009
            ],
            [
              -93.30760711031262,
              44.879572110312616
            ],
            [
              -93.30536133237514,
              44.879572110312616
            ]
          ]
        ]
      }
    },
    {
      "id": "135",
      "type": "Feature",
      "properties": {
        "cell_id": "r4_c6",
        "row": 4,
        "col": 6,
        "dominant_nbs": null,
        "dominant_nbs_score": null,
        "uhi_built_up": false,
        "shade_deficit": false,
        "high_daytime_lst": true,
        "limited_nocturnal_cooling": false,
        "high_social_exposure": false,
        "heat_mechanism_type": "high_daytime_lst",
        "heat_mechanism_code": 3,
        "heat_score": 0.48612090945243835,
        "heat_risk_score": 0.19964244961738586,
        "hazard_valid": true,
        "is_interpolated": false
      },
      "geometry": {
        "type": "Polygon",
        "coordinates": [
          [
            [
              -93.30311555443767,
              44.879572110312616
            ],
            [
              -93.30311555443767,
              44.88181788825009
            ],
            [
              -93.30536133237514,
              44.88181788825009
            ],
            [
              -93.30536133237514,
              44.879572110312616
            ],
            [
              -93.30311555443767,
              44.879572110312616
            ]
          ]
        ]
      }
    },
    {
      "id": "136",
      "type": "Feature",
      "properties": {
        "cell_id": "r4_c7",
        "row": 4,
        "col": 7,
        "dominant_nbs": null,
        "dominant_nbs_score": null,
        "uhi_built_up": false,
        "shade_deficit": false,
        "high_daytime_lst": true,
        "limited_nocturnal_cooling": false,
        "high_social_exposure": false,
        "heat_mechanism_type": "high_daytime_lst",
        "heat_mechanism_code": 3,
        "heat_score": 0.4886317253112793,
        "heat_risk_score": 0.1999855786561966,
        "hazard_valid": true,
        "is_interpolated": false
      },
      "geometry": {
        "type": "Polygon",
        "coordinates": [
          [
            [
              -93.30086977650018,
              44.879572110312616
            ],
            [
              -93.30086977650018,
              44.88181788825009
            ],
            [
              -93.30311555443767,
              44.88181788825009
            ],
            [
              -93.30311555443767,
              44.879572110312616
            ],
            [
              -93.30086977650018,
              44.879572110312616
            ]
          ]
        ]
      }
    },
    {
      "id": "137",
      "type": "Feature",
      "properties": {
        "cell_id": "r4_c8",
        "row": 4,
        "col": 8,
        "dominant_nbs": null,
        "dominant_nbs_score": null,
        "uhi_built_up": false,
        "shade_deficit": false,
        "high_daytime_lst": true,
        "limited_nocturnal_cooling": false,
        "high_social_exposure": false,
        "heat_mechanism_type": "high_daytime_lst",
        "heat_mechanism_code": 3,
        "heat_score": 0.5070943236351013,
        "heat_risk_score": 0.20247326791286469,
        "hazard_valid": true,
        "is_interpolated": false
      },
      "geometry": {
        "type": "Polygon",
        "coordinates": [
          [
            [
              -93.2986239985627,
              44.879572110312616
            ],
            [
              -93.2986239985627,
              44.88181788825009
            ],
            [
              -93.30086977650018,
              44.88181788825009
            ],
            [
              -93.30086977650018,
              44.879572110312616
            ],
            [
              -93.2986239985627,
              44.879572110312616
            ]
          ]
        ]
      }
    },
    {
      "id": "138",
      "type": "Feature",
      "properties": {
        "cell_id": "r4_c9",
        "row": 4,
        "col": 9,
        "dominant_nbs": null,
        "dominant_nbs_score": null,
        "uhi_built_up": false,
        "shade_deficit": false,
        "high_daytime_lst": true,
        "limited_nocturnal_cooling": false,
        "high_social_exposure": false,
        "heat_mechanism_type": "high_daytime_lst",
        "heat_mechanism_code": 3,
        "heat_score": 0.5380547046661377,
        "heat_risk_score": 0.20651277899742126,
        "hazard_valid": true,
        "is_interpolated": false
      },
      "geometry": {
        "type": "Polygon",
        "coordinates": [
          [
            [
              -93.29637822062523,
              44.879572110312616
            ],
            [
              -93.29637822062523,
              44.88181788825009
            ],
            [
              -93.2986239985627,
              44.88181788825009
            ],
            [
              -93.2986239985627,
              44.879572110312616
            ],
            [
              -93.29637822062523,
              44.879572110312616
            ]
          ]
        ]
      }
    },
    {
      "id": "139",
      "type": "Feature",
      "properties": {
        "cell_id": "r4_c10",
        "row": 4,
        "col": 10,
        "dominant_nbs": null,
        "dominant_nbs_score": null,
        "uhi_built_up": false,
        "shade_deficit": false,
        "high_daytime_lst": true,
        "limited_nocturnal_cooling": false,
        "high_social_exposure": false,
        "heat_mechanism_type": "high_daytime_lst",
        "heat_mechanism_code": 3,
        "heat_score": 0.5081498026847839,
        "heat_risk_score": 0.14188537001609802,
        "hazard_valid": true,
        "is_interpolated": false
      },
      "geometry": {
        "type": "Polygon",
        "coordinates": [
          [
            [
              -93.29413244268775,
              44.879572110312616
            ],
            [
              -93.29413244268775,
              44.88181788825009
            ],
            [
              -93.29637822062523,
              44.88181788825009
            ],
            [
              -93.29637822062523,
              44.879572110312616
            ],
            [
              -93.29413244268775,
              44.879572110312616
            ]
          ]
        ]
      }
    },
    {
      "id": "140",
      "type": "Feature",
      "properties": {
        "cell_id": "r4_c11",
        "row": 4,
        "col": 11,
        "dominant_nbs": null,
        "dominant_nbs_score": null,
        "uhi_built_up": false,
        "shade_deficit": false,
        "high_daytime_lst": true,
        "limited_nocturnal_cooling": false,
        "high_social_exposure": false,
        "heat_mechanism_type": "high_daytime_lst",
        "heat_mechanism_code": 3,
        "heat_score": 0.4699687957763672,
        "heat_risk_score": 0.1382388174533844,
        "hazard_valid": true,
        "is_interpolated": false
      },
      "geometry": {
        "type": "Polygon",
        "coordinates": [
          [
            [
              -93.29188666475028,
              44.879572110312616
            ],
            [
              -93.29188666475028,
              44.88181788825009
            ],
            [
              -93.29413244268775,
              44.88181788825009
            ],
            [
              -93.29413244268775,
              44.879572110312616
            ],
            [
              -93.29188666475028,
              44.879572110312616
            ]
          ]
        ]
      }
    },
    {
      "id": "141",
      "type": "Feature",
      "properties": {
        "cell_id": "r4_c12",
        "row": 4,
        "col": 12,
        "dominant_nbs": null,
        "dominant_nbs_score": null,
        "uhi_built_up": false,
        "shade_deficit": true,
        "high_daytime_lst": true,
        "limited_nocturnal_cooling": false,
        "high_social_exposure": false,
        "heat_mechanism_type": "shade_deficit",
        "heat_mechanism_code": 2,
        "heat_score": 0.4703759253025055,
        "heat_risk_score": 0.13827872276306152,
        "hazard_valid": true,
        "is_interpolated": false
      },
      "geometry": {
        "type": "Polygon",
        "coordinates": [
          [
            [
              -93.28964088681279,
              44.879572110312616
            ],
            [
              -93.28964088681279,
              44.88181788825009
            ],
            [
              -93.29188666475028,
              44.88181788825009
            ],
            [
              -93.29188666475028,
              44.879572110312616
            ],
            [
              -93.28964088681279,
              44.879572110312616
            ]
          ]
        ]
      }
    },
    {
      "id": "142",
      "type": "Feature",
      "properties": {
        "cell_id": "r4_c13",
        "row": 4,
        "col": 13,
        "dominant_nbs": null,
        "dominant_nbs_score": null,
        "uhi_built_up": false,
        "shade_deficit": true,
        "high_daytime_lst": true,
        "limited_nocturnal_cooling": false,
        "high_social_exposure": false,
        "heat_mechanism_type": "high_daytime_lst",
        "heat_mechanism_code": 3,
        "heat_score": 0.5012505054473877,
        "heat_risk_score": 0.14124029874801636,
        "hazard_valid": true,
        "is_interpolated": false
      },
      "geometry": {
        "type": "Polygon",
        "coordinates": [
          [
            [
              -93.28739510887532,
              44.879572110312616
            ],
            [
              -93.28739510887532,
              44.88181788825009
            ],
            [
              -93.28964088681279,
              44.88181788825009
            ],
            [
              -93.28964088681279,
              44.879572110312616
            ],
            [
              -93.28739510887532,
              44.879572110312616
            ]
          ]
        ]
      }
    },
    {
      "id": "143",
      "type": "Feature",
      "properties": {
        "cell_id": "r4_c14",
        "row": 4,
        "col": 14,
        "dominant_nbs": null,
        "dominant_nbs_score": null,
        "uhi_built_up": false,
        "shade_deficit": false,
        "high_daytime_lst": true,
        "limited_nocturnal_cooling": false,
        "high_social_exposure": true,
        "heat_mechanism_type": "high_daytime_lst",
        "heat_mechanism_code": 3,
        "heat_score": 0.5593425631523132,
        "heat_risk_score": 0.46536019444465637,
        "hazard_valid": true,
        "is_interpolated": false
      },
      "geometry": {
        "type": "Polygon",
        "coordinates": [
          [
            [
              -93.28514933093784,
              44.879572110312616
            ],
            [
              -93.28514933093784,
              44.88181788825009
            ],
            [
              -93.28739510887532,
              44.88181788825009
            ],
            [
              -93.28739510887532,
              44.879572110312616
            ],
            [
              -93.28514933093784,
              44.879572110312616
            ]
          ]
        ]
      }
    },
    {
      "id": "144",
      "type": "Feature",
      "properties": {
        "cell_id": "r4_c15",
        "row": 4,
        "col": 15,
        "dominant_nbs": null,
        "dominant_nbs_score": null,
        "uhi_built_up": false,
        "shade_deficit": true,
        "high_daytime_lst": true,
        "limited_nocturnal_cooling": false,
        "high_social_exposure": true,
        "heat_mechanism_type": "high_daytime_lst",
        "heat_mechanism_code": 3,
        "heat_score": 0.5875359177589417,
        "heat_risk_score": 0.47305113077163696,
        "hazard_valid": true,
        "is_interpolated": false
      },
      "geometry": {
        "type": "Polygon",
        "coordinates": [
          [
            [
              -93.28290355300037,
              44.879572110312616
            ],
            [
              -93.28290355300037,
              44.88181788825009
            ],
            [
              -93.28514933093784,
              44.88181788825009
            ],
            [
              -93.28514933093784,
              44.879572110312616
            ],
            [
              -93.28290355300037,
              44.879572110312616
            ]
          ]
        ]
      }
    },
    {
      "id": "145",
      "type": "Feature",
      "properties": {
        "cell_id": "r4_c16",
        "row": 4,
        "col": 16,
        "dominant_nbs": null,
        "dominant_nbs_score": null,
        "uhi_built_up": true,
        "shade_deficit": true,
        "high_daytime_lst": true,
        "limited_nocturnal_cooling": false,
        "high_social_exposure": true,
        "heat_mechanism_type": "mixed",
        "heat_mechanism_code": 6,
        "heat_score": 0.6120561957359314,
        "heat_risk_score": 0.47954243421554565,
        "hazard_valid": true,
        "is_interpolated": false
      },
      "geometry": {
        "type": "Polygon",
        "coordinates": [
          [
            [
              -93.28065777506289,
              44.879572110312616
            ],
            [
              -93.28065777506289,
              44.88181788825009
            ],
            [
              -93.28290355300037,
              44.88181788825009
            ],
            [
              -93.28290355300037,
              44.879572110312616
            ],
            [
              -93.28065777506289,
              44.879572110312616
            ]
          ]
        ]
      }
    },
    {
      "id": "146",
      "type": "Feature",
      "properties": {
        "cell_id": "r4_c17",
        "row": 4,
        "col": 17,
        "dominant_nbs": null,
        "dominant_nbs_score": null,
        "uhi_built_up": false,
        "shade_deficit": false,
        "high_daytime_lst": true,
        "limited_nocturnal_cooling": false,
        "high_social_exposure": true,
        "heat_mechanism_type": "high_daytime_lst",
        "heat_mechanism_code": 3,
        "heat_score": 0.6079367995262146,
        "heat_risk_score": 0.47846418619155884,
        "hazard_valid": true,
        "is_interpolated": false
      },
      "geometry": {
        "type": "Polygon",
        "coordinates": [
          [
            [
              -93.2784119971254,
              44.879572110312616
            ],
            [
              -93.2784119971254,
              44.88181788825009
            ],
            [
              -93.28065777506289,
              44.88181788825009
            ],
            [
              -93.28065777506289,
              44.879572110312616
            ],
            [
              -93.2784119971254,
              44.879572110312616
            ]
          ]
        ]
      }
    },
    {
      "id": "147",
      "type": "Feature",
      "properties": {
        "cell_id": "r4_c18",
        "row": 4,
        "col": 18,
        "dominant_nbs": null,
        "dominant_nbs_score": null,
        "uhi_built_up": false,
        "shade_deficit": false,
        "high_daytime_lst": true,
        "limited_nocturnal_cooling": false,
        "high_social_exposure": true,
        "heat_mechanism_type": "high_daytime_lst",
        "heat_mechanism_code": 3,
        "heat_score": 0.5626242160797119,
        "heat_risk_score": 0.46626850962638855,
        "hazard_valid": true,
        "is_interpolated": false
      },
      "geometry": {
        "type": "Polygon",
        "coordinates": [
          [
            [
              -93.27616621918793,
              44.879572110312616
            ],
            [
              -93.27616621918793,
              44.88181788825009
            ],
            [
              -93.2784119971254,
              44.88181788825009
            ],
            [
              -93.2784119971254,
              44.879572110312616
            ],
            [
              -93.27616621918793,
              44.879572110312616
            ]
          ]
        ]
      }
    },
    {
      "id": "148",
      "type": "Feature",
      "properties": {
        "cell_id": "r4_c19",
        "row": 4,
        "col": 19,
        "dominant_nbs": null,
        "dominant_nbs_score": null,
        "uhi_built_up": false,
        "shade_deficit": true,
        "high_daytime_lst": true,
        "limited_nocturnal_cooling": false,
        "high_social_exposure": true,
        "heat_mechanism_type": "mixed",
        "heat_mechanism_code": 6,
        "heat_score": 0.5457901954650879,
        "heat_risk_score": 0.46157100796699524,
        "hazard_valid": true,
        "is_interpolated": false
      },
      "geometry": {
        "type": "Polygon",
        "coordinates": [
          [
            [
              -93.27392044125045,
              44.879572110312616
            ],
            [
              -93.27392044125045,
              44.88181788825009
            ],
            [
              -93.27616621918793,
              44.88181788825009
            ],
            [
              -93.27616621918793,
              44.879572110312616
            ],
            [
              -93.27392044125045,
              44.879572110312616
            ]
          ]
        ]
      }
    },
    {
      "id": "149",
      "type": "Feature",
      "properties": {
        "cell_id": "r4_c20",
        "row": 4,
        "col": 20,
        "dominant_nbs": null,
        "dominant_nbs_score": null,
        "uhi_built_up": false,
        "shade_deficit": true,
        "high_daytime_lst": true,
        "limited_nocturnal_cooling": false,
        "high_social_exposure": true,
        "heat_mechanism_type": "mixed",
        "heat_mechanism_code": 6,
        "heat_score": 0.5367609858512878,
        "heat_risk_score": 0.3470381796360016,
        "hazard_valid": true,
        "is_interpolated": false
      },
      "geometry": {
        "type": "Polygon",
        "coordinates": [
          [
            [
              -93.27167466331298,
              44.879572110312616
            ],
            [
              -93.27167466331298,
              44.88181788825009
            ],
            [
              -93.27392044125045,
              44.88181788825009
            ],
            [
              -93.27392044125045,
              44.879572110312616
            ],
            [
              -93.27167466331298,
              44.879572110312616
            ]
          ]
        ]
      }
    },
    {
      "id": "150",
      "type": "Feature",
      "properties": {
        "cell_id": "r4_c21",
        "row": 4,
        "col": 21,
        "dominant_nbs": null,
        "dominant_nbs_score": null,
        "uhi_built_up": false,
        "shade_deficit": false,
        "high_daytime_lst": true,
        "limited_nocturnal_cooling": false,
        "high_social_exposure": true,
        "heat_mechanism_type": "high_daytime_lst",
        "heat_mechanism_code": 3,
        "heat_score": 0.5494614243507385,
        "heat_risk_score": 0.3497540056705475,
        "hazard_valid": true,
        "is_interpolated": false
      },
      "geometry": {
        "type": "Polygon",
        "coordinates": [
          [
            [
              -93.2694288853755,
              44.879572110312616
            ],
            [
              -93.2694288853755,
              44.88181788825009
            ],
            [
              -93.27167466331298,
              44.88181788825009
            ],
            [
              -93.27167466331298,
              44.879572110312616
            ],
            [
              -93.2694288853755,
              44.879572110312616
            ]
          ]
        ]
      }
    },
    {
      "id": "151",
      "type": "Feature",
      "properties": {
        "cell_id": "r4_c22",
        "row": 4,
        "col": 22,
        "dominant_nbs": null,
        "dominant_nbs_score": null,
        "uhi_built_up": false,
        "shade_deficit": false,
        "high_daytime_lst": true,
        "limited_nocturnal_cooling": false,
        "high_social_exposure": true,
        "heat_mechanism_type": "high_daytime_lst",
        "heat_mechanism_code": 3,
        "heat_score": 0.5772820115089417,
        "heat_risk_score": 0.3555600643157959,
        "hazard_valid": true,
        "is_interpolated": false
      },
      "geometry": {
        "type": "Polygon",
        "coordinates": [
          [
            [
              -93.26718310743802,
              44.879572110312616
            ],
            [
              -93.26718310743802,
              44.88181788825009
            ],
            [
              -93.2694288853755,
              44.88181788825009
            ],
            [
              -93.2694288853755,
              44.879572110312616
            ],
            [
              -93.26718310743802,
              44.879572110312616
            ]
          ]
        ]
      }
    },
    {
      "id": "152",
      "type": "Feature",
      "properties": {
        "cell_id": "r4_c23",
        "row": 4,
        "col": 23,
        "dominant_nbs": null,
        "dominant_nbs_score": null,
        "uhi_built_up": false,
        "shade_deficit": true,
        "high_daytime_lst": true,
        "limited_nocturnal_cooling": false,
        "high_social_exposure": false,
        "heat_mechanism_type": "mixed",
        "heat_mechanism_code": 6,
        "heat_score": 0.5660104155540466,
        "heat_risk_score": 0.31340503692626953,
        "hazard_valid": true,
        "is_interpolated": false
      },
      "geometry": {
        "type": "Polygon",
        "coordinates": [
          [
            [
              -93.26493732950054,
              44.879572110312616
            ],
            [
              -93.26493732950054,
              44.88181788825009
            ],
            [
              -93.26718310743802,
              44.88181788825009
            ],
            [
              -93.26718310743802,
              44.879572110312616
            ],
            [
              -93.26493732950054,
              44.879572110312616
            ]
          ]
        ]
      }
    },
    {
      "id": "153",
      "type": "Feature",
      "properties": {
        "cell_id": "r4_c24",
        "row": 4,
        "col": 24,
        "dominant_nbs": null,
        "dominant_nbs_score": null,
        "uhi_built_up": true,
        "shade_deficit": true,
        "high_daytime_lst": true,
        "limited_nocturnal_cooling": false,
        "high_social_exposure": false,
        "heat_mechanism_type": "mixed",
        "heat_mechanism_code": 6,
        "heat_score": 0.5716494917869568,
        "heat_risk_score": 0.31444239616394043,
        "hazard_valid": true,
        "is_interpolated": false
      },
      "geometry": {
        "type": "Polygon",
        "coordinates": [
          [
            [
              -93.26269155156307,
              44.879572110312616
            ],
            [
              -93.26269155156307,
              44.88181788825009
            ],
            [
              -93.26493732950054,
              44.88181788825009
            ],
            [
              -93.26493732950054,
              44.879572110312616
            ],
            [
              -93.26269155156307,
              44.879572110312616
            ]
          ]
        ]
      }
    },
    {
      "id": "154",
      "type": "Feature",
      "properties": {
        "cell_id": "r4_c25",
        "row": 4,
        "col": 25,
        "dominant_nbs": null,
        "dominant_nbs_score": null,
        "uhi_built_up": false,
        "shade_deficit": true,
        "high_daytime_lst": true,
        "limited_nocturnal_cooling": false,
        "high_social_exposure": false,
        "heat_mechanism_type": "high_daytime_lst",
        "heat_mechanism_code": 3,
        "heat_score": 0.568702757358551,
        "heat_risk_score": 0.2839197516441345,
        "hazard_valid": true,
        "is_interpolated": false
      },
      "geometry": {
        "type": "Polygon",
        "coordinates": [
          [
            [
              -93.26044577362559,
              44.879572110312616
            ],
            [
              -93.26044577362559,
              44.88181788825009
            ],
            [
              -93.26269155156307,
              44.88181788825009
            ],
            [
              -93.26269155156307,
              44.879572110312616
            ],
            [
              -93.26044577362559,
              44.879572110312616
            ]
          ]
        ]
      }
    },
    {
      "id": "155",
      "type": "Feature",
      "properties": {
        "cell_id": "r4_c26",
        "row": 4,
        "col": 26,
        "dominant_nbs": null,
        "dominant_nbs_score": null,
        "uhi_built_up": true,
        "shade_deficit": false,
        "high_daytime_lst": true,
        "limited_nocturnal_cooling": false,
        "high_social_exposure": false,
        "heat_mechanism_type": "mixed",
        "heat_mechanism_code": 6,
        "heat_score": 0.5658484101295471,
        "heat_risk_score": 0.2834439277648926,
        "hazard_valid": true,
        "is_interpolated": false
      },
      "geometry": {
        "type": "Polygon",
        "coordinates": [
          [
            [
              -93.25819999568812,
              44.879572110312616
            ],
            [
              -93.25819999568812,
              44.88181788825009
            ],
            [
              -93.26044577362559,
              44.88181788825009
            ],
            [
              -93.26044577362559,
              44.879572110312616
            ],
            [
              -93.25819999568812,
              44.879572110312616
            ]
          ]
        ]
      }
    },
    {
      "id": "156",
      "type": "Feature",
      "properties": {
        "cell_id": "r4_c27",
        "row": 4,
        "col": 27,
        "dominant_nbs": null,
        "dominant_nbs_score": null,
        "uhi_built_up": false,
        "shade_deficit": false,
        "high_daytime_lst": true,
        "limited_nocturnal_cooling": false,
        "high_social_exposure": false,
        "heat_mechanism_type": "high_daytime_lst",
        "heat_mechanism_code": 3,
        "heat_score": 0.5646781325340271,
        "heat_risk_score": 0.3057120442390442,
        "hazard_valid": true,
        "is_interpolated": false
      },
      "geometry": {
        "type": "Polygon",
        "coordinates": [
          [
            [
              -93.25595421775063,
              44.879572110312616
            ],
            [
              -93.25595421775063,
              44.88181788825009
            ],
            [
              -93.25819999568812,
              44.88181788825009
            ],
            [
              -93.25819999568812,
              44.879572110312616
            ],
            [
              -93.25595421775063,
              44.879572110312616
            ]
          ]
        ]
      }
    },
    {
      "id": "157",
      "type": "Feature",
      "properties": {
        "cell_id": "r4_c28",
        "row": 4,
        "col": 28,
        "dominant_nbs": null,
        "dominant_nbs_score": null,
        "uhi_built_up": false,
        "shade_deficit": true,
        "high_daytime_lst": true,
        "limited_nocturnal_cooling": false,
        "high_social_exposure": false,
        "heat_mechanism_type": "high_daytime_lst",
        "heat_mechanism_code": 3,
        "heat_score": 0.5653272271156311,
        "heat_risk_score": 0.30582913756370544,
        "hazard_valid": true,
        "is_interpolated": false
      },
      "geometry": {
        "type": "Polygon",
        "coordinates": [
          [
            [
              -93.25370843981315,
              44.879572110312616
            ],
            [
              -93.25370843981315,
              44.88181788825009
            ],
            [
              -93.25595421775063,
              44.88181788825009
            ],
            [
              -93.25595421775063,
              44.879572110312616
            ],
            [
              -93.25370843981315,
              44.879572110312616
            ]
          ]
        ]
      }
    },
    {
      "id": "158",
      "type": "Feature",
      "properties": {
        "cell_id": "r4_c29",
        "row": 4,
        "col": 29,
        "dominant_nbs": null,
        "dominant_nbs_score": null,
        "uhi_built_up": false,
        "shade_deficit": true,
        "high_daytime_lst": true,
        "limited_nocturnal_cooling": false,
        "high_social_exposure": false,
        "heat_mechanism_type": "high_daytime_lst",
        "heat_mechanism_code": 3,
        "heat_score": 0.49459195137023926,
        "heat_risk_score": 0.2925013601779938,
        "hazard_valid": true,
        "is_interpolated": false
      },
      "geometry": {
        "type": "Polygon",
        "coordinates": [
          [
            [
              -93.25146266187568,
              44.879572110312616
            ],
            [
              -93.25146266187568,
              44.88181788825009
            ],
            [
              -93.25370843981315,
              44.88181788825009
            ],
            [
              -93.25370843981315,
              44.879572110312616
            ],
            [
              -93.25146266187568,
              44.879572110312616
            ]
          ]
        ]
      }
    },
    {
      "id": "159",
      "type": "Feature",
      "properties": {
        "cell_id": "r4_c30",
        "row": 4,
        "col": 30,
        "dominant_nbs": null,
        "dominant_nbs_score": null,
        "uhi_built_up": false,
        "shade_deficit": false,
        "high_daytime_lst": true,
        "limited_nocturnal_cooling": false,
        "high_social_exposure": false,
        "heat_mechanism_type": "high_daytime_lst",
        "heat_mechanism_code": 3,
        "heat_score": 0.5031247735023499,
        "heat_risk_score": 0.2941738963127136,
        "hazard_valid": true,
        "is_interpolated": false
      },
      "geometry": {
        "type": "Polygon",
        "coordinates": [
          [
            [
              -93.2492168839382,
              44.879572110312616
            ],
            [
              -93.2492168839382,
              44.88181788825009
            ],
            [
              -93.25146266187568,
              44.88181788825009
            ],
            [
              -93.25146266187568,
              44.879572110312616
            ],
            [
              -93.2492168839382,
              44.879572110312616
            ]
          ]
        ]
      }
    },
    {
      "id": "160",
      "type": "Feature",
      "properties": {
        "cell_id": "r4_c31",
        "row": 4,
        "col": 31,
        "dominant_nbs": null,
        "dominant_nbs_score": null,
        "uhi_built_up": true,
        "shade_deficit": false,
        "high_daytime_lst": true,
        "limited_nocturnal_cooling": false,
        "high_social_exposure": false,
        "heat_mechanism_type": "mixed",
        "heat_mechanism_code": 6,
        "heat_score": 0.5197687745094299,
        "heat_risk_score": 0.297382652759552,
        "hazard_valid": true,
        "is_interpolated": false
      },
      "geometry": {
        "type": "Polygon",
        "coordinates": [
          [
            [
              -93.24697110600073,
              44.879572110312616
            ],
            [
              -93.24697110600073,
              44.88181788825009
            ],
            [
              -93.2492168839382,
              44.88181788825009
            ],
            [
              -93.2492168839382,
              44.879572110312616
            ],
            [
              -93.24697110600073,
              44.879572110312616
            ]
          ]
        ]
      }
    },
    {
      "id": "161",
      "type": "Feature",
      "properties": {
        "cell_id": "r5_c0",
        "row": 5,
        "col": 0,
        "dominant_nbs": null,
        "dominant_nbs_score": null,
        "uhi_built_up": false,
        "shade_deficit": false,
        "high_daytime_lst": true,
        "limited_nocturnal_cooling": false,
        "high_social_exposure": false,
        "heat_mechanism_type": "high_daytime_lst",
        "heat_mechanism_code": 3,
        "heat_score": 0.36588549613952637,
        "heat_risk_score": 0.22482642531394958,
        "hazard_valid": true,
        "is_interpolated": false
      },
      "geometry": {
        "type": "Polygon",
        "coordinates": [
          [
            [
              -93.31659022206253,
              44.87732633237514
            ],
            [
              -93.31659022206253,
              44.879572110312616
            ],
            [
              -93.318836,
              44.879572110312616
            ],
            [
              -93.318836,
              44.87732633237514
            ],
            [
              -93.31659022206253,
              44.87732633237514
            ]
          ]
        ]
      }
    },
    {
      "id": "162",
      "type": "Feature",
      "properties": {
        "cell_id": "r5_c1",
        "row": 5,
        "col": 1,
        "dominant_nbs": null,
        "dominant_nbs_score": null,
        "uhi_built_up": false,
        "shade_deficit": false,
        "high_daytime_lst": true,
        "limited_nocturnal_cooling": false,
        "high_social_exposure": false,
        "heat_mechanism_type": "high_daytime_lst",
        "heat_mechanism_code": 3,
        "heat_score": 0.36158621311187744,
        "heat_risk_score": 0.2239423543214798,
        "hazard_valid": true,
        "is_interpolated": false
      },
      "geometry": {
        "type": "Polygon",
        "coordinates": [
          [
            [
              -93.31434444412506,
              44.87732633237514
            ],
            [
              -93.31434444412506,
              44.879572110312616
            ],
            [
              -93.31659022206253,
              44.879572110312616
            ],
            [
              -93.31659022206253,
              44.87732633237514
            ],
            [
              -93.31434444412506,
              44.87732633237514
            ]
          ]
        ]
      }
    },
    {
      "id": "163",
      "type": "Feature",
      "properties": {
        "cell_id": "r5_c2",
        "row": 5,
        "col": 2,
        "dominant_nbs": null,
        "dominant_nbs_score": null,
        "uhi_built_up": false,
        "shade_deficit": true,
        "high_daytime_lst": true,
        "limited_nocturnal_cooling": false,
        "high_social_exposure": false,
        "heat_mechanism_type": "mixed",
        "heat_mechanism_code": 6,
        "heat_score": 0.3601211607456207,
        "heat_risk_score": 0.22363948822021484,
        "hazard_valid": true,
        "is_interpolated": false
      },
      "geometry": {
        "type": "Polygon",
        "coordinates": [
          [
            [
              -93.31209866618757,
              44.87732633237514
            ],
            [
              -93.31209866618757,
              44.879572110312616
            ],
            [
              -93.31434444412506,
              44.879572110312616
            ],
            [
              -93.31434444412506,
              44.87732633237514
            ],
            [
              -93.31209866618757,
              44.87732633237514
            ]
          ]
        ]
      }
    },
    {
      "id": "164",
      "type": "Feature",
      "properties": {
        "cell_id": "r5_c3",
        "row": 5,
        "col": 3,
        "dominant_nbs": null,
        "dominant_nbs_score": null,
        "uhi_built_up": false,
        "shade_deficit": true,
        "high_daytime_lst": true,
        "limited_nocturnal_cooling": false,
        "high_social_exposure": false,
        "heat_mechanism_type": "high_daytime_lst",
        "heat_mechanism_code": 3,
        "heat_score": 0.3524509370326996,
        "heat_risk_score": 0.2220403105020523,
        "hazard_valid": true,
        "is_interpolated": false
      },
      "geometry": {
        "type": "Polygon",
        "coordinates": [
          [
            [
              -93.30985288825009,
              44.87732633237514
            ],
            [
              -93.30985288825009,
              44.879572110312616
            ],
            [
              -93.31209866618757,
              44.879572110312616
            ],
            [
              -93.31209866618757,
              44.87732633237514
            ],
            [
              -93.30985288825009,
              44.87732633237514
            ]
          ]
        ]
      }
    },
    {
      "id": "165",
      "type": "Feature",
      "properties": {
        "cell_id": "r5_c4",
        "row": 5,
        "col": 4,
        "dominant_nbs": null,
        "dominant_nbs_score": null,
        "uhi_built_up": false,
        "shade_deficit": false,
        "high_daytime_lst": true,
        "limited_nocturnal_cooling": false,
        "high_social_exposure": false,
        "heat_mechanism_type": "high_daytime_lst",
        "heat_mechanism_code": 3,
        "heat_score": 0.34095749258995056,
        "heat_risk_score": 0.21960000693798065,
        "hazard_valid": true,
        "is_interpolated": false
      },
      "geometry": {
        "type": "Polygon",
        "coordinates": [
          [
            [
              -93.30760711031262,
              44.87732633237514
            ],
            [
              -93.30760711031262,
              44.879572110312616
            ],
            [
              -93.30985288825009,
              44.879572110312616
            ],
            [
              -93.30985288825009,
              44.87732633237514
            ],
            [
              -93.30760711031262,
              44.87732633237514
            ]
          ]
        ]
      }
    },
    {
      "id": "166",
      "type": "Feature",
      "properties": {
        "cell_id": "r5_c5",
        "row": 5,
        "col": 5,
        "dominant_nbs": null,
        "dominant_nbs_score": null,
        "uhi_built_up": true,
        "shade_deficit": true,
        "high_daytime_lst": true,
        "limited_nocturnal_cooling": false,
        "high_social_exposure": false,
        "heat_mechanism_type": "uhi_built_up",
        "heat_mechanism_code": 1,
        "heat_score": 0.5658950209617615,
        "heat_risk_score": 0.21001489460468292,
        "hazard_valid": true,
        "is_interpolated": false
      },
      "geometry": {
        "type": "Polygon",
        "coordinates": [
          [
            [
              -93.30536133237514,
              44.87732633237514
            ],
            [
              -93.30536133237514,
              44.879572110312616
            ],
            [
              -93.30760711031262,
              44.879572110312616
            ],
            [
              -93.30760711031262,
              44.87732633237514
            ],
            [
              -93.30536133237514,
              44.87732633237514
            ]
          ]
        ]
      }
    },
    {
      "id": "167",
      "type": "Feature",
      "properties": {
        "cell_id": "r5_c6",
        "row": 5,
        "col": 6,
        "dominant_nbs": null,
        "dominant_nbs_score": null,
        "uhi_built_up": false,
        "shade_deficit": true,
        "high_daytime_lst": true,
        "limited_nocturnal_cooling": false,
        "high_social_exposure": false,
        "heat_mechanism_type": "high_daytime_lst",
        "heat_mechanism_code": 3,
        "heat_score": 0.5677697658538818,
        "heat_risk_score": 0.21024654805660248,
        "hazard_valid": true,
        "is_interpolated": false
      },
      "geometry": {
        "type": "Polygon",
        "coordinates": [
          [
            [
              -93.30311555443767,
              44.87732633237514
            ],
            [
              -93.30311555443767,
              44.879572110312616
            ],
            [
              -93.30536133237514,
              44.879572110312616
            ],
            [
              -93.30536133237514,
              44.87732633237514
            ],
            [
              -93.30311555443767,
              44.87732633237514
            ]
          ]
        ]
      }
    },
    {
      "id": "168",
      "type": "Feature",
      "properties": {
        "cell_id": "r5_c7",
        "row": 5,
        "col": 7,
        "dominant_nbs": null,
        "dominant_nbs_score": null,
        "uhi_built_up": false,
        "shade_deficit": false,
        "high_daytime_lst": true,
        "limited_nocturnal_cooling": false,
        "high_social_exposure": false,
        "heat_mechanism_type": "high_daytime_lst",
        "heat_mechanism_code": 3,
        "heat_score": 0.5879974365234375,
        "heat_risk_score": 0.2127142697572708,
        "hazard_valid": true,
        "is_interpolated": false
      },
      "geometry": {
        "type": "Polygon",
        "coordinates": [
          [
            [
              -93.30086977650018,
              44.87732633237514
            ],
            [
              -93.30086977650018,
              44.879572110312616
            ],
            [
              -93.30311555443767,
              44.879572110312616
            ],
            [
              -93.30311555443767,
              44.87732633237514
            ],
            [
              -93.30086977650018,
              44.87732633237514
            ]
          ]
        ]
      }
    },
    {
      "id": "169",
      "type": "Feature",
      "properties": {
        "cell_id": "r5_c8",
        "row": 5,
        "col": 8,
        "dominant_nbs": null,
        "dominant_nbs_score": null,
        "uhi_built_up": true,
        "shade_deficit": true,
        "high_daytime_lst": true,
        "limited_nocturnal_cooling": false,
        "high_social_exposure": false,
        "heat_mechanism_type": "mixed",
        "heat_mechanism_code": 6,
        "heat_score": 0.597585916519165,
        "heat_risk_score": 0.2138642817735672,
        "hazard_valid": true,
        "is_interpolated": false
      },
      "geometry": {
        "type": "Polygon",
        "coordinates": [
          [
            [
              -93.2986239985627,
              44.87732633237514
            ],
            [
              -93.2986239985627,
              44.879572110312616
            ],
            [
              -93.30086977650018,
              44.879572110312616
            ],
            [
              -93.30086977650018,
              44.87732633237514
            ],
            [
              -93.2986239985627,
              44.87732633237514
            ]
          ]
        ]
      }
    },
    {
      "id": "170",
      "type": "Feature",
      "properties": {
        "cell_id": "r5_c9",
        "row": 5,
        "col": 9,
        "dominant_nbs": null,
        "dominant_nbs_score": null,
        "uhi_built_up": false,
        "shade_deficit": true,
        "high_daytime_lst": true,
        "limited_nocturnal_cooling": false,
        "high_social_exposure": false,
        "heat_mechanism_type": "high_daytime_lst",
        "heat_mechanism_code": 3,
        "heat_score": 0.49693620204925537,
        "heat_risk_score": 0.20111216604709625,
        "hazard_valid": true,
        "is_interpolated": false
      },
      "geometry": {
        "type": "Polygon",
        "coordinates": [
          [
            [
              -93.29637822062523,
              44.87732633237514
            ],
            [
              -93.29637822062523,
              44.879572110312616
            ],
            [
              -93.2986239985627,
              44.879572110312616
            ],
            [
              -93.2986239985627,
              44.87732633237514
            ],
            [
              -93.29637822062523,
              44.87732633237514
            ]
          ]
        ]
      }
    },
    {
      "id": "171",
      "type": "Feature",
      "properties": {
        "cell_id": "r5_c10",
        "row": 5,
        "col": 10,
        "dominant_nbs": null,
        "dominant_nbs_score": null,
        "uhi_built_up": false,
        "shade_deficit": false,
        "high_daytime_lst": true,
        "limited_nocturnal_cooling": false,
        "high_social_exposure": false,
        "heat_mechanism_type": "high_daytime_lst",
        "heat_mechanism_code": 3,
        "heat_score": 0.42652931809425354,
        "heat_risk_score": 0.13384124636650085,
        "hazard_valid": true,
        "is_interpolated": false
      },
      "geometry": {
        "type": "Polygon",
        "coordinates": [
          [
            [
              -93.29413244268775,
              44.87732633237514
            ],
            [
              -93.29413244268775,
              44.879572110312616
            ],
            [
              -93.29637822062523,
              44.879572110312616
            ],
            [
              -93.29637822062523,
              44.87732633237514
            ],
            [
              -93.29413244268775,
              44.87732633237514
            ]
          ]
        ]
      }
    },
    {
      "id": "172",
      "type": "Feature",
      "properties": {
        "cell_id": "r5_c11",
        "row": 5,
        "col": 11,
        "dominant_nbs": null,
        "dominant_nbs_score": null,
        "uhi_built_up": false,
        "shade_deficit": false,
        "high_daytime_lst": true,
        "limited_nocturnal_cooling": false,
        "high_social_exposure": false,
        "heat_mechanism_type": "high_daytime_lst",
        "heat_mechanism_code": 3,
        "heat_score": 0.4091610908508301,
        "heat_risk_score": 0.13199934363365173,
        "hazard_valid": true,
        "is_interpolated": false
      },
      "geometry": {
        "type": "Polygon",
        "coordinates": [
          [
            [
              -93.29188666475028,
              44.87732633237514
            ],
            [
              -93.29188666475028,
              44.879572110312616
            ],
            [
              -93.29413244268775,
              44.879572110312616
            ],
            [
              -93.29413244268775,
              44.87732633237514
            ],
            [
              -93.29188666475028,
              44.87732633237514
            ]
          ]
        ]
      }
    },
    {
      "id": "173",
      "type": "Feature",
      "properties": {
        "cell_id": "r5_c12",
        "row": 5,
        "col": 12,
        "dominant_nbs": null,
        "dominant_nbs_score": null,
        "uhi_built_up": false,
        "shade_deficit": false,
        "high_daytime_lst": true,
        "limited_nocturnal_cooling": false,
        "high_social_exposure": false,
        "heat_mechanism_type": "without_clear_dominant",
        "heat_mechanism_code": 0,
        "heat_score": 0.4158443212509155,
        "heat_risk_score": 0.1327141672372818,
        "hazard_valid": true,
        "is_interpolated": false
      },
      "geometry": {
        "type": "Polygon",
        "coordinates": [
          [
            [
              -93.28964088681279,
              44.87732633237514
            ],
            [
              -93.28964088681279,
              44.879572110312616
            ],
            [
              -93.29188666475028,
              44.879572110312616
            ],
            [
              -93.29188666475028,
              44.87732633237514
            ],
            [
              -93.28964088681279,
              44.87732633237514
            ]
          ]
        ]
      }
    },
    {
      "id": "174",
      "type": "Feature",
      "properties": {
        "cell_id": "r5_c13",
        "row": 5,
        "col": 13,
        "dominant_nbs": null,
        "dominant_nbs_score": null,
        "uhi_built_up": false,
        "shade_deficit": false,
        "high_daytime_lst": true,
        "limited_nocturnal_cooling": false,
        "high_social_exposure": false,
        "heat_mechanism_type": "high_daytime_lst",
        "heat_mechanism_code": 3,
        "heat_score": 0.3614028990268707,
        "heat_risk_score": 0.12664972245693207,
        "hazard_valid": true,
        "is_interpolated": false
      },
      "geometry": {
        "type": "Polygon",
        "coordinates": [
          [
            [
              -93.28739510887532,
              44.87732633237514
            ],
            [
              -93.28739510887532,
              44.879572110312616
            ],
            [
              -93.28964088681279,
              44.879572110312616
            ],
            [
              -93.28964088681279,
              44.87732633237514
            ],
            [
              -93.28739510887532,
              44.87732633237514
            ]
          ]
        ]
      }
    },
    {
      "id": "175",
      "type": "Feature",
      "properties": {
        "cell_id": "r5_c14",
        "row": 5,
        "col": 14,
        "dominant_nbs": null,
        "dominant_nbs_score": null,
        "uhi_built_up": false,
        "shade_deficit": true,
        "high_daytime_lst": true,
        "limited_nocturnal_cooling": false,
        "high_social_exposure": false,
        "heat_mechanism_type": "high_daytime_lst",
        "heat_mechanism_code": 3,
        "heat_score": 0.4377559423446655,
        "heat_risk_score": 0.13500536978244781,
        "hazard_valid": true,
        "is_interpolated": false
      },
      "geometry": {
        "type": "Polygon",
        "coordinates": [
          [
            [
              -93.28514933093784,
              44.87732633237514
            ],
            [
              -93.28514933093784,
              44.879572110312616
            ],
            [
              -93.28739510887532,
              44.879572110312616
            ],
            [
              -93.28739510887532,
              44.87732633237514
            ],
            [
              -93.28514933093784,
              44.87732633237514
            ]
          ]
        ]
      }
    },
    {
      "id": "176",
      "type": "Feature",
      "properties": {
        "cell_id": "r5_c15",
        "row": 5,
        "col": 15,
        "dominant_nbs": null,
        "dominant_nbs_score": null,
        "uhi_built_up": false,
        "shade_deficit": false,
        "high_daytime_lst": true,
        "limited_nocturnal_cooling": false,
        "high_social_exposure": false,
        "heat_mechanism_type": "high_daytime_lst",
        "heat_mechanism_code": 3,
        "heat_score": 0.4765118658542633,
        "heat_risk_score": 0.13887740671634674,
        "hazard_valid": true,
        "is_interpolated": false
      },
      "geometry": {
        "type": "Polygon",
        "coordinates": [
          [
            [
              -93.28290355300037,
              44.87732633237514
            ],
            [
              -93.28290355300037,
              44.879572110312616
            ],
            [
              -93.28514933093784,
              44.879572110312616
            ],
            [
              -93.28514933093784,
              44.87732633237514
            ],
            [
              -93.28290355300037,
              44.87732633237514
            ]
          ]
        ]
      }
    },
    {
      "id": "177",
      "type": "Feature",
      "properties": {
        "cell_id": "r5_c16",
        "row": 5,
        "col": 16,
        "dominant_nbs": null,
        "dominant_nbs_score": null,
        "uhi_built_up": false,
        "shade_deficit": false,
        "high_daytime_lst": true,
        "limited_nocturnal_cooling": false,
        "high_social_exposure": false,
        "heat_mechanism_type": "high_daytime_lst",
        "heat_mechanism_code": 3,
        "heat_score": 0.4695335924625397,
        "heat_risk_score": 0.13819614052772522,
        "hazard_valid": true,
        "is_interpolated": false
      },
      "geometry": {
        "type": "Polygon",
        "coordinates": [
          [
            [
              -93.28065777506289,
              44.87732633237514
            ],
            [
              -93.28065777506289,
              44.879572110312616
            ],
            [
              -93.28290355300037,
              44.879572110312616
            ],
            [
              -93.28290355300037,
              44.87732633237514
            ],
            [
              -93.28065777506289,
              44.87732633237514
            ]
          ]
        ]
      }
    },
    {
      "id": "178",
      "type": "Feature",
      "properties": {
        "cell_id": "r5_c17",
        "row": 5,
        "col": 17,
        "dominant_nbs": null,
        "dominant_nbs_score": null,
        "uhi_built_up": true,
        "shade_deficit": true,
        "high_daytime_lst": true,
        "limited_nocturnal_cooling": false,
        "high_social_exposure": false,
        "heat_mechanism_type": "mixed",
        "heat_mechanism_code": 6,
        "heat_score": 0.46698319911956787,
        "heat_risk_score": 0.13794547319412231,
        "hazard_valid": true,
        "is_interpolated": false
      },
      "geometry": {
        "type": "Polygon",
        "coordinates": [
          [
            [
              -93.2784119971254,
              44.87732633237514
            ],
            [
              -93.2784119971254,
              44.879572110312616
            ],
            [
              -93.28065777506289,
              44.879572110312616
            ],
            [
              -93.28065777506289,
              44.87732633237514
            ],
            [
              -93.2784119971254,
              44.87732633237514
            ]
          ]
        ]
      }
    },
    {
      "id": "179",
      "type": "Feature",
      "properties": {
        "cell_id": "r5_c18",
        "row": 5,
        "col": 18,
        "dominant_nbs": null,
        "dominant_nbs_score": null,
        "uhi_built_up": false,
        "shade_deficit": true,
        "high_daytime_lst": true,
        "limited_nocturnal_cooling": false,
        "high_social_exposure": false,
        "heat_mechanism_type": "high_daytime_lst",
        "heat_mechanism_code": 3,
        "heat_score": 0.4511733055114746,
        "heat_risk_score": 0.25492292642593384,
        "hazard_valid": true,
        "is_interpolated": false
      },
      "geometry": {
        "type": "Polygon",
        "coordinates": [
          [
            [
              -93.27616621918793,
              44.87732633237514
            ],
            [
              -93.27616621918793,
              44.879572110312616
            ],
            [
              -93.2784119971254,
              44.879572110312616
            ],
            [
              -93.2784119971254,
              44.87732633237514
            ],
            [
              -93.27616621918793,
              44.87732633237514
            ]
          ]
        ]
      }
    },
    {
      "id": "180",
      "type": "Feature",
      "properties": {
        "cell_id": "r5_c19",
        "row": 5,
        "col": 19,
        "dominant_nbs": null,
        "dominant_nbs_score": null,
        "uhi_built_up": false,
        "shade_deficit": false,
        "high_daytime_lst": true,
        "limited_nocturnal_cooling": false,
        "high_social_exposure": false,
        "heat_mechanism_type": "high_daytime_lst",
        "heat_mechanism_code": 3,
        "heat_score": 0.42378559708595276,
        "heat_risk_score": 0.24965666234493256,
        "hazard_valid": true,
        "is_interpolated": false
      },
      "geometry": {
        "type": "Polygon",
        "coordinates": [
          [
            [
              -93.27392044125045,
              44.87732633237514
            ],
            [
              -93.27392044125045,
              44.879572110312616
            ],
            [
              -93.27616621918793,
              44.879572110312616
            ],
            [
              -93.27616621918793,
              44.87732633237514
            ],
            [
              -93.27392044125045,
              44.87732633237514
            ]
          ]
        ]
      }
    },
    {
      "id": "181",
      "type": "Feature",
      "properties": {
        "cell_id": "r5_c20",
        "row": 5,
        "col": 20,
        "dominant_nbs": null,
        "dominant_nbs_score": null,
        "uhi_built_up": false,
        "shade_deficit": true,
        "high_daytime_lst": true,
        "limited_nocturnal_cooling": false,
        "high_social_exposure": true,
        "heat_mechanism_type": "high_daytime_lst",
        "heat_mechanism_code": 3,
        "heat_score": 0.43331483006477356,
        "heat_risk_score": 0.3231356143951416,
        "hazard_valid": true,
        "is_interpolated": false
      },
      "geometry": {
        "type": "Polygon",
        "coordinates": [
          [
            [
              -93.27167466331298,
              44.87732633237514
            ],
            [
              -93.27167466331298,
              44.879572110312616
            ],
            [
              -93.27392044125045,
              44.879572110312616
            ],
            [
              -93.27392044125045,
              44.87732633237514
            ],
            [
              -93.27167466331298,
              44.87732633237514
            ]
          ]
        ]
      }
    },
    {
      "id": "182",
      "type": "Feature",
      "properties": {
        "cell_id": "r5_c21",
        "row": 5,
        "col": 21,
        "dominant_nbs": null,
        "dominant_nbs_score": null,
        "uhi_built_up": false,
        "shade_deficit": false,
        "high_daytime_lst": true,
        "limited_nocturnal_cooling": false,
        "high_social_exposure": true,
        "heat_mechanism_type": "high_daytime_lst",
        "heat_mechanism_code": 3,
        "heat_score": 0.45309317111968994,
        "heat_risk_score": 0.32797905802726746,
        "hazard_valid": true,
        "is_interpolated": false
      },
      "geometry": {
        "type": "Polygon",
        "coordinates": [
          [
            [
              -93.2694288853755,
              44.87732633237514
            ],
            [
              -93.2694288853755,
              44.879572110312616
            ],
            [
              -93.27167466331298,
              44.879572110312616
            ],
            [
              -93.27167466331298,
              44.87732633237514
            ],
            [
              -93.2694288853755,
              44.87732633237514
            ]
          ]
        ]
      }
    },
    {
      "id": "183",
      "type": "Feature",
      "properties": {
        "cell_id": "r5_c22",
        "row": 5,
        "col": 22,
        "dominant_nbs": null,
        "dominant_nbs_score": null,
        "uhi_built_up": false,
        "shade_deficit": true,
        "high_daytime_lst": true,
        "limited_nocturnal_cooling": false,
        "high_social_exposure": true,
        "heat_mechanism_type": "high_daytime_lst",
        "heat_mechanism_code": 3,
        "heat_score": 0.45391905307769775,
        "heat_risk_score": 0.3281782269477844,
        "hazard_valid": true,
        "is_interpolated": false
      },
      "geometry": {
        "type": "Polygon",
        "coordinates": [
          [
            [
              -93.26718310743802,
              44.87732633237514
            ],
            [
              -93.26718310743802,
              44.879572110312616
            ],
            [
              -93.2694288853755,
              44.879572110312616
            ],
            [
              -93.2694288853755,
              44.87732633237514
            ],
            [
              -93.26718310743802,
              44.87732633237514
            ]
          ]
        ]
      }
    },
    {
      "id": "184",
      "type": "Feature",
      "properties": {
        "cell_id": "r5_c23",
        "row": 5,
        "col": 23,
        "dominant_nbs": null,
        "dominant_nbs_score": null,
        "uhi_built_up": true,
        "shade_deficit": true,
        "high_daytime_lst": true,
        "limited_nocturnal_cooling": false,
        "high_social_exposure": false,
        "heat_mechanism_type": "mixed",
        "heat_mechanism_code": 6,
        "heat_score": 0.44233012199401855,
        "heat_risk_score": 0.28867778182029724,
        "hazard_valid": true,
        "is_interpolated": false
      },
      "geometry": {
        "type": "Polygon",
        "coordinates": [
          [
            [
              -93.26493732950054,
              44.87732633237514
            ],
            [
              -93.26493732950054,
              44.879572110312616
            ],
            [
              -93.26718310743802,
              44.879572110312616
            ],
            [
              -93.26718310743802,
              44.87732633237514
            ],
            [
              -93.26493732950054,
              44.87732633237514
            ]
          ]
        ]
      }
    },
    {
      "id": "185",
      "type": "Feature",
      "properties": {
        "cell_id": "r5_c24",
        "row": 5,
        "col": 24,
        "dominant_nbs": null,
        "dominant_nbs_score": null,
        "uhi_built_up": false,
        "shade_deficit": true,
        "high_daytime_lst": true,
        "limited_nocturnal_cooling": false,
        "high_social_exposure": false,
        "heat_mechanism_type": "high_daytime_lst",
        "heat_mechanism_code": 3,
        "heat_score": 0.4457933008670807,
        "heat_risk_score": 0.2894292175769806,
        "hazard_valid": true,
        "is_interpolated": false
      },
      "geometry": {
        "type": "Polygon",
        "coordinates": [
          [
            [
              -93.26269155156307,
              44.87732633237514
            ],
            [
              -93.26269155156307,
              44.879572110312616
            ],
            [
              -93.26493732950054,
              44.879572110312616
            ],
            [
              -93.26493732950054,
              44.87732633237514
            ],
            [
              -93.26269155156307,
              44.87732633237514
            ]
          ]
        ]
      }
    },
    {
      "id": "186",
      "type": "Feature",
      "properties": {
        "cell_id": "r5_c25",
        "row": 5,
        "col": 25,
        "dominant_nbs": null,
        "dominant_nbs_score": null,
        "uhi_built_up": true,
        "shade_deficit": true,
        "high_daytime_lst": true,
        "limited_nocturnal_cooling": false,
        "high_social_exposure": false,
        "heat_mechanism_type": "mixed",
        "heat_mechanism_code": 6,
        "heat_score": 0.5443022847175598,
        "heat_risk_score": 0.2797996699810028,
        "hazard_valid": true,
        "is_interpolated": false
      },
      "geometry": {
        "type": "Polygon",
        "coordinates": [
          [
            [
              -93.26044577362559,
              44.87732633237514
            ],
            [
              -93.26044577362559,
              44.879572110312616
            ],
            [
              -93.26269155156307,
              44.879572110312616
            ],
            [
              -93.26269155156307,
              44.87732633237514
            ],
            [
              -93.26044577362559,
              44.87732633237514
            ]
          ]
        ]
      }
    },
    {
      "id": "187",
      "type": "Feature",
      "properties": {
        "cell_id": "r5_c26",
        "row": 5,
        "col": 26,
        "dominant_nbs": null,
        "dominant_nbs_score": null,
        "uhi_built_up": false,
        "shade_deficit": false,
        "high_daytime_lst": true,
        "limited_nocturnal_cooling": false,
        "high_social_exposure": false,
        "heat_mechanism_type": "high_daytime_lst",
        "heat_mechanism_code": 3,
        "heat_score": 0.5464036464691162,
        "heat_risk_score": 0.2801592946052551,
        "hazard_valid": true,
        "is_interpolated": false
      },
      "geometry": {
        "type": "Polygon",
        "coordinates": [
          [
            [
              -93.25819999568812,
              44.87732633237514
            ],
            [
              -93.25819999568812,
              44.879572110312616
            ],
            [
              -93.26044577362559,
              44.879572110312616
            ],
            [
              -93.26044577362559,
              44.87732633237514
            ],
            [
              -93.25819999568812,
              44.87732633237514
            ]
          ]
        ]
      }
    },
    {
      "id": "188",
      "type": "Feature",
      "properties": {
        "cell_id": "r5_c27",
        "row": 5,
        "col": 27,
        "dominant_nbs": null,
        "dominant_nbs_score": null,
        "uhi_built_up": true,
        "shade_deficit": true,
        "high_daytime_lst": true,
        "limited_nocturnal_cooling": false,
        "high_social_exposure": false,
        "heat_mechanism_type": "mixed",
        "heat_mechanism_code": 6,
        "heat_score": 0.5497011542320251,
        "heat_risk_score": 0.30298498272895813,
        "hazard_valid": true,
        "is_interpolated": false
      },
      "geometry": {
        "type": "Polygon",
        "coordinates": [
          [
            [
              -93.25595421775063,
              44.87732633237514
            ],
            [
              -93.25595421775063,
              44.879572110312616
            ],
            [
              -93.25819999568812,
              44.879572110312616
            ],
            [
              -93.25819999568812,
              44.87732633237514
            ],
            [
              -93.25595421775063,
              44.87732633237514
            ]
          ]
        ]
      }
    },
    {
      "id": "189",
      "type": "Feature",
      "properties": {
        "cell_id": "r5_c28",
        "row": 5,
        "col": 28,
        "dominant_nbs": null,
        "dominant_nbs_score": null,
        "uhi_built_up": false,
        "shade_deficit": false,
        "high_daytime_lst": true,
        "limited_nocturnal_cooling": false,
        "high_social_exposure": false,
        "heat_mechanism_type": "high_daytime_lst",
        "heat_mechanism_code": 3,
        "heat_score": 0.536933958530426,
        "heat_risk_score": 0.3006208837032318,
        "hazard_valid": true,
        "is_interpolated": false
      },
      "geometry": {
        "type": "Polygon",
        "coordinates": [
          [
            [
              -93.25370843981315,
              44.87732633237514
            ],
            [
              -93.25370843981315,
              44.879572110312616
            ],
            [
              -93.25595421775063,
              44.879572110312616
            ],
            [
              -93.25595421775063,
              44.87732633237514
            ],
            [
              -93.25370843981315,
              44.87732633237514
            ]
          ]
        ]
      }
    },
    {
      "id": "190",
      "type": "Feature",
      "properties": {
        "cell_id": "r5_c29",
        "row": 5,
        "col": 29,
        "dominant_nbs": null,
        "dominant_nbs_score": null,
        "uhi_built_up": false,
        "shade_deficit": true,
        "high_daytime_lst": true,
        "limited_nocturnal_cooling": false,
        "high_social_exposure": false,
        "heat_mechanism_type": "high_daytime_lst",
        "heat_mechanism_code": 3,
        "heat_score": 0.6180741786956787,
        "heat_risk_score": 0.3150593638420105,
        "hazard_valid": true,
        "is_interpolated": false
      },
      "geometry": {
        "type": "Polygon",
        "coordinates": [
          [
            [
              -93.25146266187568,
              44.87732633237514
            ],
            [
              -93.25146266187568,
              44.879572110312616
            ],
            [
              -93.25370843981315,
              44.879572110312616
            ],
            [
              -93.25370843981315,
              44.87732633237514
            ],
            [
              -93.25146266187568,
              44.87732633237514
            ]
          ]
        ]
      }
    },
    {
      "id": "191",
      "type": "Feature",
      "properties": {
        "cell_id": "r5_c30",
        "row": 5,
        "col": 30,
        "dominant_nbs": null,
        "dominant_nbs_score": null,
        "uhi_built_up": false,
        "shade_deficit": true,
        "high_daytime_lst": true,
        "limited_nocturnal_cooling": false,
        "high_social_exposure": false,
        "heat_mechanism_type": "mixed",
        "heat_mechanism_code": 6,
        "heat_score": 0.6310222744941711,
        "heat_risk_score": 0.3172442615032196,
        "hazard_valid": true,
        "is_interpolated": false
      },
      "geometry": {
        "type": "Polygon",
        "coordinates": [
          [
            [
              -93.2492168839382,
              44.87732633237514
            ],
            [
              -93.2492168839382,
              44.879572110312616
            ],
            [
              -93.25146266187568,
              44.879572110312616
            ],
            [
              -93.25146266187568,
              44.87732633237514
            ],
            [
              -93.2492168839382,
              44.87732633237514
            ]
          ]
        ]
      }
    },
    {
      "id": "192",
      "type": "Feature",
      "properties": {
        "cell_id": "r5_c31",
        "row": 5,
        "col": 31,
        "dominant_nbs": null,
        "dominant_nbs_score": null,
        "uhi_built_up": false,
        "shade_deficit": false,
        "high_daytime_lst": true,
        "limited_nocturnal_cooling": false,
        "high_social_exposure": false,
        "heat_mechanism_type": "high_daytime_lst",
        "heat_mechanism_code": 3,
        "heat_score": 0.6387088298797607,
        "heat_risk_score": 0.3185271918773651,
        "hazard_valid": true,
        "is_interpolated": false
      },
      "geometry": {
        "type": "Polygon",
        "coordinates": [
          [
            [
              -93.24697110600073,
              44.87732633237514
            ],
            [
              -93.24697110600073,
              44.879572110312616
            ],
            [
              -93.2492168839382,
              44.879572110312616
            ],
            [
              -93.2492168839382,
              44.87732633237514
            ],
            [
              -93.24697110600073,
              44.87732633237514
            ]
          ]
        ]
      }
    },
    {
      "id": "193",
      "type": "Feature",
      "properties": {
        "cell_id": "r6_c0",
        "row": 6,
        "col": 0,
        "dominant_nbs": null,
        "dominant_nbs_score": null,
        "uhi_built_up": false,
        "shade_deficit": true,
        "high_daytime_lst": true,
        "limited_nocturnal_cooling": false,
        "high_social_exposure": false,
        "heat_mechanism_type": "high_daytime_lst",
        "heat_mechanism_code": 3,
        "heat_score": 0.37486234307289124,
        "heat_risk_score": 0.22665025293827057,
        "hazard_valid": true,
        "is_interpolated": false
      },
      "geometry": {
        "type": "Polygon",
        "coordinates": [
          [
            [
              -93.31659022206253,
              44.87508055443766
            ],
            [
              -93.31659022206253,
              44.87732633237514
            ],
            [
              -93.318836,
              44.87732633237514
            ],
            [
              -93.318836,
              44.87508055443766
            ],
            [
              -93.31659022206253,
              44.87508055443766
            ]
          ]
        ]
      }
    },
    {
      "id": "194",
      "type": "Feature",
      "properties": {
        "cell_id": "r6_c1",
        "row": 6,
        "col": 1,
        "dominant_nbs": null,
        "dominant_nbs_score": null,
        "uhi_built_up": false,
        "shade_deficit": true,
        "high_daytime_lst": true,
        "limited_nocturnal_cooling": false,
        "high_social_exposure": false,
        "heat_mechanism_type": "high_daytime_lst",
        "heat_mechanism_code": 3,
        "heat_score": 0.36812034249305725,
        "heat_risk_score": 0.22528325021266937,
        "hazard_valid": true,
        "is_interpolated": false
      },
      "geometry": {
        "type": "Polygon",
        "coordinates": [
          [
            [
              -93.31434444412506,
              44.87508055443766
            ],
            [
              -93.31434444412506,
              44.87732633237514
            ],
            [
              -93.31659022206253,
              44.87732633237514
            ],
            [
              -93.31659022206253,
              44.87508055443766
            ],
            [
              -93.31434444412506,
              44.87508055443766
            ]
          ]
        ]
      }
    },
    {
      "id": "195",
      "type": "Feature",
      "properties": {
        "cell_id": "r6_c2",
        "row": 6,
        "col": 2,
        "dominant_nbs": null,
        "dominant_nbs_score": null,
        "uhi_built_up": false,
        "shade_deficit": true,
        "high_daytime_lst": true,
        "limited_nocturnal_cooling": false,
        "high_social_exposure": false,
        "heat_mechanism_type": "high_daytime_lst",
        "heat_mechanism_code": 3,
        "heat_score": 0.3748750388622284,
        "heat_risk_score": 0.2266528159379959,
        "hazard_valid": true,
        "is_interpolated": false
      },
      "geometry": {
        "type": "Polygon",
        "coordinates": [
          [
            [
              -93.31209866618757,
              44.87508055443766
            ],
            [
              -93.31209866618757,
              44.87732633237514
            ],
            [
              -93.31434444412506,
              44.87732633237514
            ],
            [
              -93.31434444412506,
              44.87508055443766
            ],
            [
              -93.31209866618757,
              44.87508055443766
            ]
          ]
        ]
      }
    },
    {
      "id": "196",
      "type": "Feature",
      "properties": {
        "cell_id": "r6_c3",
        "row": 6,
        "col": 3,
        "dominant_nbs": null,
        "dominant_nbs_score": null,
        "uhi_built_up": false,
        "shade_deficit": true,
        "high_daytime_lst": true,
        "limited_nocturnal_cooling": false,
        "high_social_exposure": false,
        "heat_mechanism_type": "high_daytime_lst",
        "heat_mechanism_code": 3,
        "heat_score": 0.35770678520202637,
        "heat_risk_score": 0.22313858568668365,
        "hazard_valid": true,
        "is_interpolated": false
      },
      "geometry": {
        "type": "Polygon",
        "coordinates": [
          [
            [
              -93.30985288825009,
              44.87508055443766
            ],
            [
              -93.30985288825009,
              44.87732633237514
            ],
            [
              -93.31209866618757,
              44.87732633237514
            ],
            [
              -93.31209866618757,
              44.87508055443766
            ],
            [
              -93.30985288825009,
              44.87508055443766
            ]
          ]
        ]
      }
    },
    {
      "id": "197",
      "type": "Feature",
      "properties": {
        "cell_id": "r6_c4",
        "row": 6,
        "col": 4,
        "dominant_nbs": null,
        "dominant_nbs_score": null,
        "uhi_built_up": true,
        "shade_deficit": true,
        "high_daytime_lst": true,
        "limited_nocturnal_cooling": false,
        "high_social_exposure": false,
        "heat_mechanism_type": "mixed",
        "heat_mechanism_code": 6,
        "heat_score": 0.35581207275390625,
        "heat_risk_score": 0.2227439135313034,
        "hazard_valid": true,
        "is_interpolated": false
      },
      "geometry": {
        "type": "Polygon",
        "coordinates": [
          [
            [
              -93.30760711031262,
              44.87508055443766
            ],
            [
              -93.30760711031262,
              44.87732633237514
            ],
            [
              -93.30985288825009,
              44.87732633237514
            ],
            [
              -93.30985288825009,
              44.87508055443766
            ],
            [
              -93.30760711031262,
              44.87508055443766
            ]
          ]
        ]
      }
    },
    {
      "id": "198",
      "type": "Feature",
      "properties": {
        "cell_id": "r6_c5",
        "row": 6,
        "col": 5,
        "dominant_nbs": null,
        "dominant_nbs_score": null,
        "uhi_built_up": false,
        "shade_deficit": false,
        "high_daytime_lst": true,
        "limited_nocturnal_cooling": false,
        "high_social_exposure": false,
        "heat_mechanism_type": "high_daytime_lst",
        "heat_mechanism_code": 3,
        "heat_score": 0.5901991724967957,
        "heat_risk_score": 0.21297943592071533,
        "hazard_valid": true,
        "is_interpolated": false
      },
      "geometry": {
        "type": "Polygon",
        "coordinates": [
          [
            [
              -93.30536133237514,
              44.87508055443766
            ],
            [
              -93.30536133237514,
              44.87732633237514
            ],
            [
              -93.30760711031262,
              44.87732633237514
            ],
            [
              -93.30760711031262,
              44.87508055443766
            ],
            [
              -93.30536133237514,
              44.87508055443766
            ]
          ]
        ]
      }
    },
    {
      "id": "199",
      "type": "Feature",
      "properties": {
        "cell_id": "r6_c6",
        "row": 6,
        "col": 6,
        "dominant_nbs": null,
        "dominant_nbs_score": null,
        "uhi_built_up": true,
        "shade_deficit": true,
        "high_daytime_lst": true,
        "limited_nocturnal_cooling": false,
        "high_social_exposure": false,
        "heat_mechanism_type": "uhi_built_up",
        "heat_mechanism_code": 1,
        "heat_score": 0.5779466032981873,
        "heat_risk_score": 0.2114952951669693,
        "hazard_valid": true,
        "is_interpolated": false
      },
      "geometry": {
        "type": "Polygon",
        "coordinates": [
          [
            [
              -93.30311555443767,
              44.87508055443766
            ],
            [
              -93.30311555443767,
              44.87732633237514
            ],
            [
              -93.30536133237514,
              44.87732633237514
            ],
            [
              -93.30536133237514,
              44.87508055443766
            ],
            [
              -93.30311555443767,
              44.87508055443766
            ]
          ]
        ]
      }
    },
    {
      "id": "200",
      "type": "Feature",
      "properties": {
        "cell_id": "r6_c7",
        "row": 6,
        "col": 7,
        "dominant_nbs": null,
        "dominant_nbs_score": null,
        "uhi_built_up": false,
        "shade_deficit": false,
        "high_daytime_lst": true,
        "limited_nocturnal_cooling": false,
        "high_social_exposure": false,
        "heat_mechanism_type": "high_daytime_lst",
        "heat_mechanism_code": 3,
        "heat_score": 0.5646032691001892,
        "heat_risk_score": 0.20985497534275055,
        "hazard_valid": true,
        "is_interpolated": false
      },
      "geometry": {
        "type": "Polygon",
        "coordinates": [
          [
            [
              -93.30086977650018,
              44.87508055443766
            ],
            [
              -93.30086977650018,
              44.87732633237514
            ],
            [
              -93.30311555443767,
              44.87732633237514
            ],
            [
              -93.30311555443767,
              44.87508055443766
            ],
            [
              -93.30086977650018,
              44.87508055443766
            ]
          ]
        ]
      }
    },
    {
      "id": "201",
      "type": "Feature",
      "properties": {
        "cell_id": "r6_c8",
        "row": 6,
        "col": 8,
        "dominant_nbs": null,
        "dominant_nbs_score": null,
        "uhi_built_up": false,
        "shade_deficit": false,
        "high_daytime_lst": true,
        "limited_nocturnal_cooling": false,
        "high_social_exposure": false,
        "heat_mechanism_type": "high_daytime_lst",
        "heat_mechanism_code": 3,
        "heat_score": 0.5694992542266846,
        "heat_risk_score": 0.21045981347560883,
        "hazard_valid": true,
        "is_interpolated": false
      },
      "geometry": {
        "type": "Polygon",
        "coordinates": [
          [
            [
              -93.2986239985627,
              44.87508055443766
            ],
            [
              -93.2986239985627,
              44.87732633237514
            ],
            [
              -93.30086977650018,
              44.87732633237514
            ],
            [
              -93.30086977650018,
              44.87508055443766
            ],
            [
              -93.2986239985627,
              44.87508055443766
            ]
          ]
        ]
      }
    },
    {
      "id": "202",
      "type": "Feature",
      "properties": {
        "cell_id": "r6_c9",
        "row": 6,
        "col": 9,
        "dominant_nbs": null,
        "dominant_nbs_score": null,
        "uhi_built_up": false,
        "shade_deficit": false,
        "high_daytime_lst": true,
        "limited_nocturnal_cooling": false,
        "high_social_exposure": false,
        "heat_mechanism_type": "high_daytime_lst",
        "heat_mechanism_code": 3,
        "heat_score": 0.467835396528244,
        "heat_risk_score": 0.1380293369293213,
        "hazard_valid": true,
        "is_interpolated": false
      },
      "geometry": {
        "type": "Polygon",
        "coordinates": [
          [
            [
              -93.29637822062523,
              44.87508055443766
            ],
            [
              -93.29637822062523,
              44.87732633237514
            ],
            [
              -93.2986239985627,
              44.87732633237514
            ],
            [
              -93.2986239985627,
              44.87508055443766
            ],
            [
              -93.29637822062523,
              44.87508055443766
            ]
          ]
        ]
      }
    },
    {
      "id": "203",
      "type": "Feature",
      "properties": {
        "cell_id": "r6_c10",
        "row": 6,
        "col": 10,
        "dominant_nbs": null,
        "dominant_nbs_score": null,
        "uhi_built_up": false,
        "shade_deficit": true,
        "high_daytime_lst": true,
        "limited_nocturnal_cooling": false,
        "high_social_exposure": false,
        "heat_mechanism_type": "shade_deficit",
        "heat_mechanism_code": 2,
        "heat_score": 0.4130871295928955,
        "heat_risk_score": 0.13242019712924957,
        "hazard_valid": true,
        "is_interpolated": false
      },
      "geometry": {
        "type": "Polygon",
        "coordinates": [
          [
            [
              -93.29413244268775,
              44.87508055443766
            ],
            [
              -93.29413244268775,
              44.87732633237514
            ],
            [
              -93.29637822062523,
              44.87732633237514
            ],
            [
              -93.29637822062523,
              44.87508055443766
            ],
            [
              -93.29413244268775,
              44.87508055443766
            ]
          ]
        ]
      }
    },
    {
      "id": "204",
      "type": "Feature",
      "properties": {
        "cell_id": "r6_c11",
        "row": 6,
        "col": 11,
        "dominant_nbs": null,
        "dominant_nbs_score": null,
        "uhi_built_up": false,
        "shade_deficit": false,
        "high_daytime_lst": true,
        "limited_nocturnal_cooling": false,
        "high_social_exposure": false,
        "heat_mechanism_type": "high_daytime_lst",
        "heat_mechanism_code": 3,
        "heat_score": 0.3967597484588623,
        "heat_risk_score": 0.13065205514431,
        "hazard_valid": true,
        "is_interpolated": false
      },
      "geometry": {
        "type": "Polygon",
        "coordinates": [
          [
            [
              -93.29188666475028,
              44.87508055443766
            ],
            [
              -93.29188666475028,
              44.87732633237514
            ],
            [
              -93.29413244268775,
              44.87732633237514
            ],
            [
              -93.29413244268775,
              44.87508055443766
            ],
            [
              -93.29188666475028,
              44.87508055443766
            ]
          ]
        ]
      }
    },
    {
      "id": "205",
      "type": "Feature",
      "properties": {
        "cell_id": "r6_c12",
        "row": 6,
        "col": 12,
        "dominant_nbs": null,
        "dominant_nbs_score": null,
        "uhi_built_up": false,
        "shade_deficit": false,
        "high_daytime_lst": true,
        "limited_nocturnal_cooling": false,
        "high_social_exposure": false,
        "heat_mechanism_type": "without_clear_dominant",
        "heat_mechanism_code": 0,
        "heat_score": 0.4234802722930908,
        "heat_risk_score": 0.13352157175540924,
        "hazard_valid": true,
        "is_interpolated": false
      },
      "geometry": {
        "type": "Polygon",
        "coordinates": [
          [
            [
              -93.28964088681279,
              44.87508055443766
            ],
            [
              -93.28964088681279,
              44.87732633237514
            ],
            [
              -93.29188666475028,
              44.87732633237514
            ],
            [
              -93.29188666475028,
              44.87508055443766
            ],
            [
              -93.28964088681279,
              44.87508055443766
            ]
          ]
        ]
      }
    },
    {
      "id": "206",
      "type": "Feature",
      "properties": {
        "cell_id": "r6_c13",
        "row": 6,
        "col": 13,
        "dominant_nbs": null,
        "dominant_nbs_score": null,
        "uhi_built_up": false,
        "shade_deficit": false,
        "high_daytime_lst": true,
        "limited_nocturnal_cooling": false,
        "high_social_exposure": false,
        "heat_mechanism_type": "high_daytime_lst",
        "heat_mechanism_code": 3,
        "heat_score": 0.4010482728481293,
        "heat_risk_score": 0.13956058025360107,
        "hazard_valid": true,
        "is_interpolated": false
      },
      "geometry": {
        "type": "Polygon",
        "coordinates": [
          [
            [
              -93.28739510887532,
              44.87508055443766
            ],
            [
              -93.28739510887532,
              44.87732633237514
            ],
            [
              -93.28964088681279,
              44.87732633237514
            ],
            [
              -93.28964088681279,
              44.87508055443766
            ],
            [
              -93.28739510887532,
              44.87508055443766
            ]
          ]
        ]
      }
    },
    {
      "id": "207",
      "type": "Feature",
      "properties": {
        "cell_id": "r6_c14",
        "row": 6,
        "col": 14,
        "dominant_nbs": null,
        "dominant_nbs_score": null,
        "uhi_built_up": true,
        "shade_deficit": false,
        "high_daytime_lst": true,
        "limited_nocturnal_cooling": false,
        "high_social_exposure": false,
        "heat_mechanism_type": "mixed",
        "heat_mechanism_code": 6,
        "heat_score": 0.461834192276001,
        "heat_risk_score": 0.14628256857395172,
        "hazard_valid": true,
        "is_interpolated": false
      },
      "geometry": {
        "type": "Polygon",
        "coordinates": [
          [
            [
              -93.28514933093784,
              44.87508055443766
            ],
            [
              -93.28514933093784,
              44.87732633237514
            ],
            [
              -93.28739510887532,
              44.87732633237514
            ],
            [
              -93.28739510887532,
              44.87508055443766
            ],
            [
              -93.28514933093784,
              44.87508055443766
            ]
          ]
        ]
      }
    },
    {
      "id": "208",
      "type": "Feature",
      "properties": {
        "cell_id": "r6_c15",
        "row": 6,
        "col": 15,
        "dominant_nbs": null,
        "dominant_nbs_score": null,
        "uhi_built_up": true,
        "shade_deficit": false,
        "high_daytime_lst": true,
        "limited_nocturnal_cooling": false,
        "high_social_exposure": false,
        "heat_mechanism_type": "mixed",
        "heat_mechanism_code": 6,
        "heat_score": 0.5365979075431824,
        "heat_risk_score": 0.153784841299057,
        "hazard_valid": true,
        "is_interpolated": false
      },
      "geometry": {
        "type": "Polygon",
        "coordinates": [
          [
            [
              -93.28290355300037,
              44.87508055443766
            ],
            [
              -93.28290355300037,
              44.87732633237514
            ],
            [
              -93.28514933093784,
              44.87732633237514
            ],
            [
              -93.28514933093784,
              44.87508055443766
            ],
            [
              -93.28290355300037,
              44.87508055443766
            ]
          ]
        ]
      }
    },
    {
      "id": "209",
      "type": "Feature",
      "properties": {
        "cell_id": "r6_c16",
        "row": 6,
        "col": 16,
        "dominant_nbs": null,
        "dominant_nbs_score": null,
        "uhi_built_up": false,
        "shade_deficit": false,
        "high_daytime_lst": true,
        "limited_nocturnal_cooling": false,
        "high_social_exposure": false,
        "heat_mechanism_type": "high_daytime_lst",
        "heat_mechanism_code": 3,
        "heat_score": 0.48395833373069763,
        "heat_risk_score": 0.1485821157693863,
        "hazard_valid": true,
        "is_interpolated": false
      },
      "geometry": {
        "type": "Polygon",
        "coordinates": [
          [
            [
              -93.28065777506289,
              44.87508055443766
            ],
            [
              -93.28065777506289,
              44.87732633237514
            ],
            [
              -93.28290355300037,
              44.87732633237514
            ],
            [
              -93.28290355300037,
              44.87508055443766
            ],
            [
              -93.28065777506289,
              44.87508055443766
            ]
          ]
        ]
      }
    },
    {
      "id": "210",
      "type": "Feature",
      "properties": {
        "cell_id": "r6_c17",
        "row": 6,
        "col": 17,
        "dominant_nbs": null,
        "dominant_nbs_score": null,
        "uhi_built_up": false,
        "shade_deficit": false,
        "high_daytime_lst": true,
        "limited_nocturnal_cooling": false,
        "high_social_exposure": false,
        "heat_mechanism_type": "high_daytime_lst",
        "heat_mechanism_code": 3,
        "heat_score": 0.4485916793346405,
        "heat_risk_score": 0.1448708325624466,
        "hazard_valid": true,
        "is_interpolated": false
      },
      "geometry": {
        "type": "Polygon",
        "coordinates": [
          [
            [
              -93.2784119971254,
              44.87508055443766
            ],
            [
              -93.2784119971254,
              44.87732633237514
            ],
            [
              -93.28065777506289,
              44.87732633237514
            ],
            [
              -93.28065777506289,
              44.87508055443766
            ],
            [
              -93.2784119971254,
              44.87508055443766
            ]
          ]
        ]
      }
    },
    {
      "id": "211",
      "type": "Feature",
      "properties": {
        "cell_id": "r6_c18",
        "row": 6,
        "col": 18,
        "dominant_nbs": null,
        "dominant_nbs_score": null,
        "uhi_built_up": false,
        "shade_deficit": true,
        "high_daytime_lst": true,
        "limited_nocturnal_cooling": false,
        "high_social_exposure": false,
        "heat_mechanism_type": "high_daytime_lst",
        "heat_mechanism_code": 3,
        "heat_score": 0.47321581840515137,
        "heat_risk_score": 0.25900858640670776,
        "hazard_valid": true,
        "is_interpolated": false
      },
      "geometry": {
        "type": "Polygon",
        "coordinates": [
          [
            [
              -93.27616621918793,
              44.87508055443766
            ],
            [
              -93.27616621918793,
              44.87732633237514
            ],
            [
              -93.2784119971254,
              44.87732633237514
            ],
            [
              -93.2784119971254,
              44.87508055443766
            ],
            [
              -93.27616621918793,
              44.87508055443766
            ]
          ]
        ]
      }
    },
    {
      "id": "212",
      "type": "Feature",
      "properties": {
        "cell_id": "r6_c19",
        "row": 6,
        "col": 19,
        "dominant_nbs": null,
        "dominant_nbs_score": null,
        "uhi_built_up": false,
        "shade_deficit": true,
        "high_daytime_lst": true,
        "limited_nocturnal_cooling": false,
        "high_social_exposure": false,
        "heat_mechanism_type": "high_daytime_lst",
        "heat_mechanism_code": 3,
        "heat_score": 0.4259156882762909,
        "heat_risk_score": 0.25007423758506775,
        "hazard_valid": true,
        "is_interpolated": false
      },
      "geometry": {
        "type": "Polygon",
        "coordinates": [
          [
            [
              -93.27392044125045,
              44.87508055443766
            ],
            [
              -93.27392044125045,
              44.87732633237514
            ],
            [
              -93.27616621918793,
              44.87732633237514
            ],
            [
              -93.27616621918793,
              44.87508055443766
            ],
            [
              -93.27392044125045,
              44.87508055443766
            ]
          ]
        ]
      }
    },
    {
      "id": "213",
      "type": "Feature",
      "properties": {
        "cell_id": "r6_c20",
        "row": 6,
        "col": 20,
        "dominant_nbs": null,
        "dominant_nbs_score": null,
        "uhi_built_up": false,
        "shade_deficit": true,
        "high_daytime_lst": true,
        "limited_nocturnal_cooling": false,
        "high_social_exposure": true,
        "heat_mechanism_type": "high_daytime_lst",
        "heat_mechanism_code": 3,
        "heat_score": 0.4269851744174957,
        "heat_risk_score": 0.38126108050346375,
        "hazard_valid": true,
        "is_interpolated": false
      },
      "geometry": {
        "type": "Polygon",
        "coordinates": [
          [
            [
              -93.27167466331298,
              44.87508055443766
            ],
            [
              -93.27167466331298,
              44.87732633237514
            ],
            [
              -93.27392044125045,
              44.87732633237514
            ],
            [
              -93.27392044125045,
              44.87508055443766
            ],
            [
              -93.27167466331298,
              44.87508055443766
            ]
          ]
        ]
      }
    },
    {
      "id": "214",
      "type": "Feature",
      "properties": {
        "cell_id": "r6_c21",
        "row": 6,
        "col": 21,
        "dominant_nbs": null,
        "dominant_nbs_score": null,
        "uhi_built_up": false,
        "shade_deficit": true,
        "high_daytime_lst": true,
        "limited_nocturnal_cooling": false,
        "high_social_exposure": true,
        "heat_mechanism_type": "high_daytime_lst",
        "heat_mechanism_code": 3,
        "heat_score": 0.44742026925086975,
        "heat_risk_score": 0.38724881410598755,
        "hazard_valid": true,
        "is_interpolated": false
      },
      "geometry": {
        "type": "Polygon",
        "coordinates": [
          [
            [
              -93.2694288853755,
              44.87508055443766
            ],
            [
              -93.2694288853755,
              44.87732633237514
            ],
            [
              -93.27167466331298,
              44.87732633237514
            ],
            [
              -93.27167466331298,
              44.87508055443766
            ],
            [
              -93.2694288853755,
              44.87508055443766
            ]
          ]
        ]
      }
    },
    {
      "id": "215",
      "type": "Feature",
      "properties": {
        "cell_id": "r6_c22",
        "row": 6,
        "col": 22,
        "dominant_nbs": null,
        "dominant_nbs_score": null,
        "uhi_built_up": false,
        "shade_deficit": true,
        "high_daytime_lst": true,
        "limited_nocturnal_cooling": false,
        "high_social_exposure": true,
        "heat_mechanism_type": "high_daytime_lst",
        "heat_mechanism_code": 3,
        "heat_score": 0.45688772201538086,
        "heat_risk_score": 0.3899611830711365,
        "hazard_valid": true,
        "is_interpolated": false
      },
      "geometry": {
        "type": "Polygon",
        "coordinates": [
          [
            [
              -93.26718310743802,
              44.87508055443766
            ],
            [
              -93.26718310743802,
              44.87732633237514
            ],
            [
              -93.2694288853755,
              44.87732633237514
            ],
            [
              -93.2694288853755,
              44.87508055443766
            ],
            [
              -93.26718310743802,
              44.87508055443766
            ]
          ]
        ]
      }
    },
    {
      "id": "216",
      "type": "Feature",
      "properties": {
        "cell_id": "r6_c23",
        "row": 6,
        "col": 23,
        "dominant_nbs": null,
        "dominant_nbs_score": null,
        "uhi_built_up": false,
        "shade_deficit": true,
        "high_daytime_lst": true,
        "limited_nocturnal_cooling": false,
        "high_social_exposure": false,
        "heat_mechanism_type": "high_daytime_lst",
        "heat_mechanism_code": 3,
        "heat_score": 0.45434150099754333,
        "heat_risk_score": 0.30963975191116333,
        "hazard_valid": true,
        "is_interpolated": false
      },
      "geometry": {
        "type": "Polygon",
        "coordinates": [
          [
            [
              -93.26493732950054,
              44.87508055443766
            ],
            [
              -93.26493732950054,
              44.87732633237514
            ],
            [
              -93.26718310743802,
              44.87732633237514
            ],
            [
              -93.26718310743802,
              44.87508055443766
            ],
            [
              -93.26493732950054,
              44.87508055443766
            ]
          ]
        ]
      }
    },
    {
      "id": "217",
      "type": "Feature",
      "properties": {
        "cell_id": "r6_c24",
        "row": 6,
        "col": 24,
        "dominant_nbs": null,
        "dominant_nbs_score": null,
        "uhi_built_up": true,
        "shade_deficit": true,
        "high_daytime_lst": true,
        "limited_nocturnal_cooling": false,
        "high_social_exposure": false,
        "heat_mechanism_type": "mixed",
        "heat_mechanism_code": 6,
        "heat_score": 0.45618128776550293,
        "heat_risk_score": 0.310057133436203,
        "hazard_valid": true,
        "is_interpolated": false
      },
      "geometry": {
        "type": "Polygon",
        "coordinates": [
          [
            [
              -93.26269155156307,
              44.87508055443766
            ],
            [
              -93.26269155156307,
              44.87732633237514
            ],
            [
              -93.26493732950054,
              44.87732633237514
            ],
            [
              -93.26493732950054,
              44.87508055443766
            ],
            [
              -93.26269155156307,
              44.87508055443766
            ]
          ]
        ]
      }
    },
    {
      "id": "218",
      "type": "Feature",
      "properties": {
        "cell_id": "r6_c25",
        "row": 6,
        "col": 25,
        "dominant_nbs": null,
        "dominant_nbs_score": null,
        "uhi_built_up": false,
        "shade_deficit": true,
        "high_daytime_lst": true,
        "limited_nocturnal_cooling": false,
        "high_social_exposure": false,
        "heat_mechanism_type": "mixed",
        "heat_mechanism_code": 6,
        "heat_score": 0.5529280304908752,
        "heat_risk_score": 0.3305867314338684,
        "hazard_valid": true,
        "is_interpolated": false
      },
      "geometry": {
        "type": "Polygon",
        "coordinates": [
          [
            [
              -93.26044577362559,
              44.87508055443766
            ],
            [
              -93.26044577362559,
              44.87732633237514
            ],
            [
              -93.26269155156307,
              44.87732633237514
            ],
            [
              -93.26269155156307,
              44.87508055443766
            ],
            [
              -93.26044577362559,
              44.87508055443766
            ]
          ]
        ]
      }
    },
    {
      "id": "219",
      "type": "Feature",
      "properties": {
        "cell_id": "r6_c26",
        "row": 6,
        "col": 26,
        "dominant_nbs": null,
        "dominant_nbs_score": null,
        "uhi_built_up": true,
        "shade_deficit": false,
        "high_daytime_lst": true,
        "limited_nocturnal_cooling": false,
        "high_social_exposure": false,
        "heat_mechanism_type": "mixed",
        "heat_mechanism_code": 6,
        "heat_score": 0.5629871487617493,
        "heat_risk_score": 0.33257943391799927,
        "hazard_valid": true,
        "is_interpolated": false
      },
      "geometry": {
        "type": "Polygon",
        "coordinates": [
          [
            [
              -93.25819999568812,
              44.87508055443766
            ],
            [
              -93.25819999568812,
              44.87732633237514
            ],
            [
              -93.26044577362559,
              44.87732633237514
            ],
            [
              -93.26044577362559,
              44.87508055443766
            ],
            [
              -93.25819999568812,
              44.87508055443766
            ]
          ]
        ]
      }
    },
    {
      "id": "220",
      "type": "Feature",
      "properties": {
        "cell_id": "r6_c27",
        "row": 6,
        "col": 27,
        "dominant_nbs": null,
        "dominant_nbs_score": null,
        "uhi_built_up": false,
        "shade_deficit": true,
        "high_daytime_lst": true,
        "limited_nocturnal_cooling": false,
        "high_social_exposure": true,
        "heat_mechanism_type": "high_daytime_lst",
        "heat_mechanism_code": 3,
        "heat_score": 0.5538983941078186,
        "heat_risk_score": 0.36466750502586365,
        "hazard_valid": true,
        "is_interpolated": false
      },
      "geometry": {
        "type": "Polygon",
        "coordinates": [
          [
            [
              -93.25595421775063,
              44.87508055443766
            ],
            [
              -93.25595421775063,
              44.87732633237514
            ],
            [
              -93.25819999568812,
              44.87732633237514
            ],
            [
              -93.25819999568812,
              44.87508055443766
            ],
            [
              -93.25595421775063,
              44.87508055443766
            ]
          ]
        ]
      }
    },
    {
      "id": "221",
      "type": "Feature",
      "properties": {
        "cell_id": "r6_c28",
        "row": 6,
        "col": 28,
        "dominant_nbs": null,
        "dominant_nbs_score": null,
        "uhi_built_up": false,
        "shade_deficit": true,
        "high_daytime_lst": true,
        "limited_nocturnal_cooling": false,
        "high_social_exposure": true,
        "heat_mechanism_type": "high_daytime_lst",
        "heat_mechanism_code": 3,
        "heat_score": 0.5535235404968262,
        "heat_risk_score": 0.3645852208137512,
        "hazard_valid": true,
        "is_interpolated": false
      },
      "geometry": {
        "type": "Polygon",
        "coordinates": [
          [
            [
              -93.25370843981315,
              44.87508055443766
            ],
            [
              -93.25370843981315,
              44.87732633237514
            ],
            [
              -93.25595421775063,
              44.87732633237514
            ],
            [
              -93.25595421775063,
              44.87508055443766
            ],
            [
              -93.25370843981315,
              44.87508055443766
            ]
          ]
        ]
      }
    },
    {
      "id": "222",
      "type": "Feature",
      "properties": {
        "cell_id": "r6_c29",
        "row": 6,
        "col": 29,
        "dominant_nbs": null,
        "dominant_nbs_score": null,
        "uhi_built_up": false,
        "shade_deficit": true,
        "high_daytime_lst": true,
        "limited_nocturnal_cooling": false,
        "high_social_exposure": true,
        "heat_mechanism_type": "mixed",
        "heat_mechanism_code": 6,
        "heat_score": 0.6489694714546204,
        "heat_risk_score": 0.3844399154186249,
        "hazard_valid": true,
        "is_interpolated": false
      },
      "geometry": {
        "type": "Polygon",
        "coordinates": [
          [
            [
              -93.25146266187568,
              44.87508055443766
            ],
            [
              -93.25146266187568,
              44.87732633237514
            ],
            [
              -93.25370843981315,
              44.87732633237514
            ],
            [
              -93.25370843981315,
              44.87508055443766
            ],
            [
              -93.25146266187568,
              44.87508055443766
            ]
          ]
        ]
      }
    },
    {
      "id": "223",
      "type": "Feature",
      "properties": {
        "cell_id": "r6_c30",
        "row": 6,
        "col": 30,
        "dominant_nbs": null,
        "dominant_nbs_score": null,
        "uhi_built_up": false,
        "shade_deficit": true,
        "high_daytime_lst": true,
        "limited_nocturnal_cooling": false,
        "high_social_exposure": true,
        "heat_mechanism_type": "mixed",
        "heat_mechanism_code": 6,
        "heat_score": 0.6539315581321716,
        "heat_risk_score": 0.38541725277900696,
        "hazard_valid": true,
        "is_interpolated": false
      },
      "geometry": {
        "type": "Polygon",
        "coordinates": [
          [
            [
              -93.2492168839382,
              44.87508055443766
            ],
            [
              -93.2492168839382,
              44.87732633237514
            ],
            [
              -93.25146266187568,
              44.87732633237514
            ],
            [
              -93.25146266187568,
              44.87508055443766
            ],
            [
              -93.2492168839382,
              44.87508055443766
            ]
          ]
        ]
      }
    },
    {
      "id": "224",
      "type": "Feature",
      "properties": {
        "cell_id": "r6_c31",
        "row": 6,
        "col": 31,
        "dominant_nbs": null,
        "dominant_nbs_score": null,
        "uhi_built_up": false,
        "shade_deficit": false,
        "high_daytime_lst": true,
        "limited_nocturnal_cooling": false,
        "high_social_exposure": false,
        "heat_mechanism_type": "high_daytime_lst",
        "heat_mechanism_code": 3,
        "heat_score": 0.6621277928352356,
        "heat_risk_score": 0.3223735988140106,
        "hazard_valid": true,
        "is_interpolated": false
      },
      "geometry": {
        "type": "Polygon",
        "coordinates": [
          [
            [
              -93.24697110600073,
              44.87508055443766
            ],
            [
              -93.24697110600073,
              44.87732633237514
            ],
            [
              -93.2492168839382,
              44.87732633237514
            ],
            [
              -93.2492168839382,
              44.87508055443766
            ],
            [
              -93.24697110600073,
              44.87508055443766
            ]
          ]
        ]
      }
    },
    {
      "id": "225",
      "type": "Feature",
      "properties": {
        "cell_id": "r7_c0",
        "row": 7,
        "col": 0,
        "dominant_nbs": null,
        "dominant_nbs_score": null,
        "uhi_built_up": false,
        "shade_deficit": false,
        "high_daytime_lst": true,
        "limited_nocturnal_cooling": false,
        "high_social_exposure": false,
        "heat_mechanism_type": "high_daytime_lst",
        "heat_mechanism_code": 3,
        "heat_score": 0.36803510785102844,
        "heat_risk_score": 0.22526584565639496,
        "hazard_valid": true,
        "is_interpolated": false
      },
      "geometry": {
        "type": "Polygon",
        "coordinates": [
          [
            [
              -93.31659022206253,
              44.872834776500184
            ],
            [
              -93.31659022206253,
              44.87508055443766
            ],
            [
              -93.318836,
              44.87508055443766
            ],
            [
              -93.318836,
              44.872834776500184
            ],
            [
              -93.31659022206253,
              44.872834776500184
            ]
          ]
        ]
      }
    },
    {
      "id": "226",
      "type": "Feature",
      "properties": {
        "cell_id": "r7_c1",
        "row": 7,
        "col": 1,
        "dominant_nbs": null,
        "dominant_nbs_score": null,
        "uhi_built_up": false,
        "shade_deficit": false,
        "high_daytime_lst": true,
        "limited_nocturnal_cooling": false,
        "high_social_exposure": false,
        "heat_mechanism_type": "high_daytime_lst",
        "heat_mechanism_code": 3,
        "heat_score": 0.3545542061328888,
        "heat_risk_score": 0.2224811166524887,
        "hazard_valid": true,
        "is_interpolated": false
      },
      "geometry": {
        "type": "Polygon",
        "coordinates": [
          [
            [
              -93.31434444412506,
              44.872834776500184
            ],
            [
              -93.31434444412506,
              44.87508055443766
            ],
            [
              -93.31659022206253,
              44.87508055443766
            ],
            [
              -93.31659022206253,
              44.872834776500184
            ],
            [
              -93.31434444412506,
              44.872834776500184
            ]
          ]
        ]
      }
    },
    {
      "id": "227",
      "type": "Feature",
      "properties": {
        "cell_id": "r7_c2",
        "row": 7,
        "col": 2,
        "dominant_nbs": null,
        "dominant_nbs_score": null,
        "uhi_built_up": false,
        "shade_deficit": false,
        "high_daytime_lst": true,
        "limited_nocturnal_cooling": false,
        "high_social_exposure": false,
        "heat_mechanism_type": "high_daytime_lst",
        "heat_mechanism_code": 3,
        "heat_score": 0.3846852779388428,
        "heat_risk_score": 0.22861294448375702,
        "hazard_valid": true,
        "is_interpolated": false
      },
      "geometry": {
        "type": "Polygon",
        "coordinates": [
          [
            [
              -93.31209866618757,
              44.872834776500184
            ],
            [
              -93.31209866618757,
              44.87508055443766
            ],
            [
              -93.31434444412506,
              44.87508055443766
            ],
            [
              -93.31434444412506,
              44.872834776500184
            ],
            [
              -93.31209866618757,
              44.872834776500184
            ]
          ]
        ]
      }
    },
    {
      "id": "228",
      "type": "Feature",
      "properties": {
        "cell_id": "r7_c3",
        "row": 7,
        "col": 3,
        "dominant_nbs": null,
        "dominant_nbs_score": null,
        "uhi_built_up": false,
        "shade_deficit": false,
        "high_daytime_lst": true,
        "limited_nocturnal_cooling": false,
        "high_social_exposure": false,
        "heat_mechanism_type": "high_daytime_lst",
        "heat_mechanism_code": 3,
        "heat_score": 0.3806542456150055,
        "heat_risk_score": 0.22781160473823547,
        "hazard_valid": true,
        "is_interpolated": false
      },
      "geometry": {
        "type": "Polygon",
        "coordinates": [
          [
            [
              -93.30985288825009,
              44.872834776500184
            ],
            [
              -93.30985288825009,
              44.87508055443766
            ],
            [
              -93.31209866618757,
              44.87508055443766
            ],
            [
              -93.31209866618757,
              44.872834776500184
            ],
            [
              -93.30985288825009,
              44.872834776500184
            ]
          ]
        ]
      }
    },
    {
      "id": "229",
      "type": "Feature",
      "properties": {
        "cell_id": "r7_c4",
        "row": 7,
        "col": 4,
        "dominant_nbs": null,
        "dominant_nbs_score": null,
        "uhi_built_up": false,
        "shade_deficit": false,
        "high_daytime_lst": true,
        "limited_nocturnal_cooling": false,
        "high_social_exposure": false,
        "heat_mechanism_type": "high_daytime_lst",
        "heat_mechanism_code": 3,
        "heat_score": 0.374649316072464,
        "heat_risk_score": 0.2266073226928711,
        "hazard_valid": true,
        "is_interpolated": false
      },
      "geometry": {
        "type": "Polygon",
        "coordinates": [
          [
            [
              -93.30760711031262,
              44.872834776500184
            ],
            [
              -93.30760711031262,
              44.87508055443766
            ],
            [
              -93.30985288825009,
              44.87508055443766
            ],
            [
              -93.30985288825009,
              44.872834776500184
            ],
            [
              -93.30760711031262,
              44.872834776500184
            ]
          ]
        ]
      }
    },
    {
      "id": "230",
      "type": "Feature",
      "properties": {
        "cell_id": "r7_c5",
        "row": 7,
        "col": 5,
        "dominant_nbs": null,
        "dominant_nbs_score": null,
        "uhi_built_up": false,
        "shade_deficit": false,
        "high_daytime_lst": true,
        "limited_nocturnal_cooling": false,
        "high_social_exposure": false,
        "heat_mechanism_type": "high_daytime_lst",
        "heat_mechanism_code": 3,
        "heat_score": 0.6048999428749084,
        "heat_risk_score": 0.21473325788974762,
        "hazard_valid": true,
        "is_interpolated": false
      },
      "geometry": {
        "type": "Polygon",
        "coordinates": [
          [
            [
              -93.30536133237514,
              44.872834776500184
            ],
            [
              -93.30536133237514,
              44.87508055443766
            ],
            [
              -93.30760711031262,
              44.87508055443766
            ],
            [
              -93.30760711031262,
              44.872834776500184
            ],
            [
              -93.30536133237514,
              44.872834776500184
            ]
          ]
        ]
      }
    },
    {
      "id": "231",
      "type": "Feature",
      "properties": {
        "cell_id": "r7_c6",
        "row": 7,
        "col": 6,
        "dominant_nbs": null,
        "dominant_nbs_score": null,
        "uhi_built_up": true,
        "shade_deficit": true,
        "high_daytime_lst": true,
        "limited_nocturnal_cooling": false,
        "high_social_exposure": false,
        "heat_mechanism_type": "uhi_built_up",
        "heat_mechanism_code": 1,
        "heat_score": 0.5973970890045166,
        "heat_risk_score": 0.2138417512178421,
        "hazard_valid": true,
        "is_interpolated": false
      },
      "geometry": {
        "type": "Polygon",
        "coordinates": [
          [
            [
              -93.30311555443767,
              44.872834776500184
            ],
            [
              -93.30311555443767,
              44.87508055443766
            ],
            [
              -93.30536133237514,
              44.87508055443766
            ],
            [
              -93.30536133237514,
              44.872834776500184
            ],
            [
              -93.30311555443767,
              44.872834776500184
            ]
          ]
        ]
      }
    },
    {
      "id": "232",
      "type": "Feature",
      "properties": {
        "cell_id": "r7_c7",
        "row": 7,
        "col": 7,
        "dominant_nbs": null,
        "dominant_nbs_score": null,
        "uhi_built_up": false,
        "shade_deficit": true,
        "high_daytime_lst": true,
        "limited_nocturnal_cooling": false,
        "high_social_exposure": false,
        "heat_mechanism_type": "mixed",
        "heat_mechanism_code": 6,
        "heat_score": 0.576928436756134,
        "heat_risk_score": 0.2113710194826126,
        "hazard_valid": true,
        "is_interpolated": false
      },
      "geometry": {
        "type": "Polygon",
        "coordinates": [
          [
            [
              -93.30086977650018,
              44.872834776500184
            ],
            [
              -93.30086977650018,
              44.87508055443766
            ],
            [
              -93.30311555443767,
              44.87508055443766
            ],
            [
              -93.30311555443767,
              44.872834776500184
            ],
            [
              -93.30086977650018,
              44.872834776500184
            ]
          ]
        ]
      }
    },
    {
      "id": "233",
      "type": "Feature",
      "properties": {
        "cell_id": "r7_c8",
        "row": 7,
        "col": 8,
        "dominant_nbs": null,
        "dominant_nbs_score": null,
        "uhi_built_up": false,
        "shade_deficit": false,
        "high_daytime_lst": true,
        "limited_nocturnal_cooling": false,
        "high_social_exposure": false,
        "heat_mechanism_type": "high_daytime_lst",
        "heat_mechanism_code": 3,
        "heat_score": 0.5648232102394104,
        "heat_risk_score": 0.2098822146654129,
        "hazard_valid": true,
        "is_interpolated": false
      },
      "geometry": {
        "type": "Polygon",
        "coordinates": [
          [
            [
              -93.2986239985627,
              44.872834776500184
            ],
            [
              -93.2986239985627,
              44.87508055443766
            ],
            [
              -93.30086977650018,
              44.87508055443766
            ],
            [
              -93.30086977650018,
              44.872834776500184
            ],
            [
              -93.2986239985627,
              44.872834776500184
            ]
          ]
        ]
      }
    },
    {
      "id": "234",
      "type": "Feature",
      "properties": {
        "cell_id": "r7_c9",
        "row": 7,
        "col": 9,
        "dominant_nbs": null,
        "dominant_nbs_score": null,
        "uhi_built_up": false,
        "shade_deficit": false,
        "high_daytime_lst": true,
        "limited_nocturnal_cooling": false,
        "high_social_exposure": false,
        "heat_mechanism_type": "high_daytime_lst",
        "heat_mechanism_code": 3,
        "heat_score": 0.47149857878685,
        "heat_risk_score": 0.13838864862918854,
        "hazard_valid": true,
        "is_interpolated": false
      },
      "geometry": {
        "type": "Polygon",
        "coordinates": [
          [
            [
              -93.29637822062523,
              44.872834776500184
            ],
            [
              -93.29637822062523,
              44.87508055443766
            ],
            [
              -93.2986239985627,
              44.87508055443766
            ],
            [
              -93.2986239985627,
              44.872834776500184
            ],
            [
              -93.29637822062523,
              44.872834776500184
            ]
          ]
        ]
      }
    },
    {
      "id": "235",
      "type": "Feature",
      "properties": {
        "cell_id": "r7_c10",
        "row": 7,
        "col": 10,
        "dominant_nbs": null,
        "dominant_nbs_score": null,
        "uhi_built_up": false,
        "shade_deficit": false,
        "high_daytime_lst": true,
        "limited_nocturnal_cooling": false,
        "high_social_exposure": false,
        "heat_mechanism_type": "high_daytime_lst",
        "heat_mechanism_code": 3,
        "heat_score": 0.4467070996761322,
        "heat_risk_score": 0.13591934740543365,
        "hazard_valid": true,
        "is_interpolated": false
      },
      "geometry": {
        "type": "Polygon",
        "coordinates": [
          [
            [
              -93.29413244268775,
              44.872834776500184
            ],
            [
              -93.29413244268775,
              44.87508055443766
            ],
            [
              -93.29637822062523,
              44.87508055443766
            ],
            [
              -93.29637822062523,
              44.872834776500184
            ],
            [
              -93.29413244268775,
              44.872834776500184
            ]
          ]
        ]
      }
    },
    {
      "id": "236",
      "type": "Feature",
      "properties": {
        "cell_id": "r7_c11",
        "row": 7,
        "col": 11,
        "dominant_nbs": null,
        "dominant_nbs_score": null,
        "uhi_built_up": false,
        "shade_deficit": false,
        "high_daytime_lst": true,
        "limited_nocturnal_cooling": false,
        "high_social_exposure": false,
        "heat_mechanism_type": "high_daytime_lst",
        "heat_mechanism_code": 3,
        "heat_score": 0.40956345200538635,
        "heat_risk_score": 0.13204260170459747,
        "hazard_valid": true,
        "is_interpolated": false
      },
      "geometry": {
        "type": "Polygon",
        "coordinates": [
          [
            [
              -93.29188666475028,
              44.872834776500184
            ],
            [
              -93.29188666475028,
              44.87508055443766
            ],
            [
              -93.29413244268775,
              44.87508055443766
            ],
            [
              -93.29413244268775,
              44.872834776500184
            ],
            [
              -93.29188666475028,
              44.872834776500184
            ]
          ]
        ]
      }
    },
    {
      "id": "237",
      "type": "Feature",
      "properties": {
        "cell_id": "r7_c12",
        "row": 7,
        "col": 12,
        "dominant_nbs": null,
        "dominant_nbs_score": null,
        "uhi_built_up": false,
        "shade_deficit": false,
        "high_daytime_lst": true,
        "limited_nocturnal_cooling": false,
        "high_social_exposure": false,
        "heat_mechanism_type": "without_clear_dominant",
        "heat_mechanism_code": 0,
        "heat_score": 0.44556406140327454,
        "heat_risk_score": 0.13580332696437836,
        "hazard_valid": true,
        "is_interpolated": false
      },
      "geometry": {
        "type": "Polygon",
        "coordinates": [
          [
            [
              -93.28964088681279,
              44.872834776500184
            ],
            [
              -93.28964088681279,
              44.87508055443766
            ],
            [
              -93.29188666475028,
              44.87508055443766
            ],
            [
              -93.29188666475028,
              44.872834776500184
            ],
            [
              -93.28964088681279,
              44.872834776500184
            ]
          ]
        ]
      }
    },
    {
      "id": "238",
      "type": "Feature",
      "properties": {
        "cell_id": "r7_c13",
        "row": 7,
        "col": 13,
        "dominant_nbs": null,
        "dominant_nbs_score": null,
        "uhi_built_up": false,
        "shade_deficit": true,
        "high_daytime_lst": true,
        "limited_nocturnal_cooling": false,
        "high_social_exposure": false,
        "heat_mechanism_type": "high_daytime_lst",
        "heat_mechanism_code": 3,
        "heat_score": 0.4127765893936157,
        "heat_risk_score": 0.14090797305107117,
        "hazard_valid": true,
        "is_interpolated": false
      },
      "geometry": {
        "type": "Polygon",
        "coordinates": [
          [
            [
              -93.28739510887532,
              44.872834776500184
            ],
            [
              -93.28739510887532,
              44.87508055443766
            ],
            [
              -93.28964088681279,
              44.87508055443766
            ],
            [
              -93.28964088681279,
              44.872834776500184
            ],
            [
              -93.28739510887532,
              44.872834776500184
            ]
          ]
        ]
      }
    },
    {
      "id": "239",
      "type": "Feature",
      "properties": {
        "cell_id": "r7_c14",
        "row": 7,
        "col": 14,
        "dominant_nbs": null,
        "dominant_nbs_score": null,
        "uhi_built_up": true,
        "shade_deficit": true,
        "high_daytime_lst": true,
        "limited_nocturnal_cooling": false,
        "high_social_exposure": false,
        "heat_mechanism_type": "mixed",
        "heat_mechanism_code": 6,
        "heat_score": 0.47997045516967773,
        "heat_risk_score": 0.14817287027835846,
        "hazard_valid": true,
        "is_interpolated": false
      },
      "geometry": {
        "type": "Polygon",
        "coordinates": [
          [
            [
              -93.28514933093784,
              44.872834776500184
            ],
            [
              -93.28514933093784,
              44.87508055443766
            ],
            [
              -93.28739510887532,
              44.87508055443766
            ],
            [
              -93.28739510887532,
              44.872834776500184
            ],
            [
              -93.28514933093784,
              44.872834776500184
            ]
          ]
        ]
      }
    },
    {
      "id": "240",
      "type": "Feature",
      "properties": {
        "cell_id": "r7_c15",
        "row": 7,
        "col": 15,
        "dominant_nbs": null,
        "dominant_nbs_score": null,
        "uhi_built_up": true,
        "shade_deficit": false,
        "high_daytime_lst": true,
        "limited_nocturnal_cooling": false,
        "high_social_exposure": false,
        "heat_mechanism_type": "mixed",
        "heat_mechanism_code": 6,
        "heat_score": 0.5301645994186401,
        "heat_risk_score": 0.15316778421401978,
        "hazard_valid": true,
        "is_interpolated": false
      },
      "geometry": {
        "type": "Polygon",
        "coordinates": [
          [
            [
              -93.28290355300037,
              44.872834776500184
            ],
            [
              -93.28290355300037,
              44.87508055443766
            ],
            [
              -93.28514933093784,
              44.87508055443766
            ],
            [
              -93.28514933093784,
              44.872834776500184
            ],
            [
              -93.28290355300037,
              44.872834776500184
            ]
          ]
        ]
      }
    },
    {
      "id": "241",
      "type": "Feature",
      "properties": {
        "cell_id": "r7_c16",
        "row": 7,
        "col": 16,
        "dominant_nbs": null,
        "dominant_nbs_score": null,
        "uhi_built_up": false,
        "shade_deficit": false,
        "high_daytime_lst": true,
        "limited_nocturnal_cooling": false,
        "high_social_exposure": false,
        "heat_mechanism_type": "high_daytime_lst",
        "heat_mechanism_code": 3,
        "heat_score": 0.4391085207462311,
        "heat_risk_score": 0.1438426971435547,
        "hazard_valid": true,
        "is_interpolated": false
      },
      "geometry": {
        "type": "Polygon",
        "coordinates": [
          [
            [
              -93.28065777506289,
              44.872834776500184
            ],
            [
              -93.28065777506289,
              44.87508055443766
            ],
            [
              -93.28290355300037,
              44.87508055443766
            ],
            [
              -93.28290355300037,
              44.872834776500184
            ],
            [
              -93.28065777506289,
              44.872834776500184
            ]
          ]
        ]
      }
    },
    {
      "id": "242",
      "type": "Feature",
      "properties": {
        "cell_id": "r7_c17",
        "row": 7,
        "col": 17,
        "dominant_nbs": null,
        "dominant_nbs_score": null,
        "uhi_built_up": false,
        "shade_deficit": false,
        "high_daytime_lst": true,
        "limited_nocturnal_cooling": false,
        "high_social_exposure": false,
        "heat_mechanism_type": "high_daytime_lst",
        "heat_mechanism_code": 3,
        "heat_score": 0.42936503887176514,
        "heat_risk_score": 0.14277081191539764,
        "hazard_valid": true,
        "is_interpolated": false
      },
      "geometry": {
        "type": "Polygon",
        "coordinates": [
          [
            [
              -93.2784119971254,
              44.872834776500184
            ],
            [
              -93.2784119971254,
              44.87508055443766
            ],
            [
              -93.28065777506289,
              44.87508055443766
            ],
            [
              -93.28065777506289,
              44.872834776500184
            ],
            [
              -93.2784119971254,
              44.872834776500184
            ]
          ]
        ]
      }
    },
    {
      "id": "243",
      "type": "Feature",
      "properties": {
        "cell_id": "r7_c18",
        "row": 7,
        "col": 18,
        "dominant_nbs": null,
        "dominant_nbs_score": null,
        "uhi_built_up": true,
        "shade_deficit": false,
        "high_daytime_lst": true,
        "limited_nocturnal_cooling": false,
        "high_social_exposure": false,
        "heat_mechanism_type": "mixed",
        "heat_mechanism_code": 6,
        "heat_score": 0.472306489944458,
        "heat_risk_score": 0.2588425874710083,
        "hazard_valid": true,
        "is_interpolated": false
      },
      "geometry": {
        "type": "Polygon",
        "coordinates": [
          [
            [
              -93.27616621918793,
              44.872834776500184
            ],
            [
              -93.27616621918793,
              44.87508055443766
            ],
            [
              -93.2784119971254,
              44.87508055443766
            ],
            [
              -93.2784119971254,
              44.872834776500184
            ],
            [
              -93.27616621918793,
              44.872834776500184
            ]
          ]
        ]
      }
    },
    {
      "id": "244",
      "type": "Feature",
      "properties": {
        "cell_id": "r7_c19",
        "row": 7,
        "col": 19,
        "dominant_nbs": null,
        "dominant_nbs_score": null,
        "uhi_built_up": true,
        "shade_deficit": true,
        "high_daytime_lst": true,
        "limited_nocturnal_cooling": false,
        "high_social_exposure": false,
        "heat_mechanism_type": "mixed",
        "heat_mechanism_code": 6,
        "heat_score": 0.4517779052257538,
        "heat_risk_score": 0.25503674149513245,
        "hazard_valid": true,
        "is_interpolated": false
      },
      "geometry": {
        "type": "Polygon",
        "coordinates": [
          [
            [
              -93.27392044125045,
              44.872834776500184
            ],
            [
              -93.27392044125045,
              44.87508055443766
            ],
            [
              -93.27616621918793,
              44.87508055443766
            ],
            [
              -93.27616621918793,
              44.872834776500184
            ],
            [
              -93.27392044125045,
              44.872834776500184
            ]
          ]
        ]
      }
    },
    {
      "id": "245",
      "type": "Feature",
      "properties": {
        "cell_id": "r7_c20",
        "row": 7,
        "col": 20,
        "dominant_nbs": null,
        "dominant_nbs_score": null,
        "uhi_built_up": false,
        "shade_deficit": false,
        "high_daytime_lst": true,
        "limited_nocturnal_cooling": false,
        "high_social_exposure": true,
        "heat_mechanism_type": "high_daytime_lst",
        "heat_mechanism_code": 3,
        "heat_score": 0.4463246166706085,
        "heat_risk_score": 0.38693246245384216,
        "hazard_valid": true,
        "is_interpolated": false
      },
      "geometry": {
        "type": "Polygon",
        "coordinates": [
          [
            [
              -93.27167466331298,
              44.872834776500184
            ],
            [
              -93.27167466331298,
              44.87508055443766
            ],
            [
              -93.27392044125045,
              44.87508055443766
            ],
            [
              -93.27392044125045,
              44.872834776500184
            ],
            [
              -93.27167466331298,
              44.872834776500184
            ]
          ]
        ]
      }
    },
    {
      "id": "246",
      "type": "Feature",
      "properties": {
        "cell_id": "r7_c21",
        "row": 7,
        "col": 21,
        "dominant_nbs": null,
        "dominant_nbs_score": null,
        "uhi_built_up": false,
        "shade_deficit": true,
        "high_daytime_lst": true,
        "limited_nocturnal_cooling": false,
        "high_social_exposure": true,
        "heat_mechanism_type": "high_daytime_lst",
        "heat_mechanism_code": 3,
        "heat_score": 0.4777628481388092,
        "heat_risk_score": 0.3958120346069336,
        "hazard_valid": true,
        "is_interpolated": false
      },
      "geometry": {
        "type": "Polygon",
        "coordinates": [
          [
            [
              -93.2694288853755,
              44.872834776500184
            ],
            [
              -93.2694288853755,
              44.87508055443766
            ],
            [
              -93.27167466331298,
              44.87508055443766
            ],
            [
              -93.27167466331298,
              44.872834776500184
            ],
            [
              -93.2694288853755,
              44.872834776500184
            ]
          ]
        ]
      }
    },
    {
      "id": "247",
      "type": "Feature",
      "properties": {
        "cell_id": "r7_c22",
        "row": 7,
        "col": 22,
        "dominant_nbs": null,
        "dominant_nbs_score": null,
        "uhi_built_up": false,
        "shade_deficit": true,
        "high_daytime_lst": true,
        "limited_nocturnal_cooling": false,
        "high_social_exposure": true,
        "heat_mechanism_type": "high_daytime_lst",
        "heat_mechanism_code": 3,
        "heat_score": 0.4910290539264679,
        "heat_risk_score": 0.399442195892334,
        "hazard_valid": true,
        "is_interpolated": false
      },
      "geometry": {
        "type": "Polygon",
        "coordinates": [
          [
            [
              -93.26718310743802,
              44.872834776500184
            ],
            [
              -93.26718310743802,
              44.87508055443766
            ],
            [
              -93.2694288853755,
              44.87508055443766
            ],
            [
              -93.2694288853755,
              44.872834776500184
            ],
            [
              -93.26718310743802,
              44.872834776500184
            ]
          ]
        ]
      }
    },
    {
      "id": "248",
      "type": "Feature",
      "properties": {
        "cell_id": "r7_c23",
        "row": 7,
        "col": 23,
        "dominant_nbs": null,
        "dominant_nbs_score": null,
        "uhi_built_up": false,
        "shade_deficit": true,
        "high_daytime_lst": true,
        "limited_nocturnal_cooling": false,
        "high_social_exposure": false,
        "heat_mechanism_type": "high_daytime_lst",
        "heat_mechanism_code": 3,
        "heat_score": 0.46533310413360596,
        "heat_risk_score": 0.3121168315410614,
        "hazard_valid": true,
        "is_interpolated": false
      },
      "geometry": {
        "type": "Polygon",
        "coordinates": [
          [
            [
              -93.26493732950054,
              44.872834776500184
            ],
            [
              -93.26493732950054,
              44.87508055443766
            ],
            [
              -93.26718310743802,
              44.87508055443766
            ],
            [
              -93.26718310743802,
              44.872834776500184
            ],
            [
              -93.26493732950054,
              44.872834776500184
            ]
          ]
        ]
      }
    },
    {
      "id": "249",
      "type": "Feature",
      "properties": {
        "cell_id": "r7_c24",
        "row": 7,
        "col": 24,
        "dominant_nbs": null,
        "dominant_nbs_score": null,
        "uhi_built_up": false,
        "shade_deficit": true,
        "high_daytime_lst": true,
        "limited_nocturnal_cooling": false,
        "high_social_exposure": false,
        "heat_mechanism_type": "high_daytime_lst",
        "heat_mechanism_code": 3,
        "heat_score": 0.47896942496299744,
        "heat_risk_score": 0.3151363432407379,
        "hazard_valid": true,
        "is_interpolated": false
      },
      "geometry": {
        "type": "Polygon",
        "coordinates": [
          [
            [
              -93.26269155156307,
              44.872834776500184
            ],
            [
              -93.26269155156307,
              44.87508055443766
            ],
            [
              -93.26493732950054,
              44.87508055443766
            ],
            [
              -93.26493732950054,
              44.872834776500184
            ],
            [
              -93.26269155156307,
              44.872834776500184
            ]
          ]
        ]
      }
    },
    {
      "id": "250",
      "type": "Feature",
      "properties": {
        "cell_id": "r7_c25",
        "row": 7,
        "col": 25,
        "dominant_nbs": null,
        "dominant_nbs_score": null,
        "uhi_built_up": false,
        "shade_deficit": false,
        "high_daytime_lst": true,
        "limited_nocturnal_cooling": false,
        "high_social_exposure": false,
        "heat_mechanism_type": "high_daytime_lst",
        "heat_mechanism_code": 3,
        "heat_score": 0.5717465281486511,
        "heat_risk_score": 0.334295392036438,
        "hazard_valid": true,
        "is_interpolated": false
      },
      "geometry": {
        "type": "Polygon",
        "coordinates": [
          [
            [
              -93.26044577362559,
              44.872834776500184
            ],
            [
              -93.26044577362559,
              44.87508055443766
            ],
            [
              -93.26269155156307,
              44.87508055443766
            ],
            [
              -93.26269155156307,
              44.872834776500184
            ],
            [
              -93.26044577362559,
              44.872834776500184
            ]
          ]
        ]
      }
    },
    {
      "id": "251",
      "type": "Feature",
      "properties": {
        "cell_id": "r7_c26",
        "row": 7,
        "col": 26,
        "dominant_nbs": null,
        "dominant_nbs_score": null,
        "uhi_built_up": false,
        "shade_deficit": true,
        "high_daytime_lst": true,
        "limited_nocturnal_cooling": false,
        "high_social_exposure": false,
        "heat_mechanism_type": "high_daytime_lst",
        "heat_mechanism_code": 3,
        "heat_score": 0.5510095953941345,
        "heat_risk_score": 0.33020395040512085,
        "hazard_valid": true,
        "is_interpolated": false
      },
      "geometry": {
        "type": "Polygon",
        "coordinates": [
          [
            [
              -93.25819999568812,
              44.872834776500184
            ],
            [
              -93.25819999568812,
              44.87508055443766
            ],
            [
              -93.26044577362559,
              44.87508055443766
            ],
            [
              -93.26044577362559,
              44.872834776500184
            ],
            [
              -93.25819999568812,
              44.872834776500184
            ]
          ]
        ]
      }
    },
    {
      "id": "252",
      "type": "Feature",
      "properties": {
        "cell_id": "r7_c27",
        "row": 7,
        "col": 27,
        "dominant_nbs": null,
        "dominant_nbs_score": null,
        "uhi_built_up": false,
        "shade_deficit": true,
        "high_daytime_lst": true,
        "limited_nocturnal_cooling": false,
        "high_social_exposure": true,
        "heat_mechanism_type": "high_daytime_lst",
        "heat_mechanism_code": 3,
        "heat_score": 0.5458851456642151,
        "heat_risk_score": 0.36290040612220764,
        "hazard_valid": true,
        "is_interpolated": false
      },
      "geometry": {
        "type": "Polygon",
        "coordinates": [
          [
            [
              -93.25595421775063,
              44.872834776500184
            ],
            [
              -93.25595421775063,
              44.87508055443766
            ],
            [
              -93.25819999568812,
              44.87508055443766
            ],
            [
              -93.25819999568812,
              44.872834776500184
            ],
            [
              -93.25595421775063,
              44.872834776500184
            ]
          ]
        ]
      }
    },
    {
      "id": "253",
      "type": "Feature",
      "properties": {
        "cell_id": "r7_c28",
        "row": 7,
        "col": 28,
        "dominant_nbs": null,
        "dominant_nbs_score": null,
        "uhi_built_up": true,
        "shade_deficit": true,
        "high_daytime_lst": true,
        "limited_nocturnal_cooling": false,
        "high_social_exposure": true,
        "heat_mechanism_type": "mixed",
        "heat_mechanism_code": 6,
        "heat_score": 0.5656435489654541,
        "heat_risk_score": 0.36722704768180847,
        "hazard_valid": true,
        "is_interpolated": false
      },
      "geometry": {
        "type": "Polygon",
        "coordinates": [
          [
            [
              -93.25370843981315,
              44.872834776500184
            ],
            [
              -93.25370843981315,
              44.87508055443766
            ],
            [
              -93.25595421775063,
              44.87508055443766
            ],
            [
              -93.25595421775063,
              44.872834776500184
            ],
            [
              -93.25370843981315,
              44.872834776500184
            ]
          ]
        ]
      }
    },
    {
      "id": "254",
      "type": "Feature",
      "properties": {
        "cell_id": "r7_c29",
        "row": 7,
        "col": 29,
        "dominant_nbs": null,
        "dominant_nbs_score": null,
        "uhi_built_up": true,
        "shade_deficit": false,
        "high_daytime_lst": true,
        "limited_nocturnal_cooling": false,
        "high_social_exposure": true,
        "heat_mechanism_type": "mixed",
        "heat_mechanism_code": 6,
        "heat_score": 0.6611650586128235,
        "heat_risk_score": 0.386833131313324,
        "hazard_valid": true,
        "is_interpolated": false
      },
      "geometry": {
        "type": "Polygon",
        "coordinates": [
          [
            [
              -93.25146266187568,
              44.872834776500184
            ],
            [
              -93.25146266187568,
              44.87508055443766
            ],
            [
              -93.25370843981315,
              44.87508055443766
            ],
            [
              -93.25370843981315,
              44.872834776500184
            ],
            [
              -93.25146266187568,
              44.872834776500184
            ]
          ]
        ]
      }
    },
    {
      "id": "255",
      "type": "Feature",
      "properties": {
        "cell_id": "r7_c30",
        "row": 7,
        "col": 30,
        "dominant_nbs": null,
        "dominant_nbs_score": null,
        "uhi_built_up": false,
        "shade_deficit": true,
        "high_daytime_lst": true,
        "limited_nocturnal_cooling": false,
        "high_social_exposure": true,
        "heat_mechanism_type": "high_daytime_lst",
        "heat_mechanism_code": 3,
        "heat_score": 0.6524257063865662,
        "heat_risk_score": 0.3851211667060852,
        "hazard_valid": true,
        "is_interpolated": false
      },
      "geometry": {
        "type": "Polygon",
        "coordinates": [
          [
            [
              -93.2492168839382,
              44.872834776500184
            ],
            [
              -93.2492168839382,
              44.87508055443766
            ],
            [
              -93.25146266187568,
              44.87508055443766
            ],
            [
              -93.25146266187568,
              44.872834776500184
            ],
            [
              -93.2492168839382,
              44.872834776500184
            ]
          ]
        ]
      }
    },
    {
      "id": "256",
      "type": "Feature",
      "properties": {
        "cell_id": "r7_c31",
        "row": 7,
        "col": 31,
        "dominant_nbs": null,
        "dominant_nbs_score": null,
        "uhi_built_up": false,
        "shade_deficit": false,
        "high_daytime_lst": true,
        "limited_nocturnal_cooling": false,
        "high_social_exposure": true,
        "heat_mechanism_type": "high_daytime_lst",
        "heat_mechanism_code": 3,
        "heat_score": 0.6592362523078918,
        "heat_risk_score": 0.38645660877227783,
        "hazard_valid": true,
        "is_interpolated": false
      },
      "geometry": {
        "type": "Polygon",
        "coordinates": [
          [
            [
              -93.24697110600073,
              44.872834776500184
            ],
            [
              -93.24697110600073,
              44.87508055443766
            ],
            [
              -93.2492168839382,
              44.87508055443766
            ],
            [
              -93.2492168839382,
              44.872834776500184
            ],
            [
              -93.24697110600073,
              44.872834776500184
            ]
          ]
        ]
      }
    },
    {
      "id": "257",
      "type": "Feature",
      "properties": {
        "cell_id": "r8_c0",
        "row": 8,
        "col": 0,
        "dominant_nbs": null,
        "dominant_nbs_score": null,
        "uhi_built_up": false,
        "shade_deficit": false,
        "high_daytime_lst": true,
        "limited_nocturnal_cooling": false,
        "high_social_exposure": false,
        "heat_mechanism_type": "high_daytime_lst",
        "heat_mechanism_code": 3,
        "heat_score": 0.341813325881958,
        "heat_risk_score": 0.2508159577846527,
        "hazard_valid": true,
        "is_interpolated": false
      },
      "geometry": {
        "type": "Polygon",
        "coordinates": [
          [
            [
              -93.31659022206253,
              44.8705889985627
            ],
            [
              -93.31659022206253,
              44.872834776500184
            ],
            [
              -93.318836,
              44.872834776500184
            ],
            [
              -93.318836,
              44.8705889985627
            ],
            [
              -93.31659022206253,
              44.8705889985627
            ]
          ]
        ]
      }
    },
    {
      "id": "258",
      "type": "Feature",
      "properties": {
        "cell_id": "r8_c1",
        "row": 8,
        "col": 1,
        "dominant_nbs": null,
        "dominant_nbs_score": null,
        "uhi_built_up": false,
        "shade_deficit": true,
        "high_daytime_lst": true,
        "limited_nocturnal_cooling": false,
        "high_social_exposure": false,
        "heat_mechanism_type": "mixed",
        "heat_mechanism_code": 6,
        "heat_score": 0.3431030213832855,
        "heat_risk_score": 0.2511310279369354,
        "hazard_valid": true,
        "is_interpolated": false
      },
      "geometry": {
        "type": "Polygon",
        "coordinates": [
          [
            [
              -93.31434444412506,
              44.8705889985627
            ],
            [
              -93.31434444412506,
              44.872834776500184
            ],
            [
              -93.31659022206253,
              44.872834776500184
            ],
            [
              -93.31659022206253,
              44.8705889985627
            ],
            [
              -93.31434444412506,
              44.8705889985627
            ]
          ]
        ]
      }
    },
    {
      "id": "259",
      "type": "Feature",
      "properties": {
        "cell_id": "r8_c2",
        "row": 8,
        "col": 2,
        "dominant_nbs": null,
        "dominant_nbs_score": null,
        "uhi_built_up": false,
        "shade_deficit": false,
        "high_daytime_lst": true,
        "limited_nocturnal_cooling": false,
        "high_social_exposure": false,
        "heat_mechanism_type": "high_daytime_lst",
        "heat_mechanism_code": 3,
        "heat_score": 0.3609468936920166,
        "heat_risk_score": 0.25541120767593384,
        "hazard_valid": true,
        "is_interpolated": false
      },
      "geometry": {
        "type": "Polygon",
        "coordinates": [
          [
            [
              -93.31209866618757,
              44.8705889985627
            ],
            [
              -93.31209866618757,
              44.872834776500184
            ],
            [
              -93.31434444412506,
              44.872834776500184
            ],
            [
              -93.31434444412506,
              44.8705889985627
            ],
            [
              -93.31209866618757,
              44.8705889985627
            ]
          ]
        ]
      }
    },
    {
      "id": "260",
      "type": "Feature",
      "properties": {
        "cell_id": "r8_c3",
        "row": 8,
        "col": 3,
        "dominant_nbs": null,
        "dominant_nbs_score": null,
        "uhi_built_up": false,
        "shade_deficit": false,
        "high_daytime_lst": true,
        "limited_nocturnal_cooling": false,
        "high_social_exposure": false,
        "heat_mechanism_type": "high_daytime_lst",
        "heat_mechanism_code": 3,
        "heat_score": 0.36514678597450256,
        "heat_risk_score": 0.2563980221748352,
        "hazard_valid": true,
        "is_interpolated": false
      },
      "geometry": {
        "type": "Polygon",
        "coordinates": [
          [
            [
              -93.30985288825009,
              44.8705889985627
            ],
            [
              -93.30985288825009,
              44.872834776500184
            ],
            [
              -93.31209866618757,
              44.872834776500184
            ],
            [
              -93.31209866618757,
              44.8705889985627
            ],
            [
              -93.30985288825009,
              44.8705889985627
            ]
          ]
        ]
      }
    },
    {
      "id": "261",
      "type": "Feature",
      "properties": {
        "cell_id": "r8_c4",
        "row": 8,
        "col": 4,
        "dominant_nbs": null,
        "dominant_nbs_score": null,
        "uhi_built_up": false,
        "shade_deficit": false,
        "high_daytime_lst": true,
        "limited_nocturnal_cooling": false,
        "high_social_exposure": false,
        "heat_mechanism_type": "high_daytime_lst",
        "heat_mechanism_code": 3,
        "heat_score": 0.3689206540584564,
        "heat_risk_score": 0.25727832317352295,
        "hazard_valid": true,
        "is_interpolated": false
      },
      "geometry": {
        "type": "Polygon",
        "coordinates": [
          [
            [
              -93.30760711031262,
              44.8705889985627
            ],
            [
              -93.30760711031262,
              44.872834776500184
            ],
            [
              -93.30985288825009,
              44.872834776500184
            ],
            [
              -93.30985288825009,
              44.8705889985627
            ],
            [
              -93.30760711031262,
              44.8705889985627
            ]
          ]
        ]
      }
    },
    {
      "id": "262",
      "type": "Feature",
      "properties": {
        "cell_id": "r8_c5",
        "row": 8,
        "col": 5,
        "dominant_nbs": null,
        "dominant_nbs_score": null,
        "uhi_built_up": false,
        "shade_deficit": false,
        "high_daytime_lst": true,
        "limited_nocturnal_cooling": false,
        "high_social_exposure": false,
        "heat_mechanism_type": "high_daytime_lst",
        "heat_mechanism_code": 3,
        "heat_score": 0.5906869769096375,
        "heat_risk_score": 0.25790804624557495,
        "hazard_valid": true,
        "is_interpolated": false
      },
      "geometry": {
        "type": "Polygon",
        "coordinates": [
          [
            [
              -93.30536133237514,
              44.8705889985627
            ],
            [
              -93.30536133237514,
              44.872834776500184
            ],
            [
              -93.30760711031262,
              44.872834776500184
            ],
            [
              -93.30760711031262,
              44.8705889985627
            ],
            [
              -93.30536133237514,
              44.8705889985627
            ]
          ]
        ]
      }
    },
    {
      "id": "263",
      "type": "Feature",
      "properties": {
        "cell_id": "r8_c6",
        "row": 8,
        "col": 6,
        "dominant_nbs": null,
        "dominant_nbs_score": null,
        "uhi_built_up": true,
        "shade_deficit": false,
        "high_daytime_lst": true,
        "limited_nocturnal_cooling": false,
        "high_social_exposure": false,
        "heat_mechanism_type": "uhi_built_up",
        "heat_mechanism_code": 1,
        "heat_score": 0.5902928709983826,
        "heat_risk_score": 0.25785067677497864,
        "hazard_valid": true,
        "is_interpolated": false
      },
      "geometry": {
        "type": "Polygon",
        "coordinates": [
          [
            [
              -93.30311555443767,
              44.8705889985627
            ],
            [
              -93.30311555443767,
              44.872834776500184
            ],
            [
              -93.30536133237514,
              44.872834776500184
            ],
            [
              -93.30536133237514,
              44.8705889985627
            ],
            [
              -93.30311555443767,
              44.8705889985627
            ]
          ]
        ]
      }
    },
    {
      "id": "264",
      "type": "Feature",
      "properties": {
        "cell_id": "r8_c7",
        "row": 8,
        "col": 7,
        "dominant_nbs": null,
        "dominant_nbs_score": null,
        "uhi_built_up": false,
        "shade_deficit": true,
        "high_daytime_lst": true,
        "limited_nocturnal_cooling": false,
        "high_social_exposure": false,
        "heat_mechanism_type": "mixed",
        "heat_mechanism_code": 6,
        "heat_score": 0.5918005108833313,
        "heat_risk_score": 0.2580700218677521,
        "hazard_valid": true,
        "is_interpolated": false
      },
      "geometry": {
        "type": "Polygon",
        "coordinates": [
          [
            [
              -93.30086977650018,
              44.8705889985627
            ],
            [
              -93.30086977650018,
              44.872834776500184
            ],
            [
              -93.30311555443767,
              44.872834776500184
            ],
            [
              -93.30311555443767,
              44.8705889985627
            ],
            [
              -93.30086977650018,
              44.8705889985627
            ]
          ]
        ]
      }
    },
    {
      "id": "265",
      "type": "Feature",
      "properties": {
        "cell_id": "r8_c8",
        "row": 8,
        "col": 8,
        "dominant_nbs": null,
        "dominant_nbs_score": null,
        "uhi_built_up": false,
        "shade_deficit": true,
        "high_daytime_lst": true,
        "limited_nocturnal_cooling": false,
        "high_social_exposure": false,
        "heat_mechanism_type": "high_daytime_lst",
        "heat_mechanism_code": 3,
        "heat_score": 0.5999462604522705,
        "heat_risk_score": 0.25924867391586304,
        "hazard_valid": true,
        "is_interpolated": false
      },
      "geometry": {
        "type": "Polygon",
        "coordinates": [
          [
            [
              -93.2986239985627,
              44.8705889985627
            ],
            [
              -93.2986239985627,
              44.872834776500184
            ],
            [
              -93.30086977650018,
              44.872834776500184
            ],
            [
              -93.30086977650018,
              44.8705889985627
            ],
            [
              -93.2986239985627,
              44.8705889985627
            ]
          ]
        ]
      }
    },
    {
      "id": "266",
      "type": "Feature",
      "properties": {
        "cell_id": "r8_c9",
        "row": 8,
        "col": 9,
        "dominant_nbs": null,
        "dominant_nbs_score": null,
        "uhi_built_up": false,
        "shade_deficit": true,
        "high_daytime_lst": true,
        "limited_nocturnal_cooling": false,
        "high_social_exposure": false,
        "heat_mechanism_type": "mixed",
        "heat_mechanism_code": 6,
        "heat_score": 0.5078786611557007,
        "heat_risk_score": 0.14186012744903564,
        "hazard_valid": true,
        "is_interpolated": false
      },
      "geometry": {
        "type": "Polygon",
        "coordinates": [
          [
            [
              -93.29637822062523,
              44.8705889985627
            ],
            [
              -93.29637822062523,
              44.872834776500184
            ],
            [
              -93.2986239985627,
              44.872834776500184
            ],
            [
              -93.2986239985627,
              44.8705889985627
            ],
            [
              -93.29637822062523,
              44.8705889985627
            ]
          ]
        ]
      }
    },
    {
      "id": "267",
      "type": "Feature",
      "properties": {
        "cell_id": "r8_c10",
        "row": 8,
        "col": 10,
        "dominant_nbs": null,
        "dominant_nbs_score": null,
        "uhi_built_up": true,
        "shade_deficit": false,
        "high_daytime_lst": true,
        "limited_nocturnal_cooling": false,
        "high_social_exposure": false,
        "heat_mechanism_type": "uhi_built_up",
        "heat_mechanism_code": 1,
        "heat_score": 0.47066164016723633,
        "heat_risk_score": 0.13830672204494476,
        "hazard_valid": true,
        "is_interpolated": false
      },
      "geometry": {
        "type": "Polygon",
        "coordinates": [
          [
            [
              -93.29413244268775,
              44.8705889985627
            ],
            [
              -93.29413244268775,
              44.872834776500184
            ],
            [
              -93.29637822062523,
              44.872834776500184
            ],
            [
              -93.29637822062523,
              44.8705889985627
            ],
            [
              -93.29413244268775,
              44.8705889985627
            ]
          ]
        ]
      }
    },
    {
      "id": "268",
      "type": "Feature",
      "properties": {
        "cell_id": "r8_c11",
        "row": 8,
        "col": 11,
        "dominant_nbs": null,
        "dominant_nbs_score": null,
        "uhi_built_up": false,
        "shade_deficit": false,
        "high_daytime_lst": true,
        "limited_nocturnal_cooling": false,
        "high_social_exposure": false,
        "heat_mechanism_type": "high_daytime_lst",
        "heat_mechanism_code": 3,
        "heat_score": 0.4631500542163849,
        "heat_risk_score": 0.13756699860095978,
        "hazard_valid": true,
        "is_interpolated": false
      },
      "geometry": {
        "type": "Polygon",
        "coordinates": [
          [
            [
              -93.29188666475028,
              44.8705889985627
            ],
            [
              -93.29188666475028,
              44.872834776500184
            ],
            [
              -93.29413244268775,
              44.872834776500184
            ],
            [
              -93.29413244268775,
              44.8705889985627
            ],
            [
              -93.29188666475028,
              44.8705889985627
            ]
          ]
        ]
      }
    },
    {
      "id": "269",
      "type": "Feature",
      "properties": {
        "cell_id": "r8_c12",
        "row": 8,
        "col": 12,
        "dominant_nbs": null,
        "dominant_nbs_score": null,
        "uhi_built_up": false,
        "shade_deficit": false,
        "high_daytime_lst": true,
        "limited_nocturnal_cooling": false,
        "high_social_exposure": false,
        "heat_mechanism_type": "high_daytime_lst",
        "heat_mechanism_code": 3,
        "heat_score": 0.49266231060028076,
        "heat_risk_score": 0.1494675725698471,
        "hazard_valid": true,
        "is_interpolated": false
      },
      "geometry": {
        "type": "Polygon",
        "coordinates": [
          [
            [
              -93.28964088681279,
              44.8705889985627
            ],
            [
              -93.28964088681279,
              44.872834776500184
            ],
            [
              -93.29188666475028,
              44.872834776500184
            ],
            [
              -93.29188666475028,
              44.8705889985627
            ],
            [
              -93.28964088681279,
              44.8705889985627
            ]
          ]
        ]
      }
    },
    {
      "id": "270",
      "type": "Feature",
      "properties": {
        "cell_id": "r8_c13",
        "row": 8,
        "col": 13,
        "dominant_nbs": null,
        "dominant_nbs_score": null,
        "uhi_built_up": false,
        "shade_deficit": true,
        "high_daytime_lst": true,
        "limited_nocturnal_cooling": false,
        "high_social_exposure": false,
        "heat_mechanism_type": "high_daytime_lst",
        "heat_mechanism_code": 3,
        "heat_score": 0.43184688687324524,
        "heat_risk_score": 0.1430453658103943,
        "hazard_valid": true,
        "is_interpolated": false
      },
      "geometry": {
        "type": "Polygon",
        "coordinates": [
          [
            [
              -93.28739510887532,
              44.8705889985627
            ],
            [
              -93.28739510887532,
              44.872834776500184
            ],
            [
              -93.28964088681279,
              44.872834776500184
            ],
            [
              -93.28964088681279,
              44.8705889985627
            ],
            [
              -93.28739510887532,
              44.8705889985627
            ]
          ]
        ]
      }
    },
    {
      "id": "271",
      "type": "Feature",
      "properties": {
        "cell_id": "r8_c14",
        "row": 8,
        "col": 14,
        "dominant_nbs": null,
        "dominant_nbs_score": null,
        "uhi_built_up": false,
        "shade_deficit": true,
        "high_daytime_lst": true,
        "limited_nocturnal_cooling": false,
        "high_social_exposure": false,
        "heat_mechanism_type": "mixed",
        "heat_mechanism_code": 6,
        "heat_score": 0.47201570868492126,
        "heat_risk_score": 0.14734973013401031,
        "hazard_valid": true,
        "is_interpolated": false
      },
      "geometry": {
        "type": "Polygon",
        "coordinates": [
          [
            [
              -93.28514933093784,
              44.8705889985627
            ],
            [
              -93.28514933093784,
              44.872834776500184
            ],
            [
              -93.28739510887532,
              44.872834776500184
            ],
            [
              -93.28739510887532,
              44.8705889985627
            ],
            [
              -93.28514933093784,
              44.8705889985627
            ]
          ]
        ]
      }
    },
    {
      "id": "272",
      "type": "Feature",
      "properties": {
        "cell_id": "r8_c15",
        "row": 8,
        "col": 15,
        "dominant_nbs": null,
        "dominant_nbs_score": null,
        "uhi_built_up": true,
        "shade_deficit": true,
        "high_daytime_lst": true,
        "limited_nocturnal_cooling": false,
        "high_social_exposure": false,
        "heat_mechanism_type": "mixed",
        "heat_mechanism_code": 6,
        "heat_score": 0.47069334983825684,
        "heat_risk_score": 0.14721199870109558,
        "hazard_valid": true,
        "is_interpolated": false
      },
      "geometry": {
        "type": "Polygon",
        "coordinates": [
          [
            [
              -93.28290355300037,
              44.8705889985627
            ],
            [
              -93.28290355300037,
              44.872834776500184
            ],
            [
              -93.28514933093784,
              44.872834776500184
            ],
            [
              -93.28514933093784,
              44.8705889985627
            ],
            [
              -93.28290355300037,
              44.8705889985627
            ]
          ]
        ]
      }
    },
    {
      "id": "273",
      "type": "Feature",
      "properties": {
        "cell_id": "r8_c16",
        "row": 8,
        "col": 16,
        "dominant_nbs": null,
        "dominant_nbs_score": null,
        "uhi_built_up": false,
        "shade_deficit": true,
        "high_daytime_lst": true,
        "limited_nocturnal_cooling": false,
        "high_social_exposure": false,
        "heat_mechanism_type": "high_daytime_lst",
        "heat_mechanism_code": 3,
        "heat_score": 0.4422183930873871,
        "heat_risk_score": 0.14418147504329681,
        "hazard_valid": true,
        "is_interpolated": false
      },
      "geometry": {
        "type": "Polygon",
        "coordinates": [
          [
            [
              -93.28065777506289,
              44.8705889985627
            ],
            [
              -93.28065777506289,
              44.872834776500184
            ],
            [
              -93.28290355300037,
              44.872834776500184
            ],
            [
              -93.28290355300037,
              44.8705889985627
            ],
            [
              -93.28065777506289,
              44.8705889985627
            ]
          ]
        ]
      }
    },
    {
      "id": "274",
      "type": "Feature",
      "properties": {
        "cell_id": "r8_c17",
        "row": 8,
        "col": 17,
        "dominant_nbs": null,
        "dominant_nbs_score": null,
        "uhi_built_up": false,
        "shade_deficit": false,
        "high_daytime_lst": true,
        "limited_nocturnal_cooling": false,
        "high_social_exposure": false,
        "heat_mechanism_type": "high_daytime_lst",
        "heat_mechanism_code": 3,
        "heat_score": 0.4560909569263458,
        "heat_risk_score": 0.14567366242408752,
        "hazard_valid": true,
        "is_interpolated": false
      },
      "geometry": {
        "type": "Polygon",
        "coordinates": [
          [
            [
              -93.2784119971254,
              44.8705889985627
            ],
            [
              -93.2784119971254,
              44.872834776500184
            ],
            [
              -93.28065777506289,
              44.872834776500184
            ],
            [
              -93.28065777506289,
              44.8705889985627
            ],
            [
              -93.2784119971254,
              44.8705889985627
            ]
          ]
        ]
      }
    },
    {
      "id": "275",
      "type": "Feature",
      "properties": {
        "cell_id": "r8_c18",
        "row": 8,
        "col": 18,
        "dominant_nbs": null,
        "dominant_nbs_score": null,
        "uhi_built_up": true,
        "shade_deficit": true,
        "high_daytime_lst": true,
        "limited_nocturnal_cooling": false,
        "high_social_exposure": false,
        "heat_mechanism_type": "mixed",
        "heat_mechanism_code": 6,
        "heat_score": 0.46651434898376465,
        "heat_risk_score": 0.25778013467788696,
        "hazard_valid": true,
        "is_interpolated": false
      },
      "geometry": {
        "type": "Polygon",
        "coordinates": [
          [
            [
              -93.27616621918793,
              44.8705889985627
            ],
            [
              -93.27616621918793,
              44.872834776500184
            ],
            [
              -93.2784119971254,
              44.872834776500184
            ],
            [
              -93.2784119971254,
              44.8705889985627
            ],
            [
              -93.27616621918793,
              44.8705889985627
            ]
          ]
        ]
      }
    },
    {
      "id": "276",
      "type": "Feature",
      "properties": {
        "cell_id": "r8_c19",
        "row": 8,
        "col": 19,
        "dominant_nbs": null,
        "dominant_nbs_score": null,
        "uhi_built_up": false,
        "shade_deficit": false,
        "high_daytime_lst": true,
        "limited_nocturnal_cooling": false,
        "high_social_exposure": false,
        "heat_mechanism_type": "high_daytime_lst",
        "heat_mechanism_code": 3,
        "heat_score": 0.452174574136734,
        "heat_risk_score": 0.25511136651039124,
        "hazard_valid": true,
        "is_interpolated": false
      },
      "geometry": {
        "type": "Polygon",
        "coordinates": [
          [
            [
              -93.27392044125045,
              44.8705889985627
            ],
            [
              -93.27392044125045,
              44.872834776500184
            ],
            [
              -93.27616621918793,
              44.872834776500184
            ],
            [
              -93.27616621918793,
              44.8705889985627
            ],
            [
              -93.27392044125045,
              44.8705889985627
            ]
          ]
        ]
      }
    },
    {
      "id": "277",
      "type": "Feature",
      "properties": {
        "cell_id": "r8_c20",
        "row": 8,
        "col": 20,
        "dominant_nbs": null,
        "dominant_nbs_score": null,
        "uhi_built_up": true,
        "shade_deficit": false,
        "high_daytime_lst": true,
        "limited_nocturnal_cooling": false,
        "high_social_exposure": true,
        "heat_mechanism_type": "mixed",
        "heat_mechanism_code": 6,
        "heat_score": 0.45428165793418884,
        "heat_risk_score": 0.3892183303833008,
        "hazard_valid": true,
        "is_interpolated": false
      },
      "geometry": {
        "type": "Polygon",
        "coordinates": [
          [
            [
              -93.27167466331298,
              44.8705889985627
            ],
            [
              -93.27167466331298,
              44.872834776500184
            ],
            [
              -93.27392044125045,
              44.872834776500184
            ],
            [
              -93.27392044125045,
              44.8705889985627
            ],
            [
              -93.27167466331298,
              44.8705889985627
            ]
          ]
        ]
      }
    },
    {
      "id": "278",
      "type": "Feature",
      "properties": {
        "cell_id": "r8_c21",
        "row": 8,
        "col": 21,
        "dominant_nbs": null,
        "dominant_nbs_score": null,
        "uhi_built_up": false,
        "shade_deficit": true,
        "high_daytime_lst": true,
        "limited_nocturnal_cooling": false,
        "high_social_exposure": true,
        "heat_mechanism_type": "mixed",
        "heat_mechanism_code": 6,
        "heat_score": 0.4804098904132843,
        "heat_risk_score": 0.39654168486595154,
        "hazard_valid": true,
        "is_interpolated": false
      },
      "geometry": {
        "type": "Polygon",
        "coordinates": [
          [
            [
              -93.2694288853755,
              44.8705889985627
            ],
            [
              -93.2694288853755,
              44.872834776500184
            ],
            [
              -93.27167466331298,
              44.872834776500184
            ],
            [
              -93.27167466331298,
              44.8705889985627
            ],
            [
              -93.2694288853755,
              44.8705889985627
            ]
          ]
        ]
      }
    },
    {
      "id": "279",
      "type": "Feature",
      "properties": {
        "cell_id": "r8_c22",
        "row": 8,
        "col": 22,
        "dominant_nbs": null,
        "dominant_nbs_score": null,
        "uhi_built_up": false,
        "shade_deficit": true,
        "high_daytime_lst": true,
        "limited_nocturnal_cooling": false,
        "high_social_exposure": true,
        "heat_mechanism_type": "high_daytime_lst",
        "heat_mechanism_code": 3,
        "heat_score": 0.49368810653686523,
        "heat_risk_score": 0.4001619219779968,
        "hazard_valid": true,
        "is_interpolated": false
      },
      "geometry": {
        "type": "Polygon",
        "coordinates": [
          [
            [
              -93.26718310743802,
              44.8705889985627
            ],
            [
              -93.26718310743802,
              44.872834776500184
            ],
            [
              -93.2694288853755,
              44.872834776500184
            ],
            [
              -93.2694288853755,
              44.8705889985627
            ],
            [
              -93.26718310743802,
              44.8705889985627
            ]
          ]
        ]
      }
    },
    {
      "id": "280",
      "type": "Feature",
      "properties": {
        "cell_id": "r8_c23",
        "row": 8,
        "col": 23,
        "dominant_nbs": null,
        "dominant_nbs_score": null,
        "uhi_built_up": false,
        "shade_deficit": true,
        "high_daytime_lst": true,
        "limited_nocturnal_cooling": false,
        "high_social_exposure": false,
        "heat_mechanism_type": "high_daytime_lst",
        "heat_mechanism_code": 3,
        "heat_score": 0.4679506719112396,
        "heat_risk_score": 0.3127009868621826,
        "hazard_valid": true,
        "is_interpolated": false
      },
      "geometry": {
        "type": "Polygon",
        "coordinates": [
          [
            [
              -93.26493732950054,
              44.8705889985627
            ],
            [
              -93.26493732950054,
              44.872834776500184
            ],
            [
              -93.26718310743802,
              44.872834776500184
            ],
            [
              -93.26718310743802,
              44.8705889985627
            ],
            [
              -93.26493732950054,
              44.8705889985627
            ]
          ]
        ]
      }
    },
    {
      "id": "281",
      "type": "Feature",
      "properties": {
        "cell_id": "r8_c24",
        "row": 8,
        "col": 24,
        "dominant_nbs": null,
        "dominant_nbs_score": null,
        "uhi_built_up": false,
        "shade_deficit": true,
        "high_daytime_lst": true,
        "limited_nocturnal_cooling": false,
        "high_social_exposure": false,
        "heat_mechanism_type": "high_daytime_lst",
        "heat_mechanism_code": 3,
        "heat_score": 0.47521281242370605,
        "heat_risk_score": 0.3143102824687958,
        "hazard_valid": true,
        "is_interpolated": false
      },
      "geometry": {
        "type": "Polygon",
        "coordinates": [
          [
            [
              -93.26269155156307,
              44.8705889985627
            ],
            [
              -93.26269155156307,
              44.872834776500184
            ],
            [
              -93.26493732950054,
              44.872834776500184
            ],
            [
              -93.26493732950054,
              44.8705889985627
            ],
            [
              -93.26269155156307,
              44.8705889985627
            ]
          ]
        ]
      }
    },
    {
      "id": "282",
      "type": "Feature",
      "properties": {
        "cell_id": "r8_c25",
        "row": 8,
        "col": 25,
        "dominant_nbs": null,
        "dominant_nbs_score": null,
        "uhi_built_up": true,
        "shade_deficit": true,
        "high_daytime_lst": true,
        "limited_nocturnal_cooling": false,
        "high_social_exposure": false,
        "heat_mechanism_type": "mixed",
        "heat_mechanism_code": 6,
        "heat_score": 0.5634095072746277,
        "heat_risk_score": 0.33266258239746094,
        "hazard_valid": true,
        "is_interpolated": false
      },
      "geometry": {
        "type": "Polygon",
        "coordinates": [
          [
            [
              -93.26044577362559,
              44.8705889985627
            ],
            [
              -93.26044577362559,
              44.872834776500184
            ],
            [
              -93.26269155156307,
              44.872834776500184
            ],
            [
              -93.26269155156307,
              44.8705889985627
            ],
            [
              -93.26044577362559,
              44.8705889985627
            ]
          ]
        ]
      }
    },
    {
      "id": "283",
      "type": "Feature",
      "properties": {
        "cell_id": "r8_c26",
        "row": 8,
        "col": 26,
        "dominant_nbs": null,
        "dominant_nbs_score": null,
        "uhi_built_up": true,
        "shade_deficit": false,
        "high_daytime_lst": true,
        "limited_nocturnal_cooling": false,
        "high_social_exposure": false,
        "heat_mechanism_type": "mixed",
        "heat_mechanism_code": 6,
        "heat_score": 0.5540433526039124,
        "heat_risk_score": 0.3308088779449463,
        "hazard_valid": true,
        "is_interpolated": false
      },
      "geometry": {
        "type": "Polygon",
        "coordinates": [
          [
            [
              -93.25819999568812,
              44.8705889985627
            ],
            [
              -93.25819999568812,
              44.872834776500184
            ],
            [
              -93.26044577362559,
              44.872834776500184
            ],
            [
              -93.26044577362559,
              44.8705889985627
            ],
            [
              -93.25819999568812,
              44.8705889985627
            ]
          ]
        ]
      }
    },
    {
      "id": "284",
      "type": "Feature",
      "properties": {
        "cell_id": "r8_c27",
        "row": 8,
        "col": 27,
        "dominant_nbs": null,
        "dominant_nbs_score": null,
        "uhi_built_up": true,
        "shade_deficit": true,
        "high_daytime_lst": true,
        "limited_nocturnal_cooling": false,
        "high_social_exposure": true,
        "heat_mechanism_type": "mixed",
        "heat_mechanism_code": 6,
        "heat_score": 0.5613171458244324,
        "heat_risk_score": 0.36628836393356323,
        "hazard_valid": true,
        "is_interpolated": false
      },
      "geometry": {
        "type": "Polygon",
        "coordinates": [
          [
            [
              -93.25595421775063,
              44.8705889985627
            ],
            [
              -93.25595421775063,
              44.872834776500184
            ],
            [
              -93.25819999568812,
              44.872834776500184
            ],
            [
              -93.25819999568812,
              44.8705889985627
            ],
            [
              -93.25595421775063,
              44.8705889985627
            ]
          ]
        ]
      }
    },
    {
      "id": "285",
      "type": "Feature",
      "properties": {
        "cell_id": "r8_c28",
        "row": 8,
        "col": 28,
        "dominant_nbs": null,
        "dominant_nbs_score": null,
        "uhi_built_up": true,
        "shade_deficit": true,
        "high_daytime_lst": true,
        "limited_nocturnal_cooling": false,
        "high_social_exposure": true,
        "heat_mechanism_type": "mixed",
        "heat_mechanism_code": 6,
        "heat_score": 0.5806727409362793,
        "heat_risk_score": 0.3301286995410919,
        "hazard_valid": true,
        "is_interpolated": false
      },
      "geometry": {
        "type": "Polygon",
        "coordinates": [
          [
            [
              -93.25370843981315,
              44.8705889985627
            ],
            [
              -93.25370843981315,
              44.872834776500184
            ],
            [
              -93.25595421775063,
              44.872834776500184
            ],
            [
              -93.25595421775063,
              44.8705889985627
            ],
            [
              -93.25370843981315,
              44.8705889985627
            ]
          ]
        ]
      }
    },
    {
      "id": "286",
      "type": "Feature",
      "properties": {
        "cell_id": "r8_c29",
        "row": 8,
        "col": 29,
        "dominant_nbs": null,
        "dominant_nbs_score": null,
        "uhi_built_up": true,
        "shade_deficit": false,
        "high_daytime_lst": true,
        "limited_nocturnal_cooling": false,
        "high_social_exposure": true,
        "heat_mechanism_type": "mixed",
        "heat_mechanism_code": 6,
        "heat_score": 0.665899932384491,
        "heat_risk_score": 0.3839195966720581,
        "hazard_valid": true,
        "is_interpolated": false
      },
      "geometry": {
        "type": "Polygon",
        "coordinates": [
          [
            [
              -93.25146266187568,
              44.8705889985627
            ],
            [
              -93.25146266187568,
              44.872834776500184
            ],
            [
              -93.25370843981315,
              44.872834776500184
            ],
            [
              -93.25370843981315,
              44.8705889985627
            ],
            [
              -93.25146266187568,
              44.8705889985627
            ]
          ]
        ]
      }
    },
    {
      "id": "287",
      "type": "Feature",
      "properties": {
        "cell_id": "r8_c30",
        "row": 8,
        "col": 30,
        "dominant_nbs": null,
        "dominant_nbs_score": null,
        "uhi_built_up": false,
        "shade_deficit": true,
        "high_daytime_lst": true,
        "limited_nocturnal_cooling": false,
        "high_social_exposure": true,
        "heat_mechanism_type": "high_daytime_lst",
        "heat_mechanism_code": 3,
        "heat_score": 0.6541900634765625,
        "heat_risk_score": 0.38165587186813354,
        "hazard_valid": true,
        "is_interpolated": false
      },
      "geometry": {
        "type": "Polygon",
        "coordinates": [
          [
            [
              -93.2492168839382,
              44.8705889985627
            ],
            [
              -93.2492168839382,
              44.872834776500184
            ],
            [
              -93.25146266187568,
              44.872834776500184
            ],
            [
              -93.25146266187568,
              44.8705889985627
            ],
            [
              -93.2492168839382,
              44.8705889985627
            ]
          ]
        ]
      }
    },
    {
      "id": "288",
      "type": "Feature",
      "properties": {
        "cell_id": "r8_c31",
        "row": 8,
        "col": 31,
        "dominant_nbs": null,
        "dominant_nbs_score": null,
        "uhi_built_up": false,
        "shade_deficit": false,
        "high_daytime_lst": true,
        "limited_nocturnal_cooling": false,
        "high_social_exposure": true,
        "heat_mechanism_type": "high_daytime_lst",
        "heat_mechanism_code": 3,
        "heat_score": 0.6556063294410706,
        "heat_risk_score": 0.3819310963153839,
        "hazard_valid": true,
        "is_interpolated": false
      },
      "geometry": {
        "type": "Polygon",
        "coordinates": [
          [
            [
              -93.24697110600073,
              44.8705889985627
            ],
            [
              -93.24697110600073,
              44.872834776500184
            ],
            [
              -93.2492168839382,
              44.872834776500184
            ],
            [
              -93.2492168839382,
              44.8705889985627
            ],
            [
              -93.24697110600073,
              44.8705889985627
            ]
          ]
        ]
      }
    },
    {
      "id": "289",
      "type": "Feature",
      "properties": {
        "cell_id": "r9_c0",
        "row": 9,
        "col": 0,
        "dominant_nbs": null,
        "dominant_nbs_score": null,
        "uhi_built_up": false,
        "shade_deficit": true,
        "high_daytime_lst": true,
        "limited_nocturnal_cooling": false,
        "high_social_exposure": false,
        "heat_mechanism_type": "high_daytime_lst",
        "heat_mechanism_code": 3,
        "heat_score": 0.6084150671958923,
        "heat_risk_score": 0.30396634340286255,
        "hazard_valid": true,
        "is_interpolated": false
      },
      "geometry": {
        "type": "Polygon",
        "coordinates": [
          [
            [
              -93.31659022206253,
              44.86834322062523
            ],
            [
              -93.31659022206253,
              44.8705889985627
            ],
            [
              -93.318836,
              44.8705889985627
            ],
            [
              -93.318836,
              44.86834322062523
            ],
            [
              -93.31659022206253,
              44.86834322062523
            ]
          ]
        ]
      }
    },
    {
      "id": "290",
      "type": "Feature",
      "properties": {
        "cell_id": "r9_c1",
        "row": 9,
        "col": 1,
        "dominant_nbs": null,
        "dominant_nbs_score": null,
        "uhi_built_up": false,
        "shade_deficit": false,
        "high_daytime_lst": true,
        "limited_nocturnal_cooling": false,
        "high_social_exposure": false,
        "heat_mechanism_type": "high_daytime_lst",
        "heat_mechanism_code": 3,
        "heat_score": 0.7602992653846741,
        "heat_risk_score": 0.3274063169956207,
        "hazard_valid": true,
        "is_interpolated": false
      },
      "geometry": {
        "type": "Polygon",
        "coordinates": [
          [
            [
              -93.31434444412506,
              44.86834322062523
            ],
            [
              -93.31434444412506,
              44.8705889985627
            ],
            [
              -93.31659022206253,
              44.8705889985627
            ],
            [
              -93.31659022206253,
              44.86834322062523
            ],
            [
              -93.31434444412506,
              44.86834322062523
            ]
          ]
        ]
      }
    },
    {
      "id": "291",
      "type": "Feature",
      "properties": {
        "cell_id": "r9_c2",
        "row": 9,
        "col": 2,
        "dominant_nbs": null,
        "dominant_nbs_score": null,
        "uhi_built_up": false,
        "shade_deficit": false,
        "high_daytime_lst": true,
        "limited_nocturnal_cooling": false,
        "high_social_exposure": false,
        "heat_mechanism_type": "high_daytime_lst",
        "heat_mechanism_code": 3,
        "heat_score": 0.789107084274292,
        "heat_risk_score": 0.33149030804634094,
        "hazard_valid": true,
        "is_interpolated": false
      },
      "geometry": {
        "type": "Polygon",
        "coordinates": [
          [
            [
              -93.31209866618757,
              44.86834322062523
            ],
            [
              -93.31209866618757,
              44.8705889985627
            ],
            [
              -93.31434444412506,
              44.8705889985627
            ],
            [
              -93.31434444412506,
              44.86834322062523
            ],
            [
              -93.31209866618757,
              44.86834322062523
            ]
          ]
        ]
      }
    },
    {
      "id": "292",
      "type": "Feature",
      "properties": {
        "cell_id": "r9_c3",
        "row": 9,
        "col": 3,
        "dominant_nbs": null,
        "dominant_nbs_score": null,
        "uhi_built_up": false,
        "shade_deficit": false,
        "high_daytime_lst": true,
        "limited_nocturnal_cooling": false,
        "high_social_exposure": false,
        "heat_mechanism_type": "high_daytime_lst",
        "heat_mechanism_code": 3,
        "heat_score": 0.7993423938751221,
        "heat_risk_score": 0.33291739225387573,
        "hazard_valid": true,
        "is_interpolated": false
      },
      "geometry": {
        "type": "Polygon",
        "coordinates": [
          [
            [
              -93.30985288825009,
              44.86834322062523
            ],
            [
              -93.30985288825009,
              44.8705889985627
            ],
            [
              -93.31209866618757,
              44.8705889985627
            ],
            [
              -93.31209866618757,
              44.86834322062523
            ],
            [
              -93.30985288825009,
              44.86834322062523
            ]
          ]
        ]
      }
    },
    {
      "id": "293",
      "type": "Feature",
      "properties": {
        "cell_id": "r9_c4",
        "row": 9,
        "col": 4,
        "dominant_nbs": null,
        "dominant_nbs_score": null,
        "uhi_built_up": false,
        "shade_deficit": true,
        "high_daytime_lst": true,
        "limited_nocturnal_cooling": false,
        "high_social_exposure": false,
        "heat_mechanism_type": "mixed",
        "heat_mechanism_code": 6,
        "heat_score": 0.805786669254303,
        "heat_risk_score": 0.33380964398384094,
        "hazard_valid": true,
        "is_interpolated": false
      },
      "geometry": {
        "type": "Polygon",
        "coordinates": [
          [
            [
              -93.30760711031262,
              44.86834322062523
            ],
            [
              -93.30760711031262,
              44.8705889985627
            ],
            [
              -93.30985288825009,
              44.8705889985627
            ],
            [
              -93.30985288825009,
              44.86834322062523
            ],
            [
              -93.30760711031262,
              44.86834322062523
            ]
          ]
        ]
      }
    },
    {
      "id": "294",
      "type": "Feature",
      "properties": {
        "cell_id": "r9_c5",
        "row": 9,
        "col": 5,
        "dominant_nbs": null,
        "dominant_nbs_score": null,
        "uhi_built_up": false,
        "shade_deficit": false,
        "high_daytime_lst": true,
        "limited_nocturnal_cooling": false,
        "high_social_exposure": false,
        "heat_mechanism_type": "high_daytime_lst",
        "heat_mechanism_code": 3,
        "heat_score": 0.8126630783081055,
        "heat_risk_score": 0.2868463099002838,
        "hazard_valid": true,
        "is_interpolated": false
      },
      "geometry": {
        "type": "Polygon",
        "coordinates": [
          [
            [
              -93.30536133237514,
              44.86834322062523
            ],
            [
              -93.30536133237514,
              44.8705889985627
            ],
            [
              -93.30760711031262,
              44.8705889985627
            ],
            [
              -93.30760711031262,
              44.86834322062523
            ],
            [
              -93.30536133237514,
              44.86834322062523
            ]
          ]
        ]
      }
    },
    {
      "id": "295",
      "type": "Feature",
      "properties": {
        "cell_id": "r9_c6",
        "row": 9,
        "col": 6,
        "dominant_nbs": null,
        "dominant_nbs_score": null,
        "uhi_built_up": false,
        "shade_deficit": false,
        "high_daytime_lst": true,
        "limited_nocturnal_cooling": false,
        "high_social_exposure": false,
        "heat_mechanism_type": "high_daytime_lst",
        "heat_mechanism_code": 3,
        "heat_score": 0.7908317446708679,
        "heat_risk_score": 0.2842543423175812,
        "hazard_valid": true,
        "is_interpolated": false
      },
      "geometry": {
        "type": "Polygon",
        "coordinates": [
          [
            [
              -93.30311555443767,
              44.86834322062523
            ],
            [
              -93.30311555443767,
              44.8705889985627
            ],
            [
              -93.30536133237514,
              44.8705889985627
            ],
            [
              -93.30536133237514,
              44.86834322062523
            ],
            [
              -93.30311555443767,
              44.86834322062523
            ]
          ]
        ]
      }
    },
    {
      "id": "296",
      "type": "Feature",
      "properties": {
        "cell_id": "r9_c7",
        "row": 9,
        "col": 7,
        "dominant_nbs": null,
        "dominant_nbs_score": null,
        "uhi_built_up": false,
        "shade_deficit": false,
        "high_daytime_lst": true,
        "limited_nocturnal_cooling": false,
        "high_social_exposure": false,
        "heat_mechanism_type": "high_daytime_lst",
        "heat_mechanism_code": 3,
        "heat_score": 0.7927851676940918,
        "heat_risk_score": 0.2844882011413574,
        "hazard_valid": true,
        "is_interpolated": false
      },
      "geometry": {
        "type": "Polygon",
        "coordinates": [
          [
            [
              -93.30086977650018,
              44.86834322062523
            ],
            [
              -93.30086977650018,
              44.8705889985627
            ],
            [
              -93.30311555443767,
              44.8705889985627
            ],
            [
              -93.30311555443767,
              44.86834322062523
            ],
            [
              -93.30086977650018,
              44.86834322062523
            ]
          ]
        ]
      }
    },
    {
      "id": "297",
      "type": "Feature",
      "properties": {
        "cell_id": "r9_c8",
        "row": 9,
        "col": 8,
        "dominant_nbs": null,
        "dominant_nbs_score": null,
        "uhi_built_up": false,
        "shade_deficit": false,
        "high_daytime_lst": true,
        "limited_nocturnal_cooling": false,
        "high_social_exposure": false,
        "heat_mechanism_type": "high_daytime_lst",
        "heat_mechanism_code": 3,
        "heat_score": 0.7988236546516418,
        "heat_risk_score": 0.28520867228507996,
        "hazard_valid": true,
        "is_interpolated": false
      },
      "geometry": {
        "type": "Polygon",
        "coordinates": [
          [
            [
              -93.2986239985627,
              44.86834322062523
            ],
            [
              -93.2986239985627,
              44.8705889985627
            ],
            [
              -93.30086977650018,
              44.8705889985627
            ],
            [
              -93.30086977650018,
              44.86834322062523
            ],
            [
              -93.2986239985627,
              44.86834322062523
            ]
          ]
        ]
      }
    },
    {
      "id": "298",
      "type": "Feature",
      "properties": {
        "cell_id": "r9_c9",
        "row": 9,
        "col": 9,
        "dominant_nbs": null,
        "dominant_nbs_score": null,
        "uhi_built_up": false,
        "shade_deficit": false,
        "high_daytime_lst": true,
        "limited_nocturnal_cooling": false,
        "high_social_exposure": false,
        "heat_mechanism_type": "high_daytime_lst",
        "heat_mechanism_code": 3,
        "heat_score": 0.7938287258148193,
        "heat_risk_score": 0.33781346678733826,
        "hazard_valid": true,
        "is_interpolated": false
      },
      "geometry": {
        "type": "Polygon",
        "coordinates": [
          [
            [
              -93.29637822062523,
              44.86834322062523
            ],
            [
              -93.29637822062523,
              44.8705889985627
            ],
            [
              -93.2986239985627,
              44.8705889985627
            ],
            [
              -93.2986239985627,
              44.86834322062523
            ],
            [
              -93.29637822062523,
              44.86834322062523
            ]
          ]
        ]
      }
    },
    {
      "id": "299",
      "type": "Feature",
      "properties": {
        "cell_id": "r9_c10",
        "row": 9,
        "col": 10,
        "dominant_nbs": null,
        "dominant_nbs_score": null,
        "uhi_built_up": true,
        "shade_deficit": true,
        "high_daytime_lst": true,
        "limited_nocturnal_cooling": false,
        "high_social_exposure": false,
        "heat_mechanism_type": "mixed",
        "heat_mechanism_code": 6,
        "heat_score": 0.7956030964851379,
        "heat_risk_score": 0.338064968585968,
        "hazard_valid": true,
        "is_interpolated": false
      },
      "geometry": {
        "type": "Polygon",
        "coordinates": [
          [
            [
              -93.29413244268775,
              44.86834322062523
            ],
            [
              -93.29413244268775,
              44.8705889985627
            ],
            [
              -93.29637822062523,
              44.8705889985627
            ],
            [
              -93.29637822062523,
              44.86834322062523
            ],
            [
              -93.29413244268775,
              44.86834322062523
            ]
          ]
        ]
      }
    },
    {
      "id": "300",
      "type": "Feature",
      "properties": {
        "cell_id": "r9_c11",
        "row": 9,
        "col": 11,
        "dominant_nbs": null,
        "dominant_nbs_score": null,
        "uhi_built_up": false,
        "shade_deficit": true,
        "high_daytime_lst": true,
        "limited_nocturnal_cooling": false,
        "high_social_exposure": false,
        "heat_mechanism_type": "high_daytime_lst",
        "heat_mechanism_code": 3,
        "heat_score": 0.8085932731628418,
        "heat_risk_score": 0.33989495038986206,
        "hazard_valid": true,
        "is_interpolated": false
      },
      "geometry": {
        "type": "Polygon",
        "coordinates": [
          [
            [
              -93.29188666475028,
              44.86834322062523
            ],
            [
              -93.29188666475028,
              44.8705889985627
            ],
            [
              -93.29413244268775,
              44.8705889985627
            ],
            [
              -93.29413244268775,
              44.86834322062523
            ],
            [
              -93.29188666475028,
              44.86834322062523
            ]
          ]
        ]
      }
    },
    {
      "id": "301",
      "type": "Feature",
      "properties": {
        "cell_id": "r9_c12",
        "row": 9,
        "col": 12,
        "dominant_nbs": null,
        "dominant_nbs_score": null,
        "uhi_built_up": false,
        "shade_deficit": false,
        "high_daytime_lst": true,
        "limited_nocturnal_cooling": false,
        "high_social_exposure": false,
        "heat_mechanism_type": "high_daytime_lst",
        "heat_mechanism_code": 3,
        "heat_score": 0.8332524299621582,
        "heat_risk_score": 0.34331560134887695,
        "hazard_valid": true,
        "is_interpolated": false
      },
      "geometry": {
        "type": "Polygon",
        "coordinates": [
          [
            [
              -93.28964088681279,
              44.86834322062523
            ],
            [
              -93.28964088681279,
              44.8705889985627
            ],
            [
              -93.29188666475028,
              44.8705889985627
            ],
            [
              -93.29188666475028,
              44.86834322062523
            ],
            [
              -93.28964088681279,
              44.86834322062523
            ]
          ]
        ]
      }
    },
    {
      "id": "302",
      "type": "Feature",
      "properties": {
        "cell_id": "r9_c13",
        "row": 9,
        "col": 13,
        "dominant_nbs": null,
        "dominant_nbs_score": null,
        "uhi_built_up": false,
        "shade_deficit": true,
        "high_daytime_lst": true,
        "limited_nocturnal_cooling": false,
        "high_social_exposure": false,
        "heat_mechanism_type": "high_daytime_lst",
        "heat_mechanism_code": 3,
        "heat_score": 0.843669593334198,
        "heat_risk_score": 0.3447403609752655,
        "hazard_valid": true,
        "is_interpolated": false
      },
      "geometry": {
        "type": "Polygon",
        "coordinates": [
          [
            [
              -93.28739510887532,
              44.86834322062523
            ],
            [
              -93.28739510887532,
              44.8705889985627
            ],
            [
              -93.28964088681279,
              44.8705889985627
            ],
            [
              -93.28964088681279,
              44.86834322062523
            ],
            [
              -93.28739510887532,
              44.86834322062523
            ]
          ]
        ]
      }
    },
    {
      "id": "303",
      "type": "Feature",
      "properties": {
        "cell_id": "r9_c14",
        "row": 9,
        "col": 14,
        "dominant_nbs": null,
        "dominant_nbs_score": null,
        "uhi_built_up": false,
        "shade_deficit": true,
        "high_daytime_lst": true,
        "limited_nocturnal_cooling": false,
        "high_social_exposure": true,
        "heat_mechanism_type": "high_daytime_lst",
        "heat_mechanism_code": 3,
        "heat_score": 0.8339333534240723,
        "heat_risk_score": 0.418161541223526,
        "hazard_valid": true,
        "is_interpolated": false
      },
      "geometry": {
        "type": "Polygon",
        "coordinates": [
          [
            [
              -93.28514933093784,
              44.86834322062523
            ],
            [
              -93.28514933093784,
              44.8705889985627
            ],
            [
              -93.28739510887532,
              44.8705889985627
            ],
            [
              -93.28739510887532,
              44.86834322062523
            ],
            [
              -93.28514933093784,
              44.86834322062523
            ]
          ]
        ]
      }
    },
    {
      "id": "304",
      "type": "Feature",
      "properties": {
        "cell_id": "r9_c15",
        "row": 9,
        "col": 15,
        "dominant_nbs": null,
        "dominant_nbs_score": null,
        "uhi_built_up": false,
        "shade_deficit": false,
        "high_daytime_lst": true,
        "limited_nocturnal_cooling": false,
        "high_social_exposure": true,
        "heat_mechanism_type": "high_daytime_lst",
        "heat_mechanism_code": 3,
        "heat_score": 0.813988208770752,
        "heat_risk_score": 0.41480088233947754,
        "hazard_valid": true,
        "is_interpolated": false
      },
      "geometry": {
        "type": "Polygon",
        "coordinates": [
          [
            [
              -93.28290355300037,
              44.86834322062523
            ],
            [
              -93.28290355300037,
              44.8705889985627
            ],
            [
              -93.28514933093784,
              44.8705889985627
            ],
            [
              -93.28514933093784,
              44.86834322062523
            ],
            [
              -93.28290355300037,
              44.86834322062523
            ]
          ]
        ]
      }
    },
    {
      "id": "305",
      "type": "Feature",
      "properties": {
        "cell_id": "r9_c16",
        "row": 9,
        "col": 16,
        "dominant_nbs": null,
        "dominant_nbs_score": null,
        "uhi_built_up": true,
        "shade_deficit": true,
        "high_daytime_lst": true,
        "limited_nocturnal_cooling": false,
        "high_social_exposure": true,
        "heat_mechanism_type": "mixed",
        "heat_mechanism_code": 6,
        "heat_score": 0.8007071614265442,
        "heat_risk_score": 0.4125325381755829,
        "hazard_valid": true,
        "is_interpolated": false
      },
      "geometry": {
        "type": "Polygon",
        "coordinates": [
          [
            [
              -93.28065777506289,
              44.86834322062523
            ],
            [
              -93.28065777506289,
              44.8705889985627
            ],
            [
              -93.28290355300037,
              44.8705889985627
            ],
            [
              -93.28290355300037,
              44.86834322062523
            ],
            [
              -93.28065777506289,
              44.86834322062523
            ]
          ]
        ]
      }
    },
    {
      "id": "306",
      "type": "Feature",
      "properties": {
        "cell_id": "r9_c17",
        "row": 9,
        "col": 17,
        "dominant_nbs": null,
        "dominant_nbs_score": null,
        "uhi_built_up": false,
        "shade_deficit": false,
        "high_daytime_lst": true,
        "limited_nocturnal_cooling": false,
        "high_social_exposure": true,
        "heat_mechanism_type": "high_daytime_lst",
        "heat_mechanism_code": 3,
        "heat_score": 0.7989147305488586,
        "heat_risk_score": 0.4122244715690613,
        "hazard_valid": true,
        "is_interpolated": false
      },
      "geometry": {
        "type": "Polygon",
        "coordinates": [
          [
            [
              -93.2784119971254,
              44.86834322062523
            ],
            [
              -93.2784119971254,
              44.8705889985627
            ],
            [
              -93.28065777506289,
              44.8705889985627
            ],
            [
              -93.28065777506289,
              44.86834322062523
            ],
            [
              -93.2784119971254,
              44.86834322062523
            ]
          ]
        ]
      }
    },
    {
      "id": "307",
      "type": "Feature",
      "properties": {
        "cell_id": "r9_c18",
        "row": 9,
        "col": 18,
        "dominant_nbs": null,
        "dominant_nbs_score": null,
        "uhi_built_up": true,
        "shade_deficit": true,
        "high_daytime_lst": true,
        "limited_nocturnal_cooling": false,
        "high_social_exposure": true,
        "heat_mechanism_type": "mixed",
        "heat_mechanism_code": 6,
        "heat_score": 0.8015729784965515,
        "heat_risk_score": 0.3522440791130066,
        "hazard_valid": true,
        "is_interpolated": false
      },
      "geometry": {
        "type": "Polygon",
        "coordinates": [
          [
            [
              -93.27616621918793,
              44.86834322062523
            ],
            [
              -93.27616621918793,
              44.8705889985627
            ],
            [
              -93.2784119971254,
              44.8705889985627
            ],
            [
              -93.2784119971254,
              44.86834322062523
            ],
            [
              -93.27616621918793,
              44.86834322062523
            ]
          ]
        ]
      }
    },
    {
      "id": "308",
      "type": "Feature",
      "properties": {
        "cell_id": "r9_c19",
        "row": 9,
        "col": 19,
        "dominant_nbs": null,
        "dominant_nbs_score": null,
        "uhi_built_up": false,
        "shade_deficit": false,
        "high_daytime_lst": true,
        "limited_nocturnal_cooling": false,
        "high_social_exposure": true,
        "heat_mechanism_type": "high_daytime_lst",
        "heat_mechanism_code": 3,
        "heat_score": 0.7890685200691223,
        "heat_risk_score": 0.3504028022289276,
        "hazard_valid": true,
        "is_interpolated": false
      },
      "geometry": {
        "type": "Polygon",
        "coordinates": [
          [
            [
              -93.27392044125045,
              44.86834322062523
            ],
            [
              -93.27392044125045,
              44.8705889985627
            ],
            [
              -93.27616621918793,
              44.8705889985627
            ],
            [
              -93.27616621918793,
              44.86834322062523
            ],
            [
              -93.27392044125045,
              44.86834322062523
            ]
          ]
        ]
      }
    },
    {
      "id": "309",
      "type": "Feature",
      "properties": {
        "cell_id": "r9_c20",
        "row": 9,
        "col": 20,
        "dominant_nbs": null,
        "dominant_nbs_score": null,
        "uhi_built_up": false,
        "shade_deficit": true,
        "high_daytime_lst": true,
        "limited_nocturnal_cooling": false,
        "high_social_exposure": true,
        "heat_mechanism_type": "high_daytime_lst",
        "heat_mechanism_code": 3,
        "heat_score": 0.8061820864677429,
        "heat_risk_score": 0.4712260067462921,
        "hazard_valid": true,
        "is_interpolated": false
      },
      "geometry": {
        "type": "Polygon",
        "coordinates": [
          [
            [
              -93.27167466331298,
              44.86834322062523
            ],
            [
              -93.27167466331298,
              44.8705889985627
            ],
            [
              -93.27392044125045,
              44.8705889985627
            ],
            [
              -93.27392044125045,
              44.86834322062523
            ],
            [
              -93.27167466331298,
              44.86834322062523
            ]
          ]
        ]
      }
    },
    {
      "id": "310",
      "type": "Feature",
      "properties": {
        "cell_id": "r9_c21",
        "row": 9,
        "col": 21,
        "dominant_nbs": null,
        "dominant_nbs_score": null,
        "uhi_built_up": false,
        "shade_deficit": false,
        "high_daytime_lst": true,
        "limited_nocturnal_cooling": false,
        "high_social_exposure": true,
        "heat_mechanism_type": "high_daytime_lst",
        "heat_mechanism_code": 3,
        "heat_score": 0.7633822560310364,
        "heat_risk_score": 0.4627348780632019,
        "hazard_valid": true,
        "is_interpolated": false
      },
      "geometry": {
        "type": "Polygon",
        "coordinates": [
          [
            [
              -93.2694288853755,
              44.86834322062523
            ],
            [
              -93.2694288853755,
              44.8705889985627
            ],
            [
              -93.27167466331298,
              44.8705889985627
            ],
            [
              -93.27167466331298,
              44.86834322062523
            ],
            [
              -93.2694288853755,
              44.86834322062523
            ]
          ]
        ]
      }
    },
    {
      "id": "311",
      "type": "Feature",
      "properties": {
        "cell_id": "r9_c22",
        "row": 9,
        "col": 22,
        "dominant_nbs": null,
        "dominant_nbs_score": null,
        "uhi_built_up": false,
        "shade_deficit": true,
        "high_daytime_lst": true,
        "limited_nocturnal_cooling": false,
        "high_social_exposure": true,
        "heat_mechanism_type": "high_daytime_lst",
        "heat_mechanism_code": 3,
        "heat_score": 0.7666113972663879,
        "heat_risk_score": 0.4633864164352417,
        "hazard_valid": true,
        "is_interpolated": false
      },
      "geometry": {
        "type": "Polygon",
        "coordinates": [
          [
            [
              -93.26718310743802,
              44.86834322062523
            ],
            [
              -93.26718310743802,
              44.8705889985627
            ],
            [
              -93.2694288853755,
              44.8705889985627
            ],
            [
              -93.2694288853755,
              44.86834322062523
            ],
            [
              -93.26718310743802,
              44.86834322062523
            ]
          ]
        ]
      }
    },
    {
      "id": "312",
      "type": "Feature",
      "properties": {
        "cell_id": "r9_c23",
        "row": 9,
        "col": 23,
        "dominant_nbs": null,
        "dominant_nbs_score": null,
        "uhi_built_up": false,
        "shade_deficit": true,
        "high_daytime_lst": true,
        "limited_nocturnal_cooling": false,
        "high_social_exposure": true,
        "heat_mechanism_type": "mixed",
        "heat_mechanism_code": 6,
        "heat_score": 0.7643654942512512,
        "heat_risk_score": 0.36826708912849426,
        "hazard_valid": true,
        "is_interpolated": false
      },
      "geometry": {
        "type": "Polygon",
        "coordinates": [
          [
            [
              -93.26493732950054,
              44.86834322062523
            ],
            [
              -93.26493732950054,
              44.8705889985627
            ],
            [
              -93.26718310743802,
              44.8705889985627
            ],
            [
              -93.26718310743802,
              44.86834322062523
            ],
            [
              -93.26493732950054,
              44.86834322062523
            ]
          ]
        ]
      }
    },
    {
      "id": "313",
      "type": "Feature",
      "properties": {
        "cell_id": "r9_c24",
        "row": 9,
        "col": 24,
        "dominant_nbs": null,
        "dominant_nbs_score": null,
        "uhi_built_up": false,
        "shade_deficit": true,
        "high_daytime_lst": true,
        "limited_nocturnal_cooling": false,
        "high_social_exposure": true,
        "heat_mechanism_type": "high_daytime_lst",
        "heat_mechanism_code": 3,
        "heat_score": 0.7730506062507629,
        "heat_risk_score": 0.36965665221214294,
        "hazard_valid": true,
        "is_interpolated": false
      },
      "geometry": {
        "type": "Polygon",
        "coordinates": [
          [
            [
              -93.26269155156307,
              44.86834322062523
            ],
            [
              -93.26269155156307,
              44.8705889985627
            ],
            [
              -93.26493732950054,
              44.8705889985627
            ],
            [
              -93.26493732950054,
              44.86834322062523
            ],
            [
              -93.26269155156307,
              44.86834322062523
            ]
          ]
        ]
      }
    },
    {
      "id": "314",
      "type": "Feature",
      "properties": {
        "cell_id": "r9_c25",
        "row": 9,
        "col": 25,
        "dominant_nbs": null,
        "dominant_nbs_score": null,
        "uhi_built_up": true,
        "shade_deficit": false,
        "high_daytime_lst": true,
        "limited_nocturnal_cooling": false,
        "high_social_exposure": false,
        "heat_mechanism_type": "mixed",
        "heat_mechanism_code": 6,
        "heat_score": 0.6525477766990662,
        "heat_risk_score": 0.34935474395751953,
        "hazard_valid": true,
        "is_interpolated": false
      },
      "geometry": {
        "type": "Polygon",
        "coordinates": [
          [
            [
              -93.26044577362559,
              44.86834322062523
            ],
            [
              -93.26044577362559,
              44.8705889985627
            ],
            [
              -93.26269155156307,
              44.8705889985627
            ],
            [
              -93.26269155156307,
              44.86834322062523
            ],
            [
              -93.26044577362559,
              44.86834322062523
            ]
          ]
        ]
      }
    },
    {
      "id": "315",
      "type": "Feature",
      "properties": {
        "cell_id": "r9_c26",
        "row": 9,
        "col": 26,
        "dominant_nbs": null,
        "dominant_nbs_score": null,
        "uhi_built_up": false,
        "shade_deficit": false,
        "high_daytime_lst": true,
        "limited_nocturnal_cooling": false,
        "high_social_exposure": false,
        "heat_mechanism_type": "high_daytime_lst",
        "heat_mechanism_code": 3,
        "heat_score": 0.6542342901229858,
        "heat_risk_score": 0.3496554493904114,
        "hazard_valid": true,
        "is_interpolated": false
      },
      "geometry": {
        "type": "Polygon",
        "coordinates": [
          [
            [
              -93.25819999568812,
              44.86834322062523
            ],
            [
              -93.25819999568812,
              44.8705889985627
            ],
            [
              -93.26044577362559,
              44.8705889985627
            ],
            [
              -93.26044577362559,
              44.86834322062523
            ],
            [
              -93.25819999568812,
              44.86834322062523
            ]
          ]
        ]
      }
    },
    {
      "id": "316",
      "type": "Feature",
      "properties": {
        "cell_id": "r9_c27",
        "row": 9,
        "col": 27,
        "dominant_nbs": null,
        "dominant_nbs_score": null,
        "uhi_built_up": false,
        "shade_deficit": true,
        "high_daytime_lst": true,
        "limited_nocturnal_cooling": false,
        "high_social_exposure": false,
        "heat_mechanism_type": "mixed",
        "heat_mechanism_code": 6,
        "heat_score": 0.6503176093101501,
        "heat_risk_score": 0.34283196926116943,
        "hazard_valid": true,
        "is_interpolated": false
      },
      "geometry": {
        "type": "Polygon",
        "coordinates": [
          [
            [
              -93.25595421775063,
              44.86834322062523
            ],
            [
              -93.25595421775063,
              44.8705889985627
            ],
            [
              -93.25819999568812,
              44.8705889985627
            ],
            [
              -93.25819999568812,
              44.86834322062523
            ],
            [
              -93.25595421775063,
              44.86834322062523
            ]
          ]
        ]
      }
    },
    {
      "id": "317",
      "type": "Feature",
      "properties": {
        "cell_id": "r9_c28",
        "row": 9,
        "col": 28,
        "dominant_nbs": null,
        "dominant_nbs_score": null,
        "uhi_built_up": false,
        "shade_deficit": true,
        "high_daytime_lst": true,
        "limited_nocturnal_cooling": false,
        "high_social_exposure": false,
        "heat_mechanism_type": "high_daytime_lst",
        "heat_mechanism_code": 3,
        "heat_score": 0.6381431221961975,
        "heat_risk_score": 0.3406791090965271,
        "hazard_valid": true,
        "is_interpolated": false
      },
      "geometry": {
        "type": "Polygon",
        "coordinates": [
          [
            [
              -93.25370843981315,
              44.86834322062523
            ],
            [
              -93.25370843981315,
              44.8705889985627
            ],
            [
              -93.25595421775063,
              44.8705889985627
            ],
            [
              -93.25595421775063,
              44.86834322062523
            ],
            [
              -93.25370843981315,
              44.86834322062523
            ]
          ]
        ]
      }
    },
    {
      "id": "318",
      "type": "Feature",
      "properties": {
        "cell_id": "r9_c29",
        "row": 9,
        "col": 29,
        "dominant_nbs": null,
        "dominant_nbs_score": null,
        "uhi_built_up": false,
        "shade_deficit": true,
        "high_daytime_lst": true,
        "limited_nocturnal_cooling": false,
        "high_social_exposure": true,
        "heat_mechanism_type": "high_daytime_lst",
        "heat_mechanism_code": 3,
        "heat_score": 0.6154829263687134,
        "heat_risk_score": 0.37397506833076477,
        "hazard_valid": true,
        "is_interpolated": false
      },
      "geometry": {
        "type": "Polygon",
        "coordinates": [
          [
            [
              -93.25146266187568,
              44.86834322062523
            ],
            [
              -93.25146266187568,
              44.8705889985627
            ],
            [
              -93.25370843981315,
              44.8705889985627
            ],
            [
              -93.25370843981315,
              44.86834322062523
            ],
            [
              -93.25146266187568,
              44.86834322062523
            ]
          ]
        ]
      }
    },
    {
      "id": "319",
      "type": "Feature",
      "properties": {
        "cell_id": "r9_c30",
        "row": 9,
        "col": 30,
        "dominant_nbs": null,
        "dominant_nbs_score": null,
        "uhi_built_up": false,
        "shade_deficit": true,
        "high_daytime_lst": true,
        "limited_nocturnal_cooling": false,
        "high_social_exposure": true,
        "heat_mechanism_type": "high_daytime_lst",
        "heat_mechanism_code": 3,
        "heat_score": 0.6181890368461609,
        "heat_risk_score": 0.37452232837677,
        "hazard_valid": true,
        "is_interpolated": false
      },
      "geometry": {
        "type": "Polygon",
        "coordinates": [
          [
            [
              -93.2492168839382,
              44.86834322062523
            ],
            [
              -93.2492168839382,
              44.8705889985627
            ],
            [
              -93.25146266187568,
              44.8705889985627
            ],
            [
              -93.25146266187568,
              44.86834322062523
            ],
            [
              -93.2492168839382,
              44.86834322062523
            ]
          ]
        ]
      }
    },
    {
      "id": "320",
      "type": "Feature",
      "properties": {
        "cell_id": "r9_c31",
        "row": 9,
        "col": 31,
        "dominant_nbs": null,
        "dominant_nbs_score": null,
        "uhi_built_up": false,
        "shade_deficit": true,
        "high_daytime_lst": true,
        "limited_nocturnal_cooling": false,
        "high_social_exposure": true,
        "heat_mechanism_type": "high_daytime_lst",
        "heat_mechanism_code": 3,
        "heat_score": 0.6218052506446838,
        "heat_risk_score": 0.3752512037754059,
        "hazard_valid": true,
        "is_interpolated": false
      },
      "geometry": {
        "type": "Polygon",
        "coordinates": [
          [
            [
              -93.24697110600073,
              44.86834322062523
            ],
            [
              -93.24697110600073,
              44.8705889985627
            ],
            [
              -93.2492168839382,
              44.8705889985627
            ],
            [
              -93.2492168839382,
              44.86834322062523
            ],
            [
              -93.24697110600073,
              44.86834322062523
            ]
          ]
        ]
      }
    },
    {
      "id": "321",
      "type": "Feature",
      "properties": {
        "cell_id": "r10_c0",
        "row": 10,
        "col": 0,
        "dominant_nbs": null,
        "dominant_nbs_score": null,
        "uhi_built_up": false,
        "shade_deficit": true,
        "high_daytime_lst": true,
        "limited_nocturnal_cooling": false,
        "high_social_exposure": false,
        "heat_mechanism_type": "mixed",
        "heat_mechanism_code": 6,
        "heat_score": 0.6168397068977356,
        "heat_risk_score": 0.30536291003227234,
        "hazard_valid": true,
        "is_interpolated": false
      },
      "geometry": {
        "type": "Polygon",
        "coordinates": [
          [
            [
              -93.31659022206253,
              44.86609744268775
            ],
            [
              -93.31659022206253,
              44.86834322062523
            ],
            [
              -93.318836,
              44.86834322062523
            ],
            [
              -93.318836,
              44.86609744268775
            ],
            [
              -93.31659022206253,
              44.86609744268775
            ]
          ]
        ]
      }
    },
    {
      "id": "322",
      "type": "Feature",
      "properties": {
        "cell_id": "r10_c1",
        "row": 10,
        "col": 1,
        "dominant_nbs": null,
        "dominant_nbs_score": null,
        "uhi_built_up": false,
        "shade_deficit": true,
        "high_daytime_lst": true,
        "limited_nocturnal_cooling": false,
        "high_social_exposure": false,
        "heat_mechanism_type": "high_daytime_lst",
        "heat_mechanism_code": 3,
        "heat_score": 0.769763708114624,
        "heat_risk_score": 0.32875925302505493,
        "hazard_valid": true,
        "is_interpolated": false
      },
      "geometry": {
        "type": "Polygon",
        "coordinates": [
          [
            [
              -93.31434444412506,
              44.86609744268775
            ],
            [
              -93.31434444412506,
              44.86834322062523
            ],
            [
              -93.31659022206253,
              44.86834322062523
            ],
            [
              -93.31659022206253,
              44.86609744268775
            ],
            [
              -93.31434444412506,
              44.86609744268775
            ]
          ]
        ]
      }
    },
    {
      "id": "323",
      "type": "Feature",
      "properties": {
        "cell_id": "r10_c2",
        "row": 10,
        "col": 2,
        "dominant_nbs": null,
        "dominant_nbs_score": null,
        "uhi_built_up": false,
        "shade_deficit": true,
        "high_daytime_lst": true,
        "limited_nocturnal_cooling": false,
        "high_social_exposure": false,
        "heat_mechanism_type": "high_daytime_lst",
        "heat_mechanism_code": 3,
        "heat_score": 0.8158102035522461,
        "heat_risk_score": 0.3351880609989166,
        "hazard_valid": true,
        "is_interpolated": false
      },
      "geometry": {
        "type": "Polygon",
        "coordinates": [
          [
            [
              -93.31209866618757,
              44.86609744268775
            ],
            [
              -93.31209866618757,
              44.86834322062523
            ],
            [
              -93.31434444412506,
              44.86834322062523
            ],
            [
              -93.31434444412506,
              44.86609744268775
            ],
            [
              -93.31209866618757,
              44.86609744268775
            ]
          ]
        ]
      }
    },
    {
      "id": "324",
      "type": "Feature",
      "properties": {
        "cell_id": "r10_c3",
        "row": 10,
        "col": 3,
        "dominant_nbs": null,
        "dominant_nbs_score": null,
        "uhi_built_up": false,
        "shade_deficit": false,
        "high_daytime_lst": true,
        "limited_nocturnal_cooling": false,
        "high_social_exposure": false,
        "heat_mechanism_type": "high_daytime_lst",
        "heat_mechanism_code": 3,
        "heat_score": 0.8743078708648682,
        "heat_risk_score": 0.3430154323577881,
        "hazard_valid": true,
        "is_interpolated": false
      },
      "geometry": {
        "type": "Polygon",
        "coordinates": [
          [
            [
              -93.30985288825009,
              44.86609744268775
            ],
            [
              -93.30985288825009,
              44.86834322062523
            ],
            [
              -93.31209866618757,
              44.86834322062523
            ],
            [
              -93.31209866618757,
              44.86609744268775
            ],
            [
              -93.30985288825009,
              44.86609744268775
            ]
          ]
        ]
      }
    },
    {
      "id": "325",
      "type": "Feature",
      "properties": {
        "cell_id": "r10_c4",
        "row": 10,
        "col": 4,
        "dominant_nbs": null,
        "dominant_nbs_score": null,
        "uhi_built_up": false,
        "shade_deficit": false,
        "high_daytime_lst": true,
        "limited_nocturnal_cooling": false,
        "high_social_exposure": false,
        "heat_mechanism_type": "high_daytime_lst",
        "heat_mechanism_code": 3,
        "heat_score": 0.8589332699775696,
        "heat_risk_score": 0.34099289774894714,
        "hazard_valid": true,
        "is_interpolated": false
      },
      "geometry": {
        "type": "Polygon",
        "coordinates": [
          [
            [
              -93.30760711031262,
              44.86609744268775
            ],
            [
              -93.30760711031262,
              44.86834322062523
            ],
            [
              -93.30985288825009,
              44.86834322062523
            ],
            [
              -93.30985288825009,
              44.86609744268775
            ],
            [
              -93.30760711031262,
              44.86609744268775
            ]
          ]
        ]
      }
    },
    {
      "id": "326",
      "type": "Feature",
      "properties": {
        "cell_id": "r10_c5",
        "row": 10,
        "col": 5,
        "dominant_nbs": null,
        "dominant_nbs_score": null,
        "uhi_built_up": true,
        "shade_deficit": false,
        "high_daytime_lst": true,
        "limited_nocturnal_cooling": false,
        "high_social_exposure": false,
        "heat_mechanism_type": "mixed",
        "heat_mechanism_code": 6,
        "heat_score": 0.8595803380012512,
        "heat_risk_score": 0.2922635078430176,
        "hazard_valid": true,
        "is_interpolated": false
      },
      "geometry": {
        "type": "Polygon",
        "coordinates": [
          [
            [
              -93.30536133237514,
              44.86609744268775
            ],
            [
              -93.30536133237514,
              44.86834322062523
            ],
            [
              -93.30760711031262,
              44.86834322062523
            ],
            [
              -93.30760711031262,
              44.86609744268775
            ],
            [
              -93.30536133237514,
              44.86609744268775
            ]
          ]
        ]
      }
    },
    {
      "id": "327",
      "type": "Feature",
      "properties": {
        "cell_id": "r10_c6",
        "row": 10,
        "col": 6,
        "dominant_nbs": null,
        "dominant_nbs_score": null,
        "uhi_built_up": false,
        "shade_deficit": false,
        "high_daytime_lst": true,
        "limited_nocturnal_cooling": false,
        "high_social_exposure": false,
        "heat_mechanism_type": "high_daytime_lst",
        "heat_mechanism_code": 3,
        "heat_score": 0.8321763873100281,
        "heat_risk_score": 0.2891240417957306,
        "hazard_valid": true,
        "is_interpolated": false
      },
      "geometry": {
        "type": "Polygon",
        "coordinates": [
          [
            [
              -93.30311555443767,
              44.86609744268775
            ],
            [
              -93.30311555443767,
              44.86834322062523
            ],
            [
              -93.30536133237514,
              44.86834322062523
            ],
            [
              -93.30536133237514,
              44.86609744268775
            ],
            [
              -93.30311555443767,
              44.86609744268775
            ]
          ]
        ]
      }
    },
    {
      "id": "328",
      "type": "Feature",
      "properties": {
        "cell_id": "r10_c7",
        "row": 10,
        "col": 7,
        "dominant_nbs": null,
        "dominant_nbs_score": null,
        "uhi_built_up": false,
        "shade_deficit": true,
        "high_daytime_lst": true,
        "limited_nocturnal_cooling": false,
        "high_social_exposure": false,
        "heat_mechanism_type": "mixed",
        "heat_mechanism_code": 6,
        "heat_score": 0.8515598177909851,
        "heat_risk_score": 0.29135164618492126,
        "hazard_valid": true,
        "is_interpolated": false
      },
      "geometry": {
        "type": "Polygon",
        "coordinates": [
          [
            [
              -93.30086977650018,
              44.86609744268775
            ],
            [
              -93.30086977650018,
              44.86834322062523
            ],
            [
              -93.30311555443767,
              44.86834322062523
            ],
            [
              -93.30311555443767,
              44.86609744268775
            ],
            [
              -93.30086977650018,
              44.86609744268775
            ]
          ]
        ]
      }
    },
    {
      "id": "329",
      "type": "Feature",
      "properties": {
        "cell_id": "r10_c8",
        "row": 10,
        "col": 8,
        "dominant_nbs": null,
        "dominant_nbs_score": null,
        "uhi_built_up": false,
        "shade_deficit": true,
        "high_daytime_lst": true,
        "limited_nocturnal_cooling": false,
        "high_social_exposure": false,
        "heat_mechanism_type": "high_daytime_lst",
        "heat_mechanism_code": 3,
        "heat_score": 0.847265899181366,
        "heat_risk_score": 0.2908610999584198,
        "hazard_valid": true,
        "is_interpolated": false
      },
      "geometry": {
        "type": "Polygon",
        "coordinates": [
          [
            [
              -93.2986239985627,
              44.86609744268775
            ],
            [
              -93.2986239985627,
              44.86834322062523
            ],
            [
              -93.30086977650018,
              44.86834322062523
            ],
            [
              -93.30086977650018,
              44.86609744268775
            ],
            [
              -93.2986239985627,
              44.86609744268775
            ]
          ]
        ]
      }
    },
    {
      "id": "330",
      "type": "Feature",
      "properties": {
        "cell_id": "r10_c9",
        "row": 10,
        "col": 9,
        "dominant_nbs": null,
        "dominant_nbs_score": null,
        "uhi_built_up": false,
        "shade_deficit": false,
        "high_daytime_lst": true,
        "limited_nocturnal_cooling": false,
        "high_social_exposure": false,
        "heat_mechanism_type": "high_daytime_lst",
        "heat_mechanism_code": 3,
        "heat_score": 0.8291435837745667,
        "heat_risk_score": 0.3427503705024719,
        "hazard_valid": true,
        "is_interpolated": false
      },
      "geometry": {
        "type": "Polygon",
        "coordinates": [
          [
            [
              -93.29637822062523,
              44.86609744268775
            ],
            [
              -93.29637822062523,
              44.86834322062523
            ],
            [
              -93.2986239985627,
              44.86834322062523
            ],
            [
              -93.2986239985627,
              44.86609744268775
            ],
            [
              -93.29637822062523,
              44.86609744268775
            ]
          ]
        ]
      }
    },
    {
      "id": "331",
      "type": "Feature",
      "properties": {
        "cell_id": "r10_c10",
        "row": 10,
        "col": 10,
        "dominant_nbs": null,
        "dominant_nbs_score": null,
        "uhi_built_up": false,
        "shade_deficit": true,
        "high_daytime_lst": true,
        "limited_nocturnal_cooling": false,
        "high_social_exposure": false,
        "heat_mechanism_type": "high_daytime_lst",
        "heat_mechanism_code": 3,
        "heat_score": 0.8336146473884583,
        "heat_risk_score": 0.343365341424942,
        "hazard_valid": true,
        "is_interpolated": false
      },
      "geometry": {
        "type": "Polygon",
        "coordinates": [
          [
            [
              -93.29413244268775,
              44.86609744268775
            ],
            [
              -93.29413244268775,
              44.86834322062523
            ],
            [
              -93.29637822062523,
              44.86834322062523
            ],
            [
              -93.29637822062523,
              44.86609744268775
            ],
            [
              -93.29413244268775,
              44.86609744268775
            ]
          ]
        ]
      }
    },
    {
      "id": "332",
      "type": "Feature",
      "properties": {
        "cell_id": "r10_c11",
        "row": 10,
        "col": 11,
        "dominant_nbs": null,
        "dominant_nbs_score": null,
        "uhi_built_up": true,
        "shade_deficit": false,
        "high_daytime_lst": true,
        "limited_nocturnal_cooling": false,
        "high_social_exposure": false,
        "heat_mechanism_type": "mixed",
        "heat_mechanism_code": 6,
        "heat_score": 0.8310500979423523,
        "heat_risk_score": 0.34301286935806274,
        "hazard_valid": true,
        "is_interpolated": false
      },
      "geometry": {
        "type": "Polygon",
        "coordinates": [
          [
            [
              -93.29188666475028,
              44.86609744268775
            ],
            [
              -93.29188666475028,
              44.86834322062523
            ],
            [
              -93.29413244268775,
              44.86834322062523
            ],
            [
              -93.29413244268775,
              44.86609744268775
            ],
            [
              -93.29188666475028,
              44.86609744268775
            ]
          ]
        ]
      }
    },
    {
      "id": "333",
      "type": "Feature",
      "properties": {
        "cell_id": "r10_c12",
        "row": 10,
        "col": 12,
        "dominant_nbs": null,
        "dominant_nbs_score": null,
        "uhi_built_up": false,
        "shade_deficit": true,
        "high_daytime_lst": true,
        "limited_nocturnal_cooling": false,
        "high_social_exposure": false,
        "heat_mechanism_type": "high_daytime_lst",
        "heat_mechanism_code": 3,
        "heat_score": 0.8501171469688416,
        "heat_risk_score": 0.34561634063720703,
        "hazard_valid": true,
        "is_interpolated": false
      },
      "geometry": {
        "type": "Polygon",
        "coordinates": [
          [
            [
              -93.28964088681279,
              44.86609744268775
            ],
            [
              -93.28964088681279,
              44.86834322062523
            ],
            [
              -93.29188666475028,
              44.86834322062523
            ],
            [
              -93.29188666475028,
              44.86609744268775
            ],
            [
              -93.28964088681279,
              44.86609744268775
            ]
          ]
        ]
      }
    },
    {
      "id": "334",
      "type": "Feature",
      "properties": {
        "cell_id": "r10_c13",
        "row": 10,
        "col": 13,
        "dominant_nbs": null,
        "dominant_nbs_score": null,
        "uhi_built_up": false,
        "shade_deficit": false,
        "high_daytime_lst": true,
        "limited_nocturnal_cooling": false,
        "high_social_exposure": false,
        "heat_mechanism_type": "high_daytime_lst",
        "heat_mechanism_code": 3,
        "heat_score": 0.8710815906524658,
        "heat_risk_score": 0.34843435883522034,
        "hazard_valid": true,
        "is_interpolated": false
      },
      "geometry": {
        "type": "Polygon",
        "coordinates": [
          [
            [
              -93.28739510887532,
              44.86609744268775
            ],
            [
              -93.28739510887532,
              44.86834322062523
            ],
            [
              -93.28964088681279,
              44.86834322062523
            ],
            [
              -93.28964088681279,
              44.86609744268775
            ],
            [
              -93.28739510887532,
              44.86609744268775
            ]
          ]
        ]
      }
    },
    {
      "id": "335",
      "type": "Feature",
      "properties": {
        "cell_id": "r10_c14",
        "row": 10,
        "col": 14,
        "dominant_nbs": null,
        "dominant_nbs_score": null,
        "uhi_built_up": false,
        "shade_deficit": false,
        "high_daytime_lst": true,
        "limited_nocturnal_cooling": false,
        "high_social_exposure": true,
        "heat_mechanism_type": "high_daytime_lst",
        "heat_mechanism_code": 3,
        "heat_score": 0.8596768379211426,
        "heat_risk_score": 0.4224208891391754,
        "hazard_valid": true,
        "is_interpolated": false
      },
      "geometry": {
        "type": "Polygon",
        "coordinates": [
          [
            [
              -93.28514933093784,
              44.86609744268775
            ],
            [
              -93.28514933093784,
              44.86834322062523
            ],
            [
              -93.28739510887532,
              44.86834322062523
            ],
            [
              -93.28739510887532,
              44.86609744268775
            ],
            [
              -93.28514933093784,
              44.86609744268775
            ]
          ]
        ]
      }
    },
    {
      "id": "336",
      "type": "Feature",
      "properties": {
        "cell_id": "r10_c15",
        "row": 10,
        "col": 15,
        "dominant_nbs": null,
        "dominant_nbs_score": null,
        "uhi_built_up": false,
        "shade_deficit": false,
        "high_daytime_lst": true,
        "limited_nocturnal_cooling": false,
        "high_social_exposure": true,
        "heat_mechanism_type": "high_daytime_lst",
        "heat_mechanism_code": 3,
        "heat_score": 0.8121848106384277,
        "heat_risk_score": 0.4144943356513977,
        "hazard_valid": true,
        "is_interpolated": false
      },
      "geometry": {
        "type": "Polygon",
        "coordinates": [
          [
            [
              -93.28290355300037,
              44.86609744268775
            ],
            [
              -93.28290355300037,
              44.86834322062523
            ],
            [
              -93.28514933093784,
              44.86834322062523
            ],
            [
              -93.28514933093784,
              44.86609744268775
            ],
            [
              -93.28290355300037,
              44.86609744268775
            ]
          ]
        ]
      }
    },
    {
      "id": "337",
      "type": "Feature",
      "properties": {
        "cell_id": "r10_c16",
        "row": 10,
        "col": 16,
        "dominant_nbs": null,
        "dominant_nbs_score": null,
        "uhi_built_up": false,
        "shade_deficit": true,
        "high_daytime_lst": true,
        "limited_nocturnal_cooling": false,
        "high_social_exposure": true,
        "heat_mechanism_type": "high_daytime_lst",
        "heat_mechanism_code": 3,
        "heat_score": 0.7941309809684753,
        "heat_risk_score": 0.41140004992485046,
        "hazard_valid": true,
        "is_interpolated": false
      },
      "geometry": {
        "type": "Polygon",
        "coordinates": [
          [
            [
              -93.28065777506289,
              44.86609744268775
            ],
            [
              -93.28065777506289,
              44.86834322062523
            ],
            [
              -93.28290355300037,
              44.86834322062523
            ],
            [
              -93.28290355300037,
              44.86609744268775
            ],
            [
              -93.28065777506289,
              44.86609744268775
            ]
          ]
        ]
      }
    },
    {
      "id": "338",
      "type": "Feature",
      "properties": {
        "cell_id": "r10_c17",
        "row": 10,
        "col": 17,
        "dominant_nbs": null,
        "dominant_nbs_score": null,
        "uhi_built_up": false,
        "shade_deficit": true,
        "high_daytime_lst": true,
        "limited_nocturnal_cooling": false,
        "high_social_exposure": true,
        "heat_mechanism_type": "high_daytime_lst",
        "heat_mechanism_code": 3,
        "heat_score": 0.7972727417945862,
        "heat_risk_score": 0.41194188594818115,
        "hazard_valid": true,
        "is_interpolated": false
      },
      "geometry": {
        "type": "Polygon",
        "coordinates": [
          [
            [
              -93.2784119971254,
              44.86609744268775
            ],
            [
              -93.2784119971254,
              44.86834322062523
            ],
            [
              -93.28065777506289,
              44.86834322062523
            ],
            [
              -93.28065777506289,
              44.86609744268775
            ],
            [
              -93.2784119971254,
              44.86609744268775
            ]
          ]
        ]
      }
    },
    {
      "id": "339",
      "type": "Feature",
      "properties": {
        "cell_id": "r10_c18",
        "row": 10,
        "col": 18,
        "dominant_nbs": null,
        "dominant_nbs_score": null,
        "uhi_built_up": false,
        "shade_deficit": true,
        "high_daytime_lst": true,
        "limited_nocturnal_cooling": false,
        "high_social_exposure": true,
        "heat_mechanism_type": "high_daytime_lst",
        "heat_mechanism_code": 3,
        "heat_score": 0.7912730574607849,
        "heat_risk_score": 0.350728839635849,
        "hazard_valid": true,
        "is_interpolated": false
      },
      "geometry": {
        "type": "Polygon",
        "coordinates": [
          [
            [
              -93.27616621918793,
              44.86609744268775
            ],
            [
              -93.27616621918793,
              44.86834322062523
            ],
            [
              -93.2784119971254,
              44.86834322062523
            ],
            [
              -93.2784119971254,
              44.86609744268775
            ],
            [
              -93.27616621918793,
              44.86609744268775
            ]
          ]
        ]
      }
    },
    {
      "id": "340",
      "type": "Feature",
      "properties": {
        "cell_id": "r10_c19",
        "row": 10,
        "col": 19,
        "dominant_nbs": null,
        "dominant_nbs_score": null,
        "uhi_built_up": false,
        "shade_deficit": true,
        "high_daytime_lst": true,
        "limited_nocturnal_cooling": false,
        "high_social_exposure": false,
        "heat_mechanism_type": "high_daytime_lst",
        "heat_mechanism_code": 3,
        "heat_score": 0.78544682264328,
        "heat_risk_score": 0.3498658835887909,
        "hazard_valid": true,
        "is_interpolated": false
      },
      "geometry": {
        "type": "Polygon",
        "coordinates": [
          [
            [
              -93.27392044125045,
              44.86609744268775
            ],
            [
              -93.27392044125045,
              44.86834322062523
            ],
            [
              -93.27616621918793,
              44.86834322062523
            ],
            [
              -93.27616621918793,
              44.86609744268775
            ],
            [
              -93.27392044125045,
              44.86609744268775
            ]
          ]
        ]
      }
    },
    {
      "id": "341",
      "type": "Feature",
      "properties": {
        "cell_id": "r10_c20",
        "row": 10,
        "col": 20,
        "dominant_nbs": null,
        "dominant_nbs_score": null,
        "uhi_built_up": false,
        "shade_deficit": false,
        "high_daytime_lst": true,
        "limited_nocturnal_cooling": false,
        "high_social_exposure": false,
        "heat_mechanism_type": "high_daytime_lst",
        "heat_mechanism_code": 3,
        "heat_score": 0.7925841212272644,
        "heat_risk_score": 0.20530006289482117,
        "hazard_valid": true,
        "is_interpolated": false
      },
      "geometry": {
        "type": "Polygon",
        "coordinates": [
          [
            [
              -93.27167466331298,
              44.86609744268775
            ],
            [
              -93.27167466331298,
              44.86834322062523
            ],
            [
              -93.27392044125045,
              44.86834322062523
            ],
            [
              -93.27392044125045,
              44.86609744268775
            ],
            [
              -93.27167466331298,
              44.86609744268775
            ]
          ]
        ]
      }
    },
    {
      "id": "342",
      "type": "Feature",
      "properties": {
        "cell_id": "r10_c21",
        "row": 10,
        "col": 21,
        "dominant_nbs": null,
        "dominant_nbs_score": null,
        "uhi_built_up": false,
        "shade_deficit": true,
        "high_daytime_lst": true,
        "limited_nocturnal_cooling": false,
        "high_social_exposure": false,
        "heat_mechanism_type": "high_daytime_lst",
        "heat_mechanism_code": 3,
        "heat_score": 0.764506995677948,
        "heat_risk_score": 0.20284661650657654,
        "hazard_valid": true,
        "is_interpolated": false
      },
      "geometry": {
        "type": "Polygon",
        "coordinates": [
          [
            [
              -93.2694288853755,
              44.86609744268775
            ],
            [
              -93.2694288853755,
              44.86834322062523
            ],
            [
              -93.27167466331298,
              44.86834322062523
            ],
            [
              -93.27167466331298,
              44.86609744268775
            ],
            [
              -93.2694288853755,
              44.86609744268775
            ]
          ]
        ]
      }
    },
    {
      "id": "343",
      "type": "Feature",
      "properties": {
        "cell_id": "r10_c22",
        "row": 10,
        "col": 22,
        "dominant_nbs": null,
        "dominant_nbs_score": null,
        "uhi_built_up": false,
        "shade_deficit": true,
        "high_daytime_lst": true,
        "limited_nocturnal_cooling": false,
        "high_social_exposure": false,
        "heat_mechanism_type": "high_daytime_lst",
        "heat_mechanism_code": 3,
        "heat_score": 0.7805480360984802,
        "heat_risk_score": 0.20425553619861603,
        "hazard_valid": true,
        "is_interpolated": false
      },
      "geometry": {
        "type": "Polygon",
        "coordinates": [
          [
            [
              -93.26718310743802,
              44.86609744268775
            ],
            [
              -93.26718310743802,
              44.86834322062523
            ],
            [
              -93.2694288853755,
              44.86834322062523
            ],
            [
              -93.2694288853755,
              44.86609744268775
            ],
            [
              -93.26718310743802,
              44.86609744268775
            ]
          ]
        ]
      }
    },
    {
      "id": "344",
      "type": "Feature",
      "properties": {
        "cell_id": "r10_c23",
        "row": 10,
        "col": 23,
        "dominant_nbs": null,
        "dominant_nbs_score": null,
        "uhi_built_up": false,
        "shade_deficit": true,
        "high_daytime_lst": true,
        "limited_nocturnal_cooling": false,
        "high_social_exposure": false,
        "heat_mechanism_type": "high_daytime_lst",
        "heat_mechanism_code": 3,
        "heat_score": 0.7741965651512146,
        "heat_risk_score": 0.3241631090641022,
        "hazard_valid": true,
        "is_interpolated": false
      },
      "geometry": {
        "type": "Polygon",
        "coordinates": [
          [
            [
              -93.26493732950054,
              44.86609744268775
            ],
            [
              -93.26493732950054,
              44.86834322062523
            ],
            [
              -93.26718310743802,
              44.86834322062523
            ],
            [
              -93.26718310743802,
              44.86609744268775
            ],
            [
              -93.26493732950054,
              44.86609744268775
            ]
          ]
        ]
      }
    },
    {
      "id": "345",
      "type": "Feature",
      "properties": {
        "cell_id": "r10_c24",
        "row": 10,
        "col": 24,
        "dominant_nbs": null,
        "dominant_nbs_score": null,
        "uhi_built_up": false,
        "shade_deficit": true,
        "high_daytime_lst": true,
        "limited_nocturnal_cooling": false,
        "high_social_exposure": false,
        "heat_mechanism_type": "high_daytime_lst",
        "heat_mechanism_code": 3,
        "heat_score": 0.7835420966148376,
        "heat_risk_score": 0.3254622519016266,
        "hazard_valid": true,
        "is_interpolated": false
      },
      "geometry": {
        "type": "Polygon",
        "coordinates": [
          [
            [
              -93.26269155156307,
              44.86609744268775
            ],
            [
              -93.26269155156307,
              44.86834322062523
            ],
            [
              -93.26493732950054,
              44.86834322062523
            ],
            [
              -93.26493732950054,
              44.86609744268775
            ],
            [
              -93.26269155156307,
              44.86609744268775
            ]
          ]
        ]
      }
    },
    {
      "id": "346",
      "type": "Feature",
      "properties": {
        "cell_id": "r10_c25",
        "row": 10,
        "col": 25,
        "dominant_nbs": null,
        "dominant_nbs_score": null,
        "uhi_built_up": true,
        "shade_deficit": true,
        "high_daytime_lst": true,
        "limited_nocturnal_cooling": false,
        "high_social_exposure": false,
        "heat_mechanism_type": "mixed",
        "heat_mechanism_code": 6,
        "heat_score": 0.6783778071403503,
        "heat_risk_score": 0.3101966381072998,
        "hazard_valid": true,
        "is_interpolated": false
      },
      "geometry": {
        "type": "Polygon",
        "coordinates": [
          [
            [
              -93.26044577362559,
              44.86609744268775
            ],
            [
              -93.26044577362559,
              44.86834322062523
            ],
            [
              -93.26269155156307,
              44.86834322062523
            ],
            [
              -93.26269155156307,
              44.86609744268775
            ],
            [
              -93.26044577362559,
              44.86609744268775
            ]
          ]
        ]
      }
    },
    {
      "id": "347",
      "type": "Feature",
      "properties": {
        "cell_id": "r10_c26",
        "row": 10,
        "col": 26,
        "dominant_nbs": null,
        "dominant_nbs_score": null,
        "uhi_built_up": false,
        "shade_deficit": true,
        "high_daytime_lst": true,
        "limited_nocturnal_cooling": false,
        "high_social_exposure": false,
        "heat_mechanism_type": "high_daytime_lst",
        "heat_mechanism_code": 3,
        "heat_score": 0.6693242192268372,
        "heat_risk_score": 0.3088104724884033,
        "hazard_valid": true,
        "is_interpolated": false
      },
      "geometry": {
        "type": "Polygon",
        "coordinates": [
          [
            [
              -93.25819999568812,
              44.86609744268775
            ],
            [
              -93.25819999568812,
              44.86834322062523
            ],
            [
              -93.26044577362559,
              44.86834322062523
            ],
            [
              -93.26044577362559,
              44.86609744268775
            ],
            [
              -93.25819999568812,
              44.86609744268775
            ]
          ]
        ]
      }
    },
    {
      "id": "348",
      "type": "Feature",
      "properties": {
        "cell_id": "r10_c27",
        "row": 10,
        "col": 27,
        "dominant_nbs": null,
        "dominant_nbs_score": null,
        "uhi_built_up": false,
        "shade_deficit": true,
        "high_daytime_lst": true,
        "limited_nocturnal_cooling": false,
        "high_social_exposure": false,
        "heat_mechanism_type": "high_daytime_lst",
        "heat_mechanism_code": 3,
        "heat_score": 0.6517013311386108,
        "heat_risk_score": 0.3430749475955963,
        "hazard_valid": true,
        "is_interpolated": false
      },
      "geometry": {
        "type": "Polygon",
        "coordinates": [
          [
            [
              -93.25595421775063,
              44.86609744268775
            ],
            [
              -93.25595421775063,
              44.86834322062523
            ],
            [
              -93.25819999568812,
              44.86834322062523
            ],
            [
              -93.25819999568812,
              44.86609744268775
            ],
            [
              -93.25595421775063,
              44.86609744268775
            ]
          ]
        ]
      }
    },
    {
      "id": "349",
      "type": "Feature",
      "properties": {
        "cell_id": "r10_c28",
        "row": 10,
        "col": 28,
        "dominant_nbs": null,
        "dominant_nbs_score": null,
        "uhi_built_up": false,
        "shade_deficit": true,
        "high_daytime_lst": true,
        "limited_nocturnal_cooling": false,
        "high_social_exposure": false,
        "heat_mechanism_type": "high_daytime_lst",
        "heat_mechanism_code": 3,
        "heat_score": 0.6428207755088806,
        "heat_risk_score": 0.34150949120521545,
        "hazard_valid": true,
        "is_interpolated": false
      },
      "geometry": {
        "type": "Polygon",
        "coordinates": [
          [
            [
              -93.25370843981315,
              44.86609744268775
            ],
            [
              -93.25370843981315,
              44.86834322062523
            ],
            [
              -93.25595421775063,
              44.86834322062523
            ],
            [
              -93.25595421775063,
              44.86609744268775
            ],
            [
              -93.25370843981315,
              44.86609744268775
            ]
          ]
        ]
      }
    },
    {
      "id": "350",
      "type": "Feature",
      "properties": {
        "cell_id": "r10_c29",
        "row": 10,
        "col": 29,
        "dominant_nbs": null,
        "dominant_nbs_score": null,
        "uhi_built_up": false,
        "shade_deficit": true,
        "high_daytime_lst": true,
        "limited_nocturnal_cooling": false,
        "high_social_exposure": true,
        "heat_mechanism_type": "mixed",
        "heat_mechanism_code": 6,
        "heat_score": 0.6025763750076294,
        "heat_risk_score": 0.3713425099849701,
        "hazard_valid": true,
        "is_interpolated": false
      },
      "geometry": {
        "type": "Polygon",
        "coordinates": [
          [
            [
              -93.25146266187568,
              44.86609744268775
            ],
            [
              -93.25146266187568,
              44.86834322062523
            ],
            [
              -93.25370843981315,
              44.86834322062523
            ],
            [
              -93.25370843981315,
              44.86609744268775
            ],
            [
              -93.25146266187568,
              44.86609744268775
            ]
          ]
        ]
      }
    },
    {
      "id": "351",
      "type": "Feature",
      "properties": {
        "cell_id": "r10_c30",
        "row": 10,
        "col": 30,
        "dominant_nbs": null,
        "dominant_nbs_score": null,
        "uhi_built_up": false,
        "shade_deficit": true,
        "high_daytime_lst": true,
        "limited_nocturnal_cooling": false,
        "high_social_exposure": true,
        "heat_mechanism_type": "mixed",
        "heat_mechanism_code": 6,
        "heat_score": 0.6142030358314514,
        "heat_risk_score": 0.3737156391143799,
        "hazard_valid": true,
        "is_interpolated": false
      },
      "geometry": {
        "type": "Polygon",
        "coordinates": [
          [
            [
              -93.2492168839382,
              44.86609744268775
            ],
            [
              -93.2492168839382,
              44.86834322062523
            ],
            [
              -93.25146266187568,
              44.86834322062523
            ],
            [
              -93.25146266187568,
              44.86609744268775
            ],
            [
              -93.2492168839382,
              44.86609744268775
            ]
          ]
        ]
      }
    },
    {
      "id": "352",
      "type": "Feature",
      "properties": {
        "cell_id": "r10_c31",
        "row": 10,
        "col": 31,
        "dominant_nbs": null,
        "dominant_nbs_score": null,
        "uhi_built_up": false,
        "shade_deficit": true,
        "high_daytime_lst": true,
        "limited_nocturnal_cooling": false,
        "high_social_exposure": true,
        "heat_mechanism_type": "high_daytime_lst",
        "heat_mechanism_code": 3,
        "heat_score": 0.6339308023452759,
        "heat_risk_score": 0.37767472863197327,
        "hazard_valid": true,
        "is_interpolated": false
      },
      "geometry": {
        "type": "Polygon",
        "coordinates": [
          [
            [
              -93.24697110600073,
              44.86609744268775
            ],
            [
              -93.24697110600073,
              44.86834322062523
            ],
            [
              -93.2492168839382,
              44.86834322062523
            ],
            [
              -93.2492168839382,
              44.86609744268775
            ],
            [
              -93.24697110600073,
              44.86609744268775
            ]
          ]
        ]
      }
    },
    {
      "id": "353",
      "type": "Feature",
      "properties": {
        "cell_id": "r11_c0",
        "row": 11,
        "col": 0,
        "dominant_nbs": null,
        "dominant_nbs_score": null,
        "uhi_built_up": false,
        "shade_deficit": true,
        "high_daytime_lst": true,
        "limited_nocturnal_cooling": false,
        "high_social_exposure": true,
        "heat_mechanism_type": "mixed",
        "heat_mechanism_code": 6,
        "heat_score": 0.6223574280738831,
        "heat_risk_score": 0.5009413361549377,
        "hazard_valid": true,
        "is_interpolated": false
      },
      "geometry": {
        "type": "Polygon",
        "coordinates": [
          [
            [
              -93.31659022206253,
              44.86385166475027
            ],
            [
              -93.31659022206253,
              44.86609744268775
            ],
            [
              -93.318836,
              44.86609744268775
            ],
            [
              -93.318836,
              44.86385166475027
            ],
            [
              -93.31659022206253,
              44.86385166475027
            ]
          ]
        ]
      }
    },
    {
      "id": "354",
      "type": "Feature",
      "properties": {
        "cell_id": "r11_c1",
        "row": 11,
        "col": 1,
        "dominant_nbs": null,
        "dominant_nbs_score": null,
        "uhi_built_up": false,
        "shade_deficit": false,
        "high_daytime_lst": true,
        "limited_nocturnal_cooling": false,
        "high_social_exposure": true,
        "heat_mechanism_type": "mixed",
        "heat_mechanism_code": 6,
        "heat_score": 0.7681142687797546,
        "heat_risk_score": 0.5373395681381226,
        "hazard_valid": true,
        "is_interpolated": false
      },
      "geometry": {
        "type": "Polygon",
        "coordinates": [
          [
            [
              -93.31434444412506,
              44.86385166475027
            ],
            [
              -93.31434444412506,
              44.86609744268775
            ],
            [
              -93.31659022206253,
              44.86609744268775
            ],
            [
              -93.31659022206253,
              44.86385166475027
            ],
            [
              -93.31434444412506,
              44.86385166475027
            ]
          ]
        ]
      }
    },
    {
      "id": "355",
      "type": "Feature",
      "properties": {
        "cell_id": "r11_c2",
        "row": 11,
        "col": 2,
        "dominant_nbs": null,
        "dominant_nbs_score": null,
        "uhi_built_up": false,
        "shade_deficit": true,
        "high_daytime_lst": true,
        "limited_nocturnal_cooling": false,
        "high_social_exposure": true,
        "heat_mechanism_type": "mixed",
        "heat_mechanism_code": 6,
        "heat_score": 0.8234569430351257,
        "heat_risk_score": 0.5499466061592102,
        "hazard_valid": true,
        "is_interpolated": false
      },
      "geometry": {
        "type": "Polygon",
        "coordinates": [
          [
            [
              -93.31209866618757,
              44.86385166475027
            ],
            [
              -93.31209866618757,
              44.86609744268775
            ],
            [
              -93.31434444412506,
              44.86609744268775
            ],
            [
              -93.31434444412506,
              44.86385166475027
            ],
            [
              -93.31209866618757,
              44.86385166475027
            ]
          ]
        ]
      }
    },
    {
      "id": "356",
      "type": "Feature",
      "properties": {
        "cell_id": "r11_c3",
        "row": 11,
        "col": 3,
        "dominant_nbs": null,
        "dominant_nbs_score": null,
        "uhi_built_up": true,
        "shade_deficit": false,
        "high_daytime_lst": true,
        "limited_nocturnal_cooling": false,
        "high_social_exposure": true,
        "heat_mechanism_type": "mixed",
        "heat_mechanism_code": 6,
        "heat_score": 0.8817119002342224,
        "heat_risk_score": 0.5626208186149597,
        "hazard_valid": true,
        "is_interpolated": false
      },
      "geometry": {
        "type": "Polygon",
        "coordinates": [
          [
            [
              -93.30985288825009,
              44.86385166475027
            ],
            [
              -93.30985288825009,
              44.86609744268775
            ],
            [
              -93.31209866618757,
              44.86609744268775
            ],
            [
              -93.31209866618757,
              44.86385166475027
            ],
            [
              -93.30985288825009,
              44.86385166475027
            ]
          ]
        ]
      }
    },
    {
      "id": "357",
      "type": "Feature",
      "properties": {
        "cell_id": "r11_c4",
        "row": 11,
        "col": 4,
        "dominant_nbs": null,
        "dominant_nbs_score": null,
        "uhi_built_up": false,
        "shade_deficit": false,
        "high_daytime_lst": true,
        "limited_nocturnal_cooling": false,
        "high_social_exposure": true,
        "heat_mechanism_type": "mixed",
        "heat_mechanism_code": 6,
        "heat_score": 0.8472097516059875,
        "heat_risk_score": 0.5551843643188477,
        "hazard_valid": true,
        "is_interpolated": false
      },
      "geometry": {
        "type": "Polygon",
        "coordinates": [
          [
            [
              -93.30760711031262,
              44.86385166475027
            ],
            [
              -93.30760711031262,
              44.86609744268775
            ],
            [
              -93.30985288825009,
              44.86609744268775
            ],
            [
              -93.30985288825009,
              44.86385166475027
            ],
            [
              -93.30760711031262,
              44.86385166475027
            ]
          ]
        ]
      }
    },
    {
      "id": "358",
      "type": "Feature",
      "properties": {
        "cell_id": "r11_c5",
        "row": 11,
        "col": 5,
        "dominant_nbs": null,
        "dominant_nbs_score": null,
        "uhi_built_up": true,
        "shade_deficit": false,
        "high_daytime_lst": true,
        "limited_nocturnal_cooling": false,
        "high_social_exposure": false,
        "heat_mechanism_type": "mixed",
        "heat_mechanism_code": 6,
        "heat_score": 0.863128662109375,
        "heat_risk_score": 0.2926650941371918,
        "hazard_valid": true,
        "is_interpolated": false
      },
      "geometry": {
        "type": "Polygon",
        "coordinates": [
          [
            [
              -93.30536133237514,
              44.86385166475027
            ],
            [
              -93.30536133237514,
              44.86609744268775
            ],
            [
              -93.30760711031262,
              44.86609744268775
            ],
            [
              -93.30760711031262,
              44.86385166475027
            ],
            [
              -93.30536133237514,
              44.86385166475027
            ]
          ]
        ]
      }
    },
    {
      "id": "359",
      "type": "Feature",
      "properties": {
        "cell_id": "r11_c6",
        "row": 11,
        "col": 6,
        "dominant_nbs": null,
        "dominant_nbs_score": null,
        "uhi_built_up": true,
        "shade_deficit": true,
        "high_daytime_lst": true,
        "limited_nocturnal_cooling": false,
        "high_social_exposure": false,
        "heat_mechanism_type": "mixed",
        "heat_mechanism_code": 6,
        "heat_score": 0.8620710968971252,
        "heat_risk_score": 0.29254552721977234,
        "hazard_valid": true,
        "is_interpolated": false
      },
      "geometry": {
        "type": "Polygon",
        "coordinates": [
          [
            [
              -93.30311555443767,
              44.86385166475027
            ],
            [
              -93.30311555443767,
              44.86609744268775
            ],
            [
              -93.30536133237514,
              44.86609744268775
            ],
            [
              -93.30536133237514,
              44.86385166475027
            ],
            [
              -93.30311555443767,
              44.86385166475027
            ]
          ]
        ]
      }
    },
    {
      "id": "360",
      "type": "Feature",
      "properties": {
        "cell_id": "r11_c7",
        "row": 11,
        "col": 7,
        "dominant_nbs": null,
        "dominant_nbs_score": null,
        "uhi_built_up": false,
        "shade_deficit": false,
        "high_daytime_lst": true,
        "limited_nocturnal_cooling": false,
        "high_social_exposure": false,
        "heat_mechanism_type": "high_daytime_lst",
        "heat_mechanism_code": 3,
        "heat_score": 0.8771697878837585,
        "heat_risk_score": 0.29424357414245605,
        "hazard_valid": true,
        "is_interpolated": false
      },
      "geometry": {
        "type": "Polygon",
        "coordinates": [
          [
            [
              -93.30086977650018,
              44.86385166475027
            ],
            [
              -93.30086977650018,
              44.86609744268775
            ],
            [
              -93.30311555443767,
              44.86609744268775
            ],
            [
              -93.30311555443767,
              44.86385166475027
            ],
            [
              -93.30086977650018,
              44.86385166475027
            ]
          ]
        ]
      }
    },
    {
      "id": "361",
      "type": "Feature",
      "properties": {
        "cell_id": "r11_c8",
        "row": 11,
        "col": 8,
        "dominant_nbs": null,
        "dominant_nbs_score": null,
        "uhi_built_up": false,
        "shade_deficit": false,
        "high_daytime_lst": true,
        "limited_nocturnal_cooling": false,
        "high_social_exposure": false,
        "heat_mechanism_type": "high_daytime_lst",
        "heat_mechanism_code": 3,
        "heat_score": 0.8551678657531738,
        "heat_risk_score": 0.2917625308036804,
        "hazard_valid": true,
        "is_interpolated": false
      },
      "geometry": {
        "type": "Polygon",
        "coordinates": [
          [
            [
              -93.2986239985627,
              44.86385166475027
            ],
            [
              -93.2986239985627,
              44.86609744268775
            ],
            [
              -93.30086977650018,
              44.86609744268775
            ],
            [
              -93.30086977650018,
              44.86385166475027
            ],
            [
              -93.2986239985627,
              44.86385166475027
            ]
          ]
        ]
      }
    },
    {
      "id": "362",
      "type": "Feature",
      "properties": {
        "cell_id": "r11_c9",
        "row": 11,
        "col": 9,
        "dominant_nbs": null,
        "dominant_nbs_score": null,
        "uhi_built_up": false,
        "shade_deficit": false,
        "high_daytime_lst": true,
        "limited_nocturnal_cooling": false,
        "high_social_exposure": false,
        "heat_mechanism_type": "high_daytime_lst",
        "heat_mechanism_code": 3,
        "heat_score": 0.864436149597168,
        "heat_risk_score": null,
        "hazard_valid": true,
        "is_interpolated": false
      },
      "geometry": {
        "type": "Polygon",
        "coordinates": [
          [
            [
              -93.29637822062523,
              44.86385166475027
            ],
            [
              -93.29637822062523,
              44.86609744268775
            ],
            [
              -93.2986239985627,
              44.86609744268775
            ],
            [
              -93.2986239985627,
              44.86385166475027
            ],
            [
              -93.29637822062523,
              44.86385166475027
            ]
          ]
        ]
      }
    },
    {
      "id": "363",
      "type": "Feature",
      "properties": {
        "cell_id": "r11_c10",
        "row": 11,
        "col": 10,
        "dominant_nbs": null,
        "dominant_nbs_score": null,
        "uhi_built_up": false,
        "shade_deficit": false,
        "high_daytime_lst": true,
        "limited_nocturnal_cooling": false,
        "high_social_exposure": false,
        "heat_mechanism_type": "high_daytime_lst",
        "heat_mechanism_code": 3,
        "heat_score": 0.8626864552497864,
        "heat_risk_score": 0.3473113775253296,
        "hazard_valid": true,
        "is_interpolated": false
      },
      "geometry": {
        "type": "Polygon",
        "coordinates": [
          [
            [
              -93.29413244268775,
              44.86385166475027
            ],
            [
              -93.29413244268775,
              44.86609744268775
            ],
            [
              -93.29637822062523,
              44.86609744268775
            ],
            [
              -93.29637822062523,
              44.86385166475027
            ],
            [
              -93.29413244268775,
              44.86385166475027
            ]
          ]
        ]
      }
    },
    {
      "id": "364",
      "type": "Feature",
      "properties": {
        "cell_id": "r11_c11",
        "row": 11,
        "col": 11,
        "dominant_nbs": null,
        "dominant_nbs_score": null,
        "uhi_built_up": true,
        "shade_deficit": true,
        "high_daytime_lst": true,
        "limited_nocturnal_cooling": false,
        "high_social_exposure": false,
        "heat_mechanism_type": "mixed",
        "heat_mechanism_code": 6,
        "heat_score": 0.87109375,
        "heat_risk_score": 0.3484359681606293,
        "hazard_valid": true,
        "is_interpolated": false
      },
      "geometry": {
        "type": "Polygon",
        "coordinates": [
          [
            [
              -93.29188666475028,
              44.86385166475027
            ],
            [
              -93.29188666475028,
              44.86609744268775
            ],
            [
              -93.29413244268775,
              44.86609744268775
            ],
            [
              -93.29413244268775,
              44.86385166475027
            ],
            [
              -93.29188666475028,
              44.86385166475027
            ]
          ]
        ]
      }
    },
    {
      "id": "365",
      "type": "Feature",
      "properties": {
        "cell_id": "r11_c12",
        "row": 11,
        "col": 12,
        "dominant_nbs": null,
        "dominant_nbs_score": null,
        "uhi_built_up": true,
        "shade_deficit": false,
        "high_daytime_lst": true,
        "limited_nocturnal_cooling": false,
        "high_social_exposure": true,
        "heat_mechanism_type": "mixed",
        "heat_mechanism_code": 6,
        "heat_score": 0.890563428401947,
        "heat_risk_score": 0.35101282596588135,
        "hazard_valid": true,
        "is_interpolated": false
      },
      "geometry": {
        "type": "Polygon",
        "coordinates": [
          [
            [
              -93.28964088681279,
              44.86385166475027
            ],
            [
              -93.28964088681279,
              44.86609744268775
            ],
            [
              -93.29188666475028,
              44.86609744268775
            ],
            [
              -93.29188666475028,
              44.86385166475027
            ],
            [
              -93.28964088681279,
              44.86385166475027
            ]
          ]
        ]
      }
    },
    {
      "id": "366",
      "type": "Feature",
      "properties": {
        "cell_id": "r11_c13",
        "row": 11,
        "col": 13,
        "dominant_nbs": null,
        "dominant_nbs_score": null,
        "uhi_built_up": false,
        "shade_deficit": false,
        "high_daytime_lst": true,
        "limited_nocturnal_cooling": false,
        "high_social_exposure": false,
        "heat_mechanism_type": "high_daytime_lst",
        "heat_mechanism_code": 3,
        "heat_score": 0.8715078830718994,
        "heat_risk_score": 0.34849119186401367,
        "hazard_valid": true,
        "is_interpolated": false
      },
      "geometry": {
        "type": "Polygon",
        "coordinates": [
          [
            [
              -93.28739510887532,
              44.86385166475027
            ],
            [
              -93.28739510887532,
              44.86609744268775
            ],
            [
              -93.28964088681279,
              44.86609744268775
            ],
            [
              -93.28964088681279,
              44.86385166475027
            ],
            [
              -93.28739510887532,
              44.86385166475027
            ]
          ]
        ]
      }
    },
    {
      "id": "367",
      "type": "Feature",
      "properties": {
        "cell_id": "r11_c14",
        "row": 11,
        "col": 14,
        "dominant_nbs": null,
        "dominant_nbs_score": null,
        "uhi_built_up": false,
        "shade_deficit": false,
        "high_daytime_lst": true,
        "limited_nocturnal_cooling": false,
        "high_social_exposure": true,
        "heat_mechanism_type": "high_daytime_lst",
        "heat_mechanism_code": 3,
        "heat_score": 0.835759162902832,
        "heat_risk_score": 0.4184664785861969,
        "hazard_valid": true,
        "is_interpolated": false
      },
      "geometry": {
        "type": "Polygon",
        "coordinates": [
          [
            [
              -93.28514933093784,
              44.86385166475027
            ],
            [
              -93.28514933093784,
              44.86609744268775
            ],
            [
              -93.28739510887532,
              44.86609744268775
            ],
            [
              -93.28739510887532,
              44.86385166475027
            ],
            [
              -93.28514933093784,
              44.86385166475027
            ]
          ]
        ]
      }
    },
    {
      "id": "368",
      "type": "Feature",
      "properties": {
        "cell_id": "r11_c15",
        "row": 11,
        "col": 15,
        "dominant_nbs": null,
        "dominant_nbs_score": null,
        "uhi_built_up": false,
        "shade_deficit": false,
        "high_daytime_lst": true,
        "limited_nocturnal_cooling": false,
        "high_social_exposure": true,
        "heat_mechanism_type": "high_daytime_lst",
        "heat_mechanism_code": 3,
        "heat_score": 0.8457188606262207,
        "heat_risk_score": 0.4201222062110901,
        "hazard_valid": true,
        "is_interpolated": false
      },
      "geometry": {
        "type": "Polygon",
        "coordinates": [
          [
            [
              -93.28290355300037,
              44.86385166475027
            ],
            [
              -93.28290355300037,
              44.86609744268775
            ],
            [
              -93.28514933093784,
              44.86609744268775
            ],
            [
              -93.28514933093784,
              44.86385166475027
            ],
            [
              -93.28290355300037,
              44.86385166475027
            ]
          ]
        ]
      }
    },
    {
      "id": "369",
      "type": "Feature",
      "properties": {
        "cell_id": "r11_c16",
        "row": 11,
        "col": 16,
        "dominant_nbs": null,
        "dominant_nbs_score": null,
        "uhi_built_up": false,
        "shade_deficit": true,
        "high_daytime_lst": true,
        "limited_nocturnal_cooling": false,
        "high_social_exposure": true,
        "heat_mechanism_type": "high_daytime_lst",
        "heat_mechanism_code": 3,
        "heat_score": 0.8506937623023987,
        "heat_risk_score": 0.42094436287879944,
        "hazard_valid": true,
        "is_interpolated": false
      },
      "geometry": {
        "type": "Polygon",
        "coordinates": [
          [
            [
              -93.28065777506289,
              44.86385166475027
            ],
            [
              -93.28065777506289,
              44.86609744268775
            ],
            [
              -93.28290355300037,
              44.86609744268775
            ],
            [
              -93.28290355300037,
              44.86385166475027
            ],
            [
              -93.28065777506289,
              44.86385166475027
            ]
          ]
        ]
      }
    },
    {
      "id": "370",
      "type": "Feature",
      "properties": {
        "cell_id": "r11_c17",
        "row": 11,
        "col": 17,
        "dominant_nbs": null,
        "dominant_nbs_score": null,
        "uhi_built_up": true,
        "shade_deficit": true,
        "high_daytime_lst": true,
        "limited_nocturnal_cooling": false,
        "high_social_exposure": true,
        "heat_mechanism_type": "mixed",
        "heat_mechanism_code": 6,
        "heat_score": 0.8429649472236633,
        "heat_risk_score": 0.41966569423675537,
        "hazard_valid": true,
        "is_interpolated": false
      },
      "geometry": {
        "type": "Polygon",
        "coordinates": [
          [
            [
              -93.2784119971254,
              44.86385166475027
            ],
            [
              -93.2784119971254,
              44.86609744268775
            ],
            [
              -93.28065777506289,
              44.86609744268775
            ],
            [
              -93.28065777506289,
              44.86385166475027
            ],
            [
              -93.2784119971254,
              44.86385166475027
            ]
          ]
        ]
      }
    },
    {
      "id": "371",
      "type": "Feature",
      "properties": {
        "cell_id": "r11_c18",
        "row": 11,
        "col": 18,
        "dominant_nbs": null,
        "dominant_nbs_score": null,
        "uhi_built_up": false,
        "shade_deficit": true,
        "high_daytime_lst": true,
        "limited_nocturnal_cooling": false,
        "high_social_exposure": true,
        "heat_mechanism_type": "high_daytime_lst",
        "heat_mechanism_code": 3,
        "heat_score": 0.8339675068855286,
        "heat_risk_score": 0.35692670941352844,
        "hazard_valid": true,
        "is_interpolated": false
      },
      "geometry": {
        "type": "Polygon",
        "coordinates": [
          [
            [
              -93.27616621918793,
              44.86385166475027
            ],
            [
              -93.27616621918793,
              44.86609744268775
            ],
            [
              -93.2784119971254,
              44.86609744268775
            ],
            [
              -93.2784119971254,
              44.86385166475027
            ],
            [
              -93.27616621918793,
              44.86385166475027
            ]
          ]
        ]
      }
    },
    {
      "id": "372",
      "type": "Feature",
      "properties": {
        "cell_id": "r11_c19",
        "row": 11,
        "col": 19,
        "dominant_nbs": null,
        "dominant_nbs_score": null,
        "uhi_built_up": false,
        "shade_deficit": true,
        "high_daytime_lst": true,
        "limited_nocturnal_cooling": false,
        "high_social_exposure": true,
        "heat_mechanism_type": "high_daytime_lst",
        "heat_mechanism_code": 3,
        "heat_score": 0.8185694813728333,
        "heat_risk_score": 0.35471633076667786,
        "hazard_valid": true,
        "is_interpolated": false
      },
      "geometry": {
        "type": "Polygon",
        "coordinates": [
          [
            [
              -93.27392044125045,
              44.86385166475027
            ],
            [
              -93.27392044125045,
              44.86609744268775
            ],
            [
              -93.27616621918793,
              44.86609744268775
            ],
            [
              -93.27616621918793,
              44.86385166475027
            ],
            [
              -93.27392044125045,
              44.86385166475027
            ]
          ]
        ]
      }
    },
    {
      "id": "373",
      "type": "Feature",
      "properties": {
        "cell_id": "r11_c20",
        "row": 11,
        "col": 20,
        "dominant_nbs": null,
        "dominant_nbs_score": null,
        "uhi_built_up": false,
        "shade_deficit": false,
        "high_daytime_lst": true,
        "limited_nocturnal_cooling": false,
        "high_social_exposure": false,
        "heat_mechanism_type": "high_daytime_lst",
        "heat_mechanism_code": 3,
        "heat_score": 0.8090164065361023,
        "heat_risk_score": 0.20670917630195618,
        "hazard_valid": true,
        "is_interpolated": false
      },
      "geometry": {
        "type": "Polygon",
        "coordinates": [
          [
            [
              -93.27167466331298,
              44.86385166475027
            ],
            [
              -93.27167466331298,
              44.86609744268775
            ],
            [
              -93.27392044125045,
              44.86609744268775
            ],
            [
              -93.27392044125045,
              44.86385166475027
            ],
            [
              -93.27167466331298,
              44.86385166475027
            ]
          ]
        ]
      }
    },
    {
      "id": "374",
      "type": "Feature",
      "properties": {
        "cell_id": "r11_c21",
        "row": 11,
        "col": 21,
        "dominant_nbs": null,
        "dominant_nbs_score": null,
        "uhi_built_up": false,
        "shade_deficit": true,
        "high_daytime_lst": true,
        "limited_nocturnal_cooling": false,
        "high_social_exposure": false,
        "heat_mechanism_type": "mixed",
        "heat_mechanism_code": 6,
        "heat_score": 0.7820566296577454,
        "heat_risk_score": 0.20438705384731293,
        "hazard_valid": true,
        "is_interpolated": false
      },
      "geometry": {
        "type": "Polygon",
        "coordinates": [
          [
            [
              -93.2694288853755,
              44.86385166475027
            ],
            [
              -93.2694288853755,
              44.86609744268775
            ],
            [
              -93.27167466331298,
              44.86609744268775
            ],
            [
              -93.27167466331298,
              44.86385166475027
            ],
            [
              -93.2694288853755,
              44.86385166475027
            ]
          ]
        ]
      }
    },
    {
      "id": "375",
      "type": "Feature",
      "properties": {
        "cell_id": "r11_c22",
        "row": 11,
        "col": 22,
        "dominant_nbs": null,
        "dominant_nbs_score": null,
        "uhi_built_up": false,
        "shade_deficit": false,
        "high_daytime_lst": true,
        "limited_nocturnal_cooling": false,
        "high_social_exposure": false,
        "heat_mechanism_type": "high_daytime_lst",
        "heat_mechanism_code": 3,
        "heat_score": 0.8073875904083252,
        "heat_risk_score": 0.2065703421831131,
        "hazard_valid": true,
        "is_interpolated": false
      },
      "geometry": {
        "type": "Polygon",
        "coordinates": [
          [
            [
              -93.26718310743802,
              44.86385166475027
            ],
            [
              -93.26718310743802,
              44.86609744268775
            ],
            [
              -93.2694288853755,
              44.86609744268775
            ],
            [
              -93.2694288853755,
              44.86385166475027
            ],
            [
              -93.26718310743802,
              44.86385166475027
            ]
          ]
        ]
      }
    },
    {
      "id": "376",
      "type": "Feature",
      "properties": {
        "cell_id": "r11_c23",
        "row": 11,
        "col": 23,
        "dominant_nbs": null,
        "dominant_nbs_score": null,
        "uhi_built_up": false,
        "shade_deficit": true,
        "high_daytime_lst": true,
        "limited_nocturnal_cooling": false,
        "high_social_exposure": false,
        "heat_mechanism_type": "mixed",
        "heat_mechanism_code": 6,
        "heat_score": 0.7992592453956604,
        "heat_risk_score": 0.32762402296066284,
        "hazard_valid": true,
        "is_interpolated": false
      },
      "geometry": {
        "type": "Polygon",
        "coordinates": [
          [
            [
              -93.26493732950054,
              44.86385166475027
            ],
            [
              -93.26493732950054,
              44.86609744268775
            ],
            [
              -93.26718310743802,
              44.86609744268775
            ],
            [
              -93.26718310743802,
              44.86385166475027
            ],
            [
              -93.26493732950054,
              44.86385166475027
            ]
          ]
        ]
      }
    },
    {
      "id": "377",
      "type": "Feature",
      "properties": {
        "cell_id": "r11_c24",
        "row": 11,
        "col": 24,
        "dominant_nbs": null,
        "dominant_nbs_score": null,
        "uhi_built_up": true,
        "shade_deficit": false,
        "high_daytime_lst": true,
        "limited_nocturnal_cooling": false,
        "high_social_exposure": false,
        "heat_mechanism_type": "mixed",
        "heat_mechanism_code": 6,
        "heat_score": 0.8082929253578186,
        "heat_risk_score": 0.3288537263870239,
        "hazard_valid": true,
        "is_interpolated": false
      },
      "geometry": {
        "type": "Polygon",
        "coordinates": [
          [
            [
              -93.26269155156307,
              44.86385166475027
            ],
            [
              -93.26269155156307,
              44.86609744268775
            ],
            [
              -93.26493732950054,
              44.86609744268775
            ],
            [
              -93.26493732950054,
              44.86385166475027
            ],
            [
              -93.26269155156307,
              44.86385166475027
            ]
          ]
        ]
      }
    },
    {
      "id": "378",
      "type": "Feature",
      "properties": {
        "cell_id": "r11_c25",
        "row": 11,
        "col": 25,
        "dominant_nbs": null,
        "dominant_nbs_score": null,
        "uhi_built_up": true,
        "shade_deficit": false,
        "high_daytime_lst": true,
        "limited_nocturnal_cooling": false,
        "high_social_exposure": false,
        "heat_mechanism_type": "mixed",
        "heat_mechanism_code": 6,
        "heat_score": 0.6996776461601257,
        "heat_risk_score": 0.3134097754955292,
        "hazard_valid": true,
        "is_interpolated": false
      },
      "geometry": {
        "type": "Polygon",
        "coordinates": [
          [
            [
              -93.26044577362559,
              44.86385166475027
            ],
            [
              -93.26044577362559,
              44.86609744268775
            ],
            [
              -93.26269155156307,
              44.86609744268775
            ],
            [
              -93.26269155156307,
              44.86385166475027
            ],
            [
              -93.26044577362559,
              44.86385166475027
            ]
          ]
        ]
      }
    },
    {
      "id": "379",
      "type": "Feature",
      "properties": {
        "cell_id": "r11_c26",
        "row": 11,
        "col": 26,
        "dominant_nbs": null,
        "dominant_nbs_score": null,
        "uhi_built_up": false,
        "shade_deficit": true,
        "high_daytime_lst": true,
        "limited_nocturnal_cooling": false,
        "high_social_exposure": false,
        "heat_mechanism_type": "high_daytime_lst",
        "heat_mechanism_code": 3,
        "heat_score": 0.6854478716850281,
        "heat_risk_score": 0.311270534992218,
        "hazard_valid": true,
        "is_interpolated": false
      },
      "geometry": {
        "type": "Polygon",
        "coordinates": [
          [
            [
              -93.25819999568812,
              44.86385166475027
            ],
            [
              -93.25819999568812,
              44.86609744268775
            ],
            [
              -93.26044577362559,
              44.86609744268775
            ],
            [
              -93.26044577362559,
              44.86385166475027
            ],
            [
              -93.25819999568812,
              44.86385166475027
            ]
          ]
        ]
      }
    },
    {
      "id": "380",
      "type": "Feature",
      "properties": {
        "cell_id": "r11_c27",
        "row": 11,
        "col": 27,
        "dominant_nbs": null,
        "dominant_nbs_score": null,
        "uhi_built_up": false,
        "shade_deficit": false,
        "high_daytime_lst": true,
        "limited_nocturnal_cooling": false,
        "high_social_exposure": false,
        "heat_mechanism_type": "high_daytime_lst",
        "heat_mechanism_code": 3,
        "heat_score": 0.6828708648681641,
        "heat_risk_score": 0.34845951199531555,
        "hazard_valid": true,
        "is_interpolated": false
      },
      "geometry": {
        "type": "Polygon",
        "coordinates": [
          [
            [
              -93.25595421775063,
              44.86385166475027
            ],
            [
              -93.25595421775063,
              44.86609744268775
            ],
            [
              -93.25819999568812,
              44.86609744268775
            ],
            [
              -93.25819999568812,
              44.86385166475027
            ],
            [
              -93.25595421775063,
              44.86385166475027
            ]
          ]
        ]
      }
    },
    {
      "id": "381",
      "type": "Feature",
      "properties": {
        "cell_id": "r11_c28",
        "row": 11,
        "col": 28,
        "dominant_nbs": null,
        "dominant_nbs_score": null,
        "uhi_built_up": true,
        "shade_deficit": true,
        "high_daytime_lst": true,
        "limited_nocturnal_cooling": false,
        "high_social_exposure": false,
        "heat_mechanism_type": "mixed",
        "heat_mechanism_code": 6,
        "heat_score": 0.6773751378059387,
        "heat_risk_score": 0.34752219915390015,
        "hazard_valid": true,
        "is_interpolated": false
      },
      "geometry": {
        "type": "Polygon",
        "coordinates": [
          [
            [
              -93.25370843981315,
              44.86385166475027
            ],
            [
              -93.25370843981315,
              44.86609744268775
            ],
            [
              -93.25595421775063,
              44.86609744268775
            ],
            [
              -93.25595421775063,
              44.86385166475027
            ],
            [
              -93.25370843981315,
              44.86385166475027
            ]
          ]
        ]
      }
    },
    {
      "id": "382",
      "type": "Feature",
      "properties": {
        "cell_id": "r11_c29",
        "row": 11,
        "col": 29,
        "dominant_nbs": null,
        "dominant_nbs_score": null,
        "uhi_built_up": false,
        "shade_deficit": true,
        "high_daytime_lst": true,
        "limited_nocturnal_cooling": false,
        "high_social_exposure": true,
        "heat_mechanism_type": "high_daytime_lst",
        "heat_mechanism_code": 3,
        "heat_score": 0.6133679151535034,
        "heat_risk_score": 0.37354618310928345,
        "hazard_valid": true,
        "is_interpolated": false
      },
      "geometry": {
        "type": "Polygon",
        "coordinates": [
          [
            [
              -93.25146266187568,
              44.86385166475027
            ],
            [
              -93.25146266187568,
              44.86609744268775
            ],
            [
              -93.25370843981315,
              44.86609744268775
            ],
            [
              -93.25370843981315,
              44.86385166475027
            ],
            [
              -93.25146266187568,
              44.86385166475027
            ]
          ]
        ]
      }
    },
    {
      "id": "383",
      "type": "Feature",
      "properties": {
        "cell_id": "r11_c30",
        "row": 11,
        "col": 30,
        "dominant_nbs": null,
        "dominant_nbs_score": null,
        "uhi_built_up": false,
        "shade_deficit": false,
        "high_daytime_lst": true,
        "limited_nocturnal_cooling": false,
        "high_social_exposure": true,
        "heat_mechanism_type": "high_daytime_lst",
        "heat_mechanism_code": 3,
        "heat_score": 0.6262248158454895,
        "heat_risk_score": 0.3761381506919861,
        "hazard_valid": true,
        "is_interpolated": false
      },
      "geometry": {
        "type": "Polygon",
        "coordinates": [
          [
            [
              -93.2492168839382,
              44.86385166475027
            ],
            [
              -93.2492168839382,
              44.86609744268775
            ],
            [
              -93.25146266187568,
              44.86609744268775
            ],
            [
              -93.25146266187568,
              44.86385166475027
            ],
            [
              -93.2492168839382,
              44.86385166475027
            ]
          ]
        ]
      }
    },
    {
      "id": "384",
      "type": "Feature",
      "properties": {
        "cell_id": "r11_c31",
        "row": 11,
        "col": 31,
        "dominant_nbs": null,
        "dominant_nbs_score": null,
        "uhi_built_up": false,
        "shade_deficit": false,
        "high_daytime_lst": true,
        "limited_nocturnal_cooling": false,
        "high_social_exposure": true,
        "heat_mechanism_type": "high_daytime_lst",
        "heat_mechanism_code": 3,
        "heat_score": 0.6384742856025696,
        "heat_risk_score": 0.37857484817504883,
        "hazard_valid": true,
        "is_interpolated": false
      },
      "geometry": {
        "type": "Polygon",
        "coordinates": [
          [
            [
              -93.24697110600073,
              44.86385166475027
            ],
            [
              -93.24697110600073,
              44.86609744268775
            ],
            [
              -93.2492168839382,
              44.86609744268775
            ],
            [
              -93.2492168839382,
              44.86385166475027
            ],
            [
              -93.24697110600073,
              44.86385166475027
            ]
          ]
        ]
      }
    },
    {
      "id": "385",
      "type": "Feature",
      "properties": {
        "cell_id": "r12_c0",
        "row": 12,
        "col": 0,
        "dominant_nbs": null,
        "dominant_nbs_score": null,
        "uhi_built_up": false,
        "shade_deficit": false,
        "high_daytime_lst": true,
        "limited_nocturnal_cooling": false,
        "high_social_exposure": true,
        "heat_mechanism_type": "mixed",
        "heat_mechanism_code": 6,
        "heat_score": 0.6355905532836914,
        "heat_risk_score": 0.5044669508934021,
        "hazard_valid": true,
        "is_interpolated": false
      },
      "geometry": {
        "type": "Polygon",
        "coordinates": [
          [
            [
              -93.31659022206253,
              44.8616058868128
            ],
            [
              -93.31659022206253,
              44.86385166475027
            ],
            [
              -93.318836,
              44.86385166475027
            ],
            [
              -93.318836,
              44.8616058868128
            ],
            [
              -93.31659022206253,
              44.8616058868128
            ]
          ]
        ]
      }
    },
    {
      "id": "386",
      "type": "Feature",
      "properties": {
        "cell_id": "r12_c1",
        "row": 12,
        "col": 1,
        "dominant_nbs": null,
        "dominant_nbs_score": null,
        "uhi_built_up": false,
        "shade_deficit": false,
        "high_daytime_lst": true,
        "limited_nocturnal_cooling": false,
        "high_social_exposure": true,
        "heat_mechanism_type": "mixed",
        "heat_mechanism_code": 6,
        "heat_score": 0.7975871562957764,
        "heat_risk_score": 0.5441261529922485,
        "hazard_valid": true,
        "is_interpolated": false
      },
      "geometry": {
        "type": "Polygon",
        "coordinates": [
          [
            [
              -93.31434444412506,
              44.8616058868128
            ],
            [
              -93.31434444412506,
              44.86385166475027
            ],
            [
              -93.31659022206253,
              44.86385166475027
            ],
            [
              -93.31659022206253,
              44.8616058868128
            ],
            [
              -93.31434444412506,
              44.8616058868128
            ]
          ]
        ]
      }
    },
    {
      "id": "387",
      "type": "Feature",
      "properties": {
        "cell_id": "r12_c2",
        "row": 12,
        "col": 2,
        "dominant_nbs": null,
        "dominant_nbs_score": null,
        "uhi_built_up": false,
        "shade_deficit": false,
        "high_daytime_lst": true,
        "limited_nocturnal_cooling": false,
        "high_social_exposure": true,
        "heat_mechanism_type": "mixed",
        "heat_mechanism_code": 6,
        "heat_score": 0.8628520965576172,
        "heat_risk_score": 0.5585803985595703,
        "hazard_valid": true,
        "is_interpolated": false
      },
      "geometry": {
        "type": "Polygon",
        "coordinates": [
          [
            [
              -93.31209866618757,
              44.8616058868128
            ],
            [
              -93.31209866618757,
              44.86385166475027
            ],
            [
              -93.31434444412506,
              44.86385166475027
            ],
            [
              -93.31434444412506,
              44.8616058868128
            ],
            [
              -93.31209866618757,
              44.8616058868128
            ]
          ]
        ]
      }
    },
    {
      "id": "388",
      "type": "Feature",
      "properties": {
        "cell_id": "r12_c3",
        "row": 12,
        "col": 3,
        "dominant_nbs": null,
        "dominant_nbs_score": null,
        "uhi_built_up": false,
        "shade_deficit": false,
        "high_daytime_lst": true,
        "limited_nocturnal_cooling": false,
        "high_social_exposure": true,
        "heat_mechanism_type": "mixed",
        "heat_mechanism_code": 6,
        "heat_score": 0.875234067440033,
        "heat_risk_score": 0.5612396001815796,
        "hazard_valid": true,
        "is_interpolated": false
      },
      "geometry": {
        "type": "Polygon",
        "coordinates": [
          [
            [
              -93.30985288825009,
              44.8616058868128
            ],
            [
              -93.30985288825009,
              44.86385166475027
            ],
            [
              -93.31209866618757,
              44.86385166475027
            ],
            [
              -93.31209866618757,
              44.8616058868128
            ],
            [
              -93.30985288825009,
              44.8616058868128
            ]
          ]
        ]
      }
    },
    {
      "id": "389",
      "type": "Feature",
      "properties": {
        "cell_id": "r12_c4",
        "row": 12,
        "col": 4,
        "dominant_nbs": null,
        "dominant_nbs_score": null,
        "uhi_built_up": false,
        "shade_deficit": false,
        "high_daytime_lst": true,
        "limited_nocturnal_cooling": false,
        "high_social_exposure": true,
        "heat_mechanism_type": "mixed",
        "heat_mechanism_code": 6,
        "heat_score": 0.8448615074157715,
        "heat_risk_score": 0.5546709299087524,
        "hazard_valid": true,
        "is_interpolated": false
      },
      "geometry": {
        "type": "Polygon",
        "coordinates": [
          [
            [
              -93.30760711031262,
              44.8616058868128
            ],
            [
              -93.30760711031262,
              44.86385166475027
            ],
            [
              -93.30985288825009,
              44.86385166475027
            ],
            [
              -93.30985288825009,
              44.8616058868128
            ],
            [
              -93.30760711031262,
              44.8616058868128
            ]
          ]
        ]
      }
    },
    {
      "id": "390",
      "type": "Feature",
      "properties": {
        "cell_id": "r12_c5",
        "row": 12,
        "col": 5,
        "dominant_nbs": null,
        "dominant_nbs_score": null,
        "uhi_built_up": false,
        "shade_deficit": false,
        "high_daytime_lst": true,
        "limited_nocturnal_cooling": false,
        "high_social_exposure": false,
        "heat_mechanism_type": "high_daytime_lst",
        "heat_mechanism_code": 3,
        "heat_score": 0.8825729489326477,
        "heat_risk_score": 0.29484647512435913,
        "hazard_valid": true,
        "is_interpolated": false
      },
      "geometry": {
        "type": "Polygon",
        "coordinates": [
          [
            [
              -93.30536133237514,
              44.8616058868128
            ],
            [
              -93.30536133237514,
              44.86385166475027
            ],
            [
              -93.30760711031262,
              44.86385166475027
            ],
            [
              -93.30760711031262,
              44.8616058868128
            ],
            [
              -93.30536133237514,
              44.8616058868128
            ]
          ]
        ]
      }
    },
    {
      "id": "391",
      "type": "Feature",
      "properties": {
        "cell_id": "r12_c6",
        "row": 12,
        "col": 6,
        "dominant_nbs": null,
        "dominant_nbs_score": null,
        "uhi_built_up": false,
        "shade_deficit": false,
        "high_daytime_lst": true,
        "limited_nocturnal_cooling": false,
        "high_social_exposure": false,
        "heat_mechanism_type": "high_daytime_lst",
        "heat_mechanism_code": 3,
        "heat_score": 0.888131320476532,
        "heat_risk_score": 0.2954641580581665,
        "hazard_valid": true,
        "is_interpolated": false
      },
      "geometry": {
        "type": "Polygon",
        "coordinates": [
          [
            [
              -93.30311555443767,
              44.8616058868128
            ],
            [
              -93.30311555443767,
              44.86385166475027
            ],
            [
              -93.30536133237514,
              44.86385166475027
            ],
            [
              -93.30536133237514,
              44.8616058868128
            ],
            [
              -93.30311555443767,
              44.8616058868128
            ]
          ]
        ]
      }
    },
    {
      "id": "392",
      "type": "Feature",
      "properties": {
        "cell_id": "r12_c7",
        "row": 12,
        "col": 7,
        "dominant_nbs": null,
        "dominant_nbs_score": null,
        "uhi_built_up": false,
        "shade_deficit": false,
        "high_daytime_lst": true,
        "limited_nocturnal_cooling": false,
        "high_social_exposure": false,
        "heat_mechanism_type": "high_daytime_lst",
        "heat_mechanism_code": 3,
        "heat_score": 0.8943530917167664,
        "heat_risk_score": 0.2961525022983551,
        "hazard_valid": true,
        "is_interpolated": false
      },
      "geometry": {
        "type": "Polygon",
        "coordinates": [
          [
            [
              -93.30086977650018,
              44.8616058868128
            ],
            [
              -93.30086977650018,
              44.86385166475027
            ],
            [
              -93.30311555443767,
              44.86385166475027
            ],
            [
              -93.30311555443767,
              44.8616058868128
            ],
            [
              -93.30086977650018,
              44.8616058868128
            ]
          ]
        ]
      }
    },
    {
      "id": "393",
      "type": "Feature",
      "properties": {
        "cell_id": "r12_c8",
        "row": 12,
        "col": 8,
        "dominant_nbs": null,
        "dominant_nbs_score": null,
        "uhi_built_up": false,
        "shade_deficit": false,
        "high_daytime_lst": true,
        "limited_nocturnal_cooling": false,
        "high_social_exposure": false,
        "heat_mechanism_type": "high_daytime_lst",
        "heat_mechanism_code": 3,
        "heat_score": 0.8672997355461121,
        "heat_risk_score": 0.29313579201698303,
        "hazard_valid": true,
        "is_interpolated": false
      },
      "geometry": {
        "type": "Polygon",
        "coordinates": [
          [
            [
              -93.2986239985627,
              44.8616058868128
            ],
            [
              -93.2986239985627,
              44.86385166475027
            ],
            [
              -93.30086977650018,
              44.86385166475027
            ],
            [
              -93.30086977650018,
              44.8616058868128
            ],
            [
              -93.2986239985627,
              44.8616058868128
            ]
          ]
        ]
      }
    },
    {
      "id": "394",
      "type": "Feature",
      "properties": {
        "cell_id": "r12_c9",
        "row": 12,
        "col": 9,
        "dominant_nbs": null,
        "dominant_nbs_score": null,
        "uhi_built_up": false,
        "shade_deficit": false,
        "high_daytime_lst": true,
        "limited_nocturnal_cooling": false,
        "high_social_exposure": false,
        "heat_mechanism_type": "high_daytime_lst",
        "heat_mechanism_code": 3,
        "heat_score": 0.8764837384223938,
        "heat_risk_score": null,
        "hazard_valid": true,
        "is_interpolated": false
      },
      "geometry": {
        "type": "Polygon",
        "coordinates": [
          [
            [
              -93.29637822062523,
              44.8616058868128
            ],
            [
              -93.29637822062523,
              44.86385166475027
            ],
            [
              -93.2986239985627,
              44.86385166475027
            ],
            [
              -93.2986239985627,
              44.8616058868128
            ],
            [
              -93.29637822062523,
              44.8616058868128
            ]
          ]
        ]
      }
    },
    {
      "id": "395",
      "type": "Feature",
      "properties": {
        "cell_id": "r12_c10",
        "row": 12,
        "col": 10,
        "dominant_nbs": null,
        "dominant_nbs_score": null,
        "uhi_built_up": false,
        "shade_deficit": false,
        "high_daytime_lst": true,
        "limited_nocturnal_cooling": false,
        "high_social_exposure": false,
        "heat_mechanism_type": "high_daytime_lst",
        "heat_mechanism_code": 3,
        "heat_score": 0.8976383209228516,
        "heat_risk_score": null,
        "hazard_valid": true,
        "is_interpolated": false
      },
      "geometry": {
        "type": "Polygon",
        "coordinates": [
          [
            [
              -93.29413244268775,
              44.8616058868128
            ],
            [
              -93.29413244268775,
              44.86385166475027
            ],
            [
              -93.29637822062523,
              44.86385166475027
            ],
            [
              -93.29637822062523,
              44.8616058868128
            ],
            [
              -93.29413244268775,
              44.8616058868128
            ]
          ]
        ]
      }
    },
    {
      "id": "396",
      "type": "Feature",
      "properties": {
        "cell_id": "r12_c11",
        "row": 12,
        "col": 11,
        "dominant_nbs": null,
        "dominant_nbs_score": null,
        "uhi_built_up": true,
        "shade_deficit": false,
        "high_daytime_lst": true,
        "limited_nocturnal_cooling": false,
        "high_social_exposure": false,
        "heat_mechanism_type": "mixed",
        "heat_mechanism_code": 6,
        "heat_score": 0.9292502999305725,
        "heat_risk_score": null,
        "hazard_valid": true,
        "is_interpolated": false
      },
      "geometry": {
        "type": "Polygon",
        "coordinates": [
          [
            [
              -93.29188666475028,
              44.8616058868128
            ],
            [
              -93.29188666475028,
              44.86385166475027
            ],
            [
              -93.29413244268775,
              44.86385166475027
            ],
            [
              -93.29413244268775,
              44.8616058868128
            ],
            [
              -93.29188666475028,
              44.8616058868128
            ]
          ]
        ]
      }
    },
    {
      "id": "397",
      "type": "Feature",
      "properties": {
        "cell_id": "r12_c12",
        "row": 12,
        "col": 12,
        "dominant_nbs": null,
        "dominant_nbs_score": null,
        "uhi_built_up": false,
        "shade_deficit": false,
        "high_daytime_lst": true,
        "limited_nocturnal_cooling": false,
        "high_social_exposure": false,
        "heat_mechanism_type": "high_daytime_lst",
        "heat_mechanism_code": 3,
        "heat_score": 0.9244857430458069,
        "heat_risk_score": null,
        "hazard_valid": true,
        "is_interpolated": false
      },
      "geometry": {
        "type": "Polygon",
        "coordinates": [
          [
            [
              -93.28964088681279,
              44.8616058868128
            ],
            [
              -93.28964088681279,
              44.86385166475027
            ],
            [
              -93.29188666475028,
              44.86385166475027
            ],
            [
              -93.29188666475028,
              44.8616058868128
            ],
            [
              -93.28964088681279,
              44.8616058868128
            ]
          ]
        ]
      }
    },
    {
      "id": "398",
      "type": "Feature",
      "properties": {
        "cell_id": "r12_c13",
        "row": 12,
        "col": 13,
        "dominant_nbs": null,
        "dominant_nbs_score": null,
        "uhi_built_up": false,
        "shade_deficit": false,
        "high_daytime_lst": true,
        "limited_nocturnal_cooling": false,
        "high_social_exposure": false,
        "heat_mechanism_type": "high_daytime_lst",
        "heat_mechanism_code": 3,
        "heat_score": 0.8726752400398254,
        "heat_risk_score": null,
        "hazard_valid": true,
        "is_interpolated": false
      },
      "geometry": {
        "type": "Polygon",
        "coordinates": [
          [
            [
              -93.28739510887532,
              44.8616058868128
            ],
            [
              -93.28739510887532,
              44.86385166475027
            ],
            [
              -93.28964088681279,
              44.86385166475027
            ],
            [
              -93.28964088681279,
              44.8616058868128
            ],
            [
              -93.28739510887532,
              44.8616058868128
            ]
          ]
        ]
      }
    },
    {
      "id": "399",
      "type": "Feature",
      "properties": {
        "cell_id": "r12_c14",
        "row": 12,
        "col": 14,
        "dominant_nbs": null,
        "dominant_nbs_score": null,
        "uhi_built_up": true,
        "shade_deficit": false,
        "high_daytime_lst": true,
        "limited_nocturnal_cooling": false,
        "high_social_exposure": true,
        "heat_mechanism_type": "mixed",
        "heat_mechanism_code": 6,
        "heat_score": 0.8674409985542297,
        "heat_risk_score": 0.3616395890712738,
        "hazard_valid": true,
        "is_interpolated": false
      },
      "geometry": {
        "type": "Polygon",
        "coordinates": [
          [
            [
              -93.28514933093784,
              44.8616058868128
            ],
            [
              -93.28514933093784,
              44.86385166475027
            ],
            [
              -93.28739510887532,
              44.86385166475027
            ],
            [
              -93.28739510887532,
              44.8616058868128
            ],
            [
              -93.28514933093784,
              44.8616058868128
            ]
          ]
        ]
      }
    },
    {
      "id": "400",
      "type": "Feature",
      "properties": {
        "cell_id": "r12_c15",
        "row": 12,
        "col": 15,
        "dominant_nbs": null,
        "dominant_nbs_score": null,
        "uhi_built_up": true,
        "shade_deficit": false,
        "high_daytime_lst": true,
        "limited_nocturnal_cooling": false,
        "high_social_exposure": true,
        "heat_mechanism_type": "mixed",
        "heat_mechanism_code": 6,
        "heat_score": 0.8875576853752136,
        "heat_risk_score": 0.364413857460022,
        "hazard_valid": true,
        "is_interpolated": false
      },
      "geometry": {
        "type": "Polygon",
        "coordinates": [
          [
            [
              -93.28290355300037,
              44.8616058868128
            ],
            [
              -93.28290355300037,
              44.86385166475027
            ],
            [
              -93.28514933093784,
              44.86385166475027
            ],
            [
              -93.28514933093784,
              44.8616058868128
            ],
            [
              -93.28290355300037,
              44.8616058868128
            ]
          ]
        ]
      }
    },
    {
      "id": "401",
      "type": "Feature",
      "properties": {
        "cell_id": "r12_c16",
        "row": 12,
        "col": 16,
        "dominant_nbs": null,
        "dominant_nbs_score": null,
        "uhi_built_up": true,
        "shade_deficit": false,
        "high_daytime_lst": true,
        "limited_nocturnal_cooling": false,
        "high_social_exposure": true,
        "heat_mechanism_type": "mixed",
        "heat_mechanism_code": 6,
        "heat_score": 0.8930681347846985,
        "heat_risk_score": 0.36516645550727844,
        "hazard_valid": true,
        "is_interpolated": false
      },
      "geometry": {
        "type": "Polygon",
        "coordinates": [
          [
            [
              -93.28065777506289,
              44.8616058868128
            ],
            [
              -93.28065777506289,
              44.86385166475027
            ],
            [
              -93.28290355300037,
              44.86385166475027
            ],
            [
              -93.28290355300037,
              44.8616058868128
            ],
            [
              -93.28065777506289,
              44.8616058868128
            ]
          ]
        ]
      }
    },
    {
      "id": "402",
      "type": "Feature",
      "properties": {
        "cell_id": "r12_c17",
        "row": 12,
        "col": 17,
        "dominant_nbs": null,
        "dominant_nbs_score": null,
        "uhi_built_up": false,
        "shade_deficit": false,
        "high_daytime_lst": true,
        "limited_nocturnal_cooling": false,
        "high_social_exposure": true,
        "heat_mechanism_type": "high_daytime_lst",
        "heat_mechanism_code": 3,
        "heat_score": 0.8972020149230957,
        "heat_risk_score": 0.3657290041446686,
        "hazard_valid": true,
        "is_interpolated": false
      },
      "geometry": {
        "type": "Polygon",
        "coordinates": [
          [
            [
              -93.2784119971254,
              44.8616058868128
            ],
            [
              -93.2784119971254,
              44.86385166475027
            ],
            [
              -93.28065777506289,
              44.86385166475027
            ],
            [
              -93.28065777506289,
              44.8616058868128
            ],
            [
              -93.2784119971254,
              44.8616058868128
            ]
          ]
        ]
      }
    },
    {
      "id": "403",
      "type": "Feature",
      "properties": {
        "cell_id": "r12_c18",
        "row": 12,
        "col": 18,
        "dominant_nbs": null,
        "dominant_nbs_score": null,
        "uhi_built_up": false,
        "shade_deficit": false,
        "high_daytime_lst": true,
        "limited_nocturnal_cooling": false,
        "high_social_exposure": true,
        "heat_mechanism_type": "high_daytime_lst",
        "heat_mechanism_code": 3,
        "heat_score": 0.889775812625885,
        "heat_risk_score": 0.36471715569496155,
        "hazard_valid": true,
        "is_interpolated": false
      },
      "geometry": {
        "type": "Polygon",
        "coordinates": [
          [
            [
              -93.27616621918793,
              44.8616058868128
            ],
            [
              -93.27616621918793,
              44.86385166475027
            ],
            [
              -93.2784119971254,
              44.86385166475027
            ],
            [
              -93.2784119971254,
              44.8616058868128
            ],
            [
              -93.27616621918793,
              44.8616058868128
            ]
          ]
        ]
      }
    },
    {
      "id": "404",
      "type": "Feature",
      "properties": {
        "cell_id": "r12_c19",
        "row": 12,
        "col": 19,
        "dominant_nbs": null,
        "dominant_nbs_score": null,
        "uhi_built_up": true,
        "shade_deficit": false,
        "high_daytime_lst": true,
        "limited_nocturnal_cooling": false,
        "high_social_exposure": true,
        "heat_mechanism_type": "mixed",
        "heat_mechanism_code": 6,
        "heat_score": 0.8803626894950867,
        "heat_risk_score": 0.36342647671699524,
        "hazard_valid": true,
        "is_interpolated": false
      },
      "geometry": {
        "type": "Polygon",
        "coordinates": [
          [
            [
              -93.27392044125045,
              44.8616058868128
            ],
            [
              -93.27392044125045,
              44.86385166475027
            ],
            [
              -93.27616621918793,
              44.86385166475027
            ],
            [
              -93.27616621918793,
              44.8616058868128
            ],
            [
              -93.27392044125045,
              44.8616058868128
            ]
          ]
        ]
      }
    },
    {
      "id": "405",
      "type": "Feature",
      "properties": {
        "cell_id": "r12_c20",
        "row": 12,
        "col": 20,
        "dominant_nbs": null,
        "dominant_nbs_score": null,
        "uhi_built_up": false,
        "shade_deficit": false,
        "high_daytime_lst": true,
        "limited_nocturnal_cooling": false,
        "high_social_exposure": true,
        "heat_mechanism_type": "mixed",
        "heat_mechanism_code": 6,
        "heat_score": 0.8760921359062195,
        "heat_risk_score": 0.6747626066207886,
        "hazard_valid": true,
        "is_interpolated": false
      },
      "geometry": {
        "type": "Polygon",
        "coordinates": [
          [
            [
              -93.27167466331298,
              44.8616058868128
            ],
            [
              -93.27167466331298,
              44.86385166475027
            ],
            [
              -93.27392044125045,
              44.86385166475027
            ],
            [
              -93.27392044125045,
              44.8616058868128
            ],
            [
              -93.27167466331298,
              44.8616058868128
            ]
          ]
        ]
      }
    },
    {
      "id": "406",
      "type": "Feature",
      "properties": {
        "cell_id": "r12_c21",
        "row": 12,
        "col": 21,
        "dominant_nbs": null,
        "dominant_nbs_score": null,
        "uhi_built_up": true,
        "shade_deficit": false,
        "high_daytime_lst": true,
        "limited_nocturnal_cooling": false,
        "high_social_exposure": true,
        "heat_mechanism_type": "mixed",
        "heat_mechanism_code": 6,
        "heat_score": 0.8399203419685364,
        "heat_risk_score": 0.665345311164856,
        "hazard_valid": true,
        "is_interpolated": false
      },
      "geometry": {
        "type": "Polygon",
        "coordinates": [
          [
            [
              -93.2694288853755,
              44.8616058868128
            ],
            [
              -93.2694288853755,
              44.86385166475027
            ],
            [
              -93.27167466331298,
              44.86385166475027
            ],
            [
              -93.27167466331298,
              44.8616058868128
            ],
            [
              -93.2694288853755,
              44.8616058868128
            ]
          ]
        ]
      }
    },
    {
      "id": "407",
      "type": "Feature",
      "properties": {
        "cell_id": "r12_c22",
        "row": 12,
        "col": 22,
        "dominant_nbs": null,
        "dominant_nbs_score": null,
        "uhi_built_up": false,
        "shade_deficit": false,
        "high_daytime_lst": true,
        "limited_nocturnal_cooling": false,
        "high_social_exposure": true,
        "heat_mechanism_type": "mixed",
        "heat_mechanism_code": 6,
        "heat_score": 0.8541455864906311,
        "heat_risk_score": 0.6690804958343506,
        "hazard_valid": true,
        "is_interpolated": false
      },
      "geometry": {
        "type": "Polygon",
        "coordinates": [
          [
            [
              -93.26718310743802,
              44.8616058868128
            ],
            [
              -93.26718310743802,
              44.86385166475027
            ],
            [
              -93.2694288853755,
              44.86385166475027
            ],
            [
              -93.2694288853755,
              44.8616058868128
            ],
            [
              -93.26718310743802,
              44.8616058868128
            ]
          ]
        ]
      }
    },
    {
      "id": "408",
      "type": "Feature",
      "properties": {
        "cell_id": "r12_c23",
        "row": 12,
        "col": 23,
        "dominant_nbs": null,
        "dominant_nbs_score": null,
        "uhi_built_up": false,
        "shade_deficit": false,
        "high_daytime_lst": true,
        "limited_nocturnal_cooling": false,
        "high_social_exposure": true,
        "heat_mechanism_type": "mixed",
        "heat_mechanism_code": 6,
        "heat_score": 0.8504428267478943,
        "heat_risk_score": 0.6681122779846191,
        "hazard_valid": true,
        "is_interpolated": false
      },
      "geometry": {
        "type": "Polygon",
        "coordinates": [
          [
            [
              -93.26493732950054,
              44.8616058868128
            ],
            [
              -93.26493732950054,
              44.86385166475027
            ],
            [
              -93.26718310743802,
              44.86385166475027
            ],
            [
              -93.26718310743802,
              44.8616058868128
            ],
            [
              -93.26493732950054,
              44.8616058868128
            ]
          ]
        ]
      }
    },
    {
      "id": "409",
      "type": "Feature",
      "properties": {
        "cell_id": "r12_c24",
        "row": 12,
        "col": 24,
        "dominant_nbs": null,
        "dominant_nbs_score": null,
        "uhi_built_up": true,
        "shade_deficit": false,
        "high_daytime_lst": true,
        "limited_nocturnal_cooling": false,
        "high_social_exposure": true,
        "heat_mechanism_type": "mixed",
        "heat_mechanism_code": 6,
        "heat_score": 0.8302907347679138,
        "heat_risk_score": 0.6627928018569946,
        "hazard_valid": true,
        "is_interpolated": false
      },
      "geometry": {
        "type": "Polygon",
        "coordinates": [
          [
            [
              -93.26269155156307,
              44.8616058868128
            ],
            [
              -93.26269155156307,
              44.86385166475027
            ],
            [
              -93.26493732950054,
              44.86385166475027
            ],
            [
              -93.26493732950054,
              44.8616058868128
            ],
            [
              -93.26269155156307,
              44.8616058868128
            ]
          ]
        ]
      }
    },
    {
      "id": "410",
      "type": "Feature",
      "properties": {
        "cell_id": "r12_c25",
        "row": 12,
        "col": 25,
        "dominant_nbs": null,
        "dominant_nbs_score": null,
        "uhi_built_up": false,
        "shade_deficit": true,
        "high_daytime_lst": true,
        "limited_nocturnal_cooling": false,
        "high_social_exposure": true,
        "heat_mechanism_type": "mixed",
        "heat_mechanism_code": 6,
        "heat_score": 0.7117016911506653,
        "heat_risk_score": 0.629603385925293,
        "hazard_valid": true,
        "is_interpolated": false
      },
      "geometry": {
        "type": "Polygon",
        "coordinates": [
          [
            [
              -93.26044577362559,
              44.8616058868128
            ],
            [
              -93.26044577362559,
              44.86385166475027
            ],
            [
              -93.26269155156307,
              44.86385166475027
            ],
            [
              -93.26269155156307,
              44.8616058868128
            ],
            [
              -93.26044577362559,
              44.8616058868128
            ]
          ]
        ]
      }
    },
    {
      "id": "411",
      "type": "Feature",
      "properties": {
        "cell_id": "r12_c26",
        "row": 12,
        "col": 26,
        "dominant_nbs": null,
        "dominant_nbs_score": null,
        "uhi_built_up": false,
        "shade_deficit": false,
        "high_daytime_lst": true,
        "limited_nocturnal_cooling": false,
        "high_social_exposure": true,
        "heat_mechanism_type": "mixed",
        "heat_mechanism_code": 6,
        "heat_score": 0.7208945155143738,
        "heat_risk_score": 0.6323026418685913,
        "hazard_valid": true,
        "is_interpolated": false
      },
      "geometry": {
        "type": "Polygon",
        "coordinates": [
          [
            [
              -93.25819999568812,
              44.8616058868128
            ],
            [
              -93.25819999568812,
              44.86385166475027
            ],
            [
              -93.26044577362559,
              44.86385166475027
            ],
            [
              -93.26044577362559,
              44.8616058868128
            ],
            [
              -93.25819999568812,
              44.8616058868128
            ]
          ]
        ]
      }
    },
    {
      "id": "412",
      "type": "Feature",
      "properties": {
        "cell_id": "r12_c27",
        "row": 12,
        "col": 27,
        "dominant_nbs": null,
        "dominant_nbs_score": null,
        "uhi_built_up": false,
        "shade_deficit": false,
        "high_daytime_lst": true,
        "limited_nocturnal_cooling": false,
        "high_social_exposure": true,
        "heat_mechanism_type": "high_daytime_lst",
        "heat_mechanism_code": 3,
        "heat_score": 0.7279682159423828,
        "heat_risk_score": 0.3559674322605133,
        "hazard_valid": true,
        "is_interpolated": false
      },
      "geometry": {
        "type": "Polygon",
        "coordinates": [
          [
            [
              -93.25595421775063,
              44.8616058868128
            ],
            [
              -93.25595421775063,
              44.86385166475027
            ],
            [
              -93.25819999568812,
              44.86385166475027
            ],
            [
              -93.25819999568812,
              44.8616058868128
            ],
            [
              -93.25595421775063,
              44.8616058868128
            ]
          ]
        ]
      }
    },
    {
      "id": "413",
      "type": "Feature",
      "properties": {
        "cell_id": "r12_c28",
        "row": 12,
        "col": 28,
        "dominant_nbs": null,
        "dominant_nbs_score": null,
        "uhi_built_up": false,
        "shade_deficit": false,
        "high_daytime_lst": true,
        "limited_nocturnal_cooling": false,
        "high_social_exposure": true,
        "heat_mechanism_type": "high_daytime_lst",
        "heat_mechanism_code": 3,
        "heat_score": 0.7198387980461121,
        "heat_risk_score": 0.35463741421699524,
        "hazard_valid": true,
        "is_interpolated": false
      },
      "geometry": {
        "type": "Polygon",
        "coordinates": [
          [
            [
              -93.25370843981315,
              44.8616058868128
            ],
            [
              -93.25370843981315,
              44.86385166475027
            ],
            [
              -93.25595421775063,
              44.86385166475027
            ],
            [
              -93.25595421775063,
              44.8616058868128
            ],
            [
              -93.25370843981315,
              44.8616058868128
            ]
          ]
        ]
      }
    },
    {
      "id": "414",
      "type": "Feature",
      "properties": {
        "cell_id": "r12_c29",
        "row": 12,
        "col": 29,
        "dominant_nbs": null,
        "dominant_nbs_score": null,
        "uhi_built_up": false,
        "shade_deficit": false,
        "high_daytime_lst": true,
        "limited_nocturnal_cooling": false,
        "high_social_exposure": false,
        "heat_mechanism_type": "high_daytime_lst",
        "heat_mechanism_code": 3,
        "heat_score": 0.6452910900115967,
        "heat_risk_score": 0.34194639325141907,
        "hazard_valid": true,
        "is_interpolated": false
      },
      "geometry": {
        "type": "Polygon",
        "coordinates": [
          [
            [
              -93.25146266187568,
              44.8616058868128
            ],
            [
              -93.25146266187568,
              44.86385166475027
            ],
            [
              -93.25370843981315,
              44.86385166475027
            ],
            [
              -93.25370843981315,
              44.8616058868128
            ],
            [
              -93.25146266187568,
              44.8616058868128
            ]
          ]
        ]
      }
    },
    {
      "id": "415",
      "type": "Feature",
      "properties": {
        "cell_id": "r12_c30",
        "row": 12,
        "col": 30,
        "dominant_nbs": null,
        "dominant_nbs_score": null,
        "uhi_built_up": false,
        "shade_deficit": false,
        "high_daytime_lst": true,
        "limited_nocturnal_cooling": false,
        "high_social_exposure": false,
        "heat_mechanism_type": "high_daytime_lst",
        "heat_mechanism_code": 3,
        "heat_score": 0.6550382971763611,
        "heat_risk_score": 0.34365949034690857,
        "hazard_valid": true,
        "is_interpolated": false
      },
      "geometry": {
        "type": "Polygon",
        "coordinates": [
          [
            [
              -93.2492168839382,
              44.8616058868128
            ],
            [
              -93.2492168839382,
              44.86385166475027
            ],
            [
              -93.25146266187568,
              44.86385166475027
            ],
            [
              -93.25146266187568,
              44.8616058868128
            ],
            [
              -93.2492168839382,
              44.8616058868128
            ]
          ]
        ]
      }
    },
    {
      "id": "416",
      "type": "Feature",
      "properties": {
        "cell_id": "r12_c31",
        "row": 12,
        "col": 31,
        "dominant_nbs": null,
        "dominant_nbs_score": null,
        "uhi_built_up": false,
        "shade_deficit": false,
        "high_daytime_lst": true,
        "limited_nocturnal_cooling": false,
        "high_social_exposure": false,
        "heat_mechanism_type": "high_daytime_lst",
        "heat_mechanism_code": 3,
        "heat_score": 0.6324554681777954,
        "heat_risk_score": 0.33966395258903503,
        "hazard_valid": true,
        "is_interpolated": false
      },
      "geometry": {
        "type": "Polygon",
        "coordinates": [
          [
            [
              -93.24697110600073,
              44.8616058868128
            ],
            [
              -93.24697110600073,
              44.86385166475027
            ],
            [
              -93.2492168839382,
              44.86385166475027
            ],
            [
              -93.2492168839382,
              44.8616058868128
            ],
            [
              -93.24697110600073,
              44.8616058868128
            ]
          ]
        ]
      }
    }
  ]
}